index,load_bus,pd,qd,status,name,hour
32,54,0.013300000000000001,0.0076,1,32,1
29,46,0.0317,0.0181,1,29,1
1,2,0.03695,0.021,1,1,1
54,97,0.03665,0.0209,1,54,1
78,142,0.1863,0.10619999999999999,1,78,1
81,145,0.0877,0.05,1,81,1
101,190,0.08395,0.0478,1,101,1
2,4,0.0085,0.0048,1,2,1
30,47,0.0077,0.0044,1,30,1
74,138,0.01045,0.006,1,74,1
41,74,0.09380000000000001,0.0535,1,41,1
65,118,0.0197,0.011200000000000002,1,65,1
51,93,0.015300000000000001,0.0087,1,51,1
53,96,0.0148,0.0084,1,53,1
106,198,0.02685,0.015300000000000001,1,106,1
27,43,0.01045,0.0059,1,27,1
75,139,0.0342,0.0195,1,75,1
42,75,0.018000000000000002,0.0103,1,42,1
33,56,0.00655,0.0037,1,33,1
28,44,0.02075,0.0118,1,28,1
50,89,0.31425000000000003,0.1791,1,50,1
52,95,0.015,0.0085,1,52,1
63,111,0.0441,0.025099999999999997,1,63,1
92,175,0.03655,0.0208,1,92,1
88,171,0.0397,0.0226,1,88,1
93,176,0.09505000000000001,0.0542,1,93,1
26,42,0.053099999999999994,0.030299999999999997,1,26,1
10,19,0.00385,0.0022,1,10,1
77,141,0.0070999999999999995,0.0040999999999999995,1,77,1
24,40,0.0102,0.0058,1,24,1
87,163,0.22899999999999998,0.1305,1,87,1
58,106,0.0103,0.0059,1,58,1
25,41,0.1917,0.1093,1,25,1
23,39,0.03705,0.021099999999999997,1,23,1
49,88,0.24670000000000003,0.1406,1,49,1
59,107,0.26280000000000003,0.14980000000000002,1,59,1
5,10,0.2134,0.1216,1,5,1
31,48,0.0091,0.0052,1,31,1
89,172,0.0269,0.015300000000000001,1,89,1
62,110,0.054299999999999994,0.030899999999999997,1,62,1
43,80,0.0074,0.0042,1,43,1
90,173,0.043550000000000005,0.0248,1,90,1
39,62,0.10705,0.061,1,39,1
34,57,0.0141,0.008,1,34,1
44,82,0.038,0.0217,1,44,1
94,177,0.05644999999999999,0.0322,1,94,1
55,99,0.06085,0.0347,1,55,1
86,162,0.0072499999999999995,0.0040999999999999995,1,86,1
17,30,0.29545,0.1684,1,17,1
99,185,0.05395,0.030699999999999998,1,99,1
71,131,0.15125,0.0862,1,71,1
37,60,0.019,0.0108,1,37,1
47,85,0.02415,0.0138,1,47,1
9,18,0.0035499999999999998,0.002,1,9,1
73,137,0.0058,0.0033,1,73,1
82,148,0.16010000000000002,0.0913,1,82,1
12,21,0.02305,0.0131,1,12,1
79,143,0.13390000000000002,0.07629999999999999,1,79,1
20,35,0.1038,0.0592,1,20,1
6,12,0.0015,0.0009,1,6,1
84,158,0.04485,0.0256,1,84,1
80,144,0.045250000000000005,0.0258,1,80,1
104,193,0.10994999999999999,0.06269999999999999,1,104,1
98,184,0.05345,0.0305,1,98,1
70,130,0.022000000000000002,0.0125,1,70,1
14,24,0.012,0.0068000000000000005,1,14,1
7,13,0.0126,0.0072,1,7,1
96,180,0.0387,0.022099999999999998,1,96,1
57,101,0.0026,0.0015,1,57,1
8,16,0.2238,0.1276,1,8,1
64,117,0.1704,0.0971,1,64,1
19,33,0.0322,0.0184,1,19,1
91,174,0.01385,0.0079,1,91,1
107,199,0.0213,0.0121,1,107,1
102,191,0.03615,0.0206,1,102,1
69,129,0.3862,0.22010000000000002,1,69,1
60,108,0.0471,0.0268,1,60,1
97,181,0.23989999999999997,0.1367,1,97,1
4,8,0.11869999999999999,0.0677,1,4,1
22,38,0.14905,0.085,1,22,1
11,20,0.00565,0.0032,1,11,1
35,58,0.021150000000000002,0.0121,1,35,1
13,23,0.00705,0.004,1,13,1
15,26,0.006750000000000001,0.0039000000000000003,1,15,1
61,109,0.0258,0.0147,1,61,1
67,120,0.009000000000000001,0.0051,1,67,1
108,200,0.0467,0.026600000000000002,1,108,1
16,28,0.01165,0.0067,1,16,1
100,186,0.0105,0.006,1,100,1
40,63,0.039900000000000005,0.0227,1,40,1
21,37,0.017849999999999998,0.0102,1,21,1
38,61,0.10275000000000001,0.058600000000000006,1,38,1
46,84,0.01875,0.010700000000000001,1,46,1
72,132,0.1348,0.0768,1,72,1
83,157,0.0738,0.0421,1,83,1
45,83,0.015700000000000002,0.0089,1,45,1
68,122,0.07719999999999999,0.044000000000000004,1,68,1
56,100,0.18695,0.1066,1,56,1
36,59,0.02365,0.013500000000000002,1,36,1
66,119,0.08775000000000001,0.05,1,66,1
76,140,0.04105,0.023399999999999997,1,76,1
95,179,0.11805,0.0673,1,95,1
85,159,0.00695,0.004,1,85,1
48,86,0.04125,0.0235,1,48,1
18,32,0.00255,0.0015,1,18,1
103,192,0.2637,0.1503,1,103,1
105,194,0.18785,0.10710000000000001,1,105,1
3,6,0.03975,0.0226,1,3,1
32,54,0.013300000000000001,0.0076,1,32,2
29,46,0.0317,0.0181,1,29,2
1,2,0.03695,0.021,1,1,2
54,97,0.03665,0.0209,1,54,2
78,142,0.1863,0.10619999999999999,1,78,2
81,145,0.0877,0.05,1,81,2
101,190,0.08395,0.0478,1,101,2
2,4,0.0085,0.0048,1,2,2
30,47,0.0077,0.0044,1,30,2
74,138,0.01045,0.006,1,74,2
41,74,0.09380000000000001,0.0535,1,41,2
65,118,0.0197,0.011200000000000002,1,65,2
51,93,0.015300000000000001,0.0087,1,51,2
53,96,0.0148,0.0084,1,53,2
106,198,0.02685,0.015300000000000001,1,106,2
27,43,0.01045,0.0059,1,27,2
75,139,0.0342,0.0195,1,75,2
42,75,0.018000000000000002,0.0103,1,42,2
33,56,0.00655,0.0037,1,33,2
28,44,0.02075,0.0118,1,28,2
50,89,0.31425000000000003,0.1791,1,50,2
52,95,0.015,0.0085,1,52,2
63,111,0.0441,0.025099999999999997,1,63,2
92,175,0.03655,0.0208,1,92,2
88,171,0.0397,0.0226,1,88,2
93,176,0.09505000000000001,0.0542,1,93,2
26,42,0.053099999999999994,0.030299999999999997,1,26,2
10,19,0.00385,0.0022,1,10,2
77,141,0.0070999999999999995,0.0040999999999999995,1,77,2
24,40,0.0102,0.0058,1,24,2
87,163,0.22899999999999998,0.1305,1,87,2
58,106,0.0103,0.0059,1,58,2
25,41,0.1917,0.1093,1,25,2
23,39,0.03705,0.021099999999999997,1,23,2
49,88,0.24670000000000003,0.1406,1,49,2
59,107,0.26280000000000003,0.14980000000000002,1,59,2
5,10,0.2134,0.1216,1,5,2
31,48,0.0091,0.0052,1,31,2
89,172,0.0269,0.015300000000000001,1,89,2
62,110,0.054299999999999994,0.030899999999999997,1,62,2
43,80,0.0074,0.0042,1,43,2
90,173,0.043550000000000005,0.0248,1,90,2
39,62,0.10705,0.061,1,39,2
34,57,0.0141,0.008,1,34,2
44,82,0.038,0.0217,1,44,2
94,177,0.05644999999999999,0.0322,1,94,2
55,99,0.06085,0.0347,1,55,2
86,162,0.0072499999999999995,0.0040999999999999995,1,86,2
17,30,0.29545,0.1684,1,17,2
99,185,0.05395,0.030699999999999998,1,99,2
71,131,0.15125,0.0862,1,71,2
37,60,0.019,0.0108,1,37,2
47,85,0.02415,0.0138,1,47,2
9,18,0.0035499999999999998,0.002,1,9,2
73,137,0.0058,0.0033,1,73,2
82,148,0.16010000000000002,0.0913,1,82,2
12,21,0.02305,0.0131,1,12,2
79,143,0.13390000000000002,0.07629999999999999,1,79,2
20,35,0.1038,0.0592,1,20,2
6,12,0.0015,0.0009,1,6,2
84,158,0.04485,0.0256,1,84,2
80,144,0.045250000000000005,0.0258,1,80,2
104,193,0.10994999999999999,0.06269999999999999,1,104,2
98,184,0.05345,0.0305,1,98,2
70,130,0.022000000000000002,0.0125,1,70,2
14,24,0.012,0.0068000000000000005,1,14,2
7,13,0.0126,0.0072,1,7,2
96,180,0.0387,0.022099999999999998,1,96,2
57,101,0.0026,0.0015,1,57,2
8,16,0.2238,0.1276,1,8,2
64,117,0.1704,0.0971,1,64,2
19,33,0.0322,0.0184,1,19,2
91,174,0.01385,0.0079,1,91,2
107,199,0.0213,0.0121,1,107,2
102,191,0.03615,0.0206,1,102,2
69,129,0.3862,0.22010000000000002,1,69,2
60,108,0.0471,0.0268,1,60,2
97,181,0.23989999999999997,0.1367,1,97,2
4,8,0.11869999999999999,0.0677,1,4,2
22,38,0.14905,0.085,1,22,2
11,20,0.00565,0.0032,1,11,2
35,58,0.021150000000000002,0.0121,1,35,2
13,23,0.00705,0.004,1,13,2
15,26,0.006750000000000001,0.0039000000000000003,1,15,2
61,109,0.0258,0.0147,1,61,2
67,120,0.009000000000000001,0.0051,1,67,2
108,200,0.0467,0.026600000000000002,1,108,2
16,28,0.01165,0.0067,1,16,2
100,186,0.0105,0.006,1,100,2
40,63,0.039900000000000005,0.0227,1,40,2
21,37,0.017849999999999998,0.0102,1,21,2
38,61,0.10275000000000001,0.058600000000000006,1,38,2
46,84,0.01875,0.010700000000000001,1,46,2
72,132,0.1348,0.0768,1,72,2
83,157,0.0738,0.0421,1,83,2
45,83,0.015700000000000002,0.0089,1,45,2
68,122,0.07719999999999999,0.044000000000000004,1,68,2
56,100,0.18695,0.1066,1,56,2
36,59,0.02365,0.013500000000000002,1,36,2
66,119,0.08775000000000001,0.05,1,66,2
76,140,0.04105,0.023399999999999997,1,76,2
95,179,0.11805,0.0673,1,95,2
85,159,0.00695,0.004,1,85,2
48,86,0.04125,0.0235,1,48,2
18,32,0.00255,0.0015,1,18,2
103,192,0.2637,0.1503,1,103,2
105,194,0.18785,0.10710000000000001,1,105,2
3,6,0.03975,0.0226,1,3,2
32,54,0.013300000000000001,0.0076,1,32,3
29,46,0.0317,0.0181,1,29,3
1,2,0.03695,0.021,1,1,3
54,97,0.03665,0.0209,1,54,3
78,142,0.1863,0.10619999999999999,1,78,3
81,145,0.0877,0.05,1,81,3
101,190,0.08395,0.0478,1,101,3
2,4,0.0085,0.0048,1,2,3
30,47,0.0077,0.0044,1,30,3
74,138,0.01045,0.006,1,74,3
41,74,0.09380000000000001,0.0535,1,41,3
65,118,0.0197,0.011200000000000002,1,65,3
51,93,0.015300000000000001,0.0087,1,51,3
53,96,0.0148,0.0084,1,53,3
106,198,0.02685,0.015300000000000001,1,106,3
27,43,0.01045,0.0059,1,27,3
75,139,0.0342,0.0195,1,75,3
42,75,0.018000000000000002,0.0103,1,42,3
33,56,0.00655,0.0037,1,33,3
28,44,0.02075,0.0118,1,28,3
50,89,0.31425000000000003,0.1791,1,50,3
52,95,0.015,0.0085,1,52,3
63,111,0.0441,0.025099999999999997,1,63,3
92,175,0.03655,0.0208,1,92,3
88,171,0.0397,0.0226,1,88,3
93,176,0.09505000000000001,0.0542,1,93,3
26,42,0.053099999999999994,0.030299999999999997,1,26,3
10,19,0.00385,0.0022,1,10,3
77,141,0.0070999999999999995,0.0040999999999999995,1,77,3
24,40,0.0102,0.0058,1,24,3
87,163,0.22899999999999998,0.1305,1,87,3
58,106,0.0103,0.0059,1,58,3
25,41,0.1917,0.1093,1,25,3
23,39,0.03705,0.021099999999999997,1,23,3
49,88,0.24670000000000003,0.1406,1,49,3
59,107,0.26280000000000003,0.14980000000000002,1,59,3
5,10,0.2134,0.1216,1,5,3
31,48,0.0091,0.0052,1,31,3
89,172,0.0269,0.015300000000000001,1,89,3
62,110,0.054299999999999994,0.030899999999999997,1,62,3
43,80,0.0074,0.0042,1,43,3
90,173,0.043550000000000005,0.0248,1,90,3
39,62,0.10705,0.061,1,39,3
34,57,0.0141,0.008,1,34,3
44,82,0.038,0.0217,1,44,3
94,177,0.05644999999999999,0.0322,1,94,3
55,99,0.06085,0.0347,1,55,3
86,162,0.0072499999999999995,0.0040999999999999995,1,86,3
17,30,0.29545,0.1684,1,17,3
99,185,0.05395,0.030699999999999998,1,99,3
71,131,0.15125,0.0862,1,71,3
37,60,0.019,0.0108,1,37,3
47,85,0.02415,0.0138,1,47,3
9,18,0.0035499999999999998,0.002,1,9,3
73,137,0.0058,0.0033,1,73,3
82,148,0.16010000000000002,0.0913,1,82,3
12,21,0.02305,0.0131,1,12,3
79,143,0.13390000000000002,0.07629999999999999,1,79,3
20,35,0.1038,0.0592,1,20,3
6,12,0.0015,0.0009,1,6,3
84,158,0.04485,0.0256,1,84,3
80,144,0.045250000000000005,0.0258,1,80,3
104,193,0.10994999999999999,0.06269999999999999,1,104,3
98,184,0.05345,0.0305,1,98,3
70,130,0.022000000000000002,0.0125,1,70,3
14,24,0.012,0.0068000000000000005,1,14,3
7,13,0.0126,0.0072,1,7,3
96,180,0.0387,0.022099999999999998,1,96,3
57,101,0.0026,0.0015,1,57,3
8,16,0.2238,0.1276,1,8,3
64,117,0.1704,0.0971,1,64,3
19,33,0.0322,0.0184,1,19,3
91,174,0.01385,0.0079,1,91,3
107,199,0.0213,0.0121,1,107,3
102,191,0.03615,0.0206,1,102,3
69,129,0.3862,0.22010000000000002,1,69,3
60,108,0.0471,0.0268,1,60,3
97,181,0.23989999999999997,0.1367,1,97,3
4,8,0.11869999999999999,0.0677,1,4,3
22,38,0.14905,0.085,1,22,3
11,20,0.00565,0.0032,1,11,3
35,58,0.021150000000000002,0.0121,1,35,3
13,23,0.00705,0.004,1,13,3
15,26,0.006750000000000001,0.0039000000000000003,1,15,3
61,109,0.0258,0.0147,1,61,3
67,120,0.009000000000000001,0.0051,1,67,3
108,200,0.0467,0.026600000000000002,1,108,3
16,28,0.01165,0.0067,1,16,3
100,186,0.0105,0.006,1,100,3
40,63,0.039900000000000005,0.0227,1,40,3
21,37,0.017849999999999998,0.0102,1,21,3
38,61,0.10275000000000001,0.058600000000000006,1,38,3
46,84,0.01875,0.010700000000000001,1,46,3
72,132,0.1348,0.0768,1,72,3
83,157,0.0738,0.0421,1,83,3
45,83,0.015700000000000002,0.0089,1,45,3
68,122,0.07719999999999999,0.044000000000000004,1,68,3
56,100,0.18695,0.1066,1,56,3
36,59,0.02365,0.013500000000000002,1,36,3
66,119,0.08775000000000001,0.05,1,66,3
76,140,0.04105,0.023399999999999997,1,76,3
95,179,0.11805,0.0673,1,95,3
85,159,0.00695,0.004,1,85,3
48,86,0.04125,0.0235,1,48,3
18,32,0.00255,0.0015,1,18,3
103,192,0.2637,0.1503,1,103,3
105,194,0.18785,0.10710000000000001,1,105,3
3,6,0.03975,0.0226,1,3,3
32,54,0.013300000000000001,0.0076,1,32,4
29,46,0.0317,0.0181,1,29,4
1,2,0.03695,0.021,1,1,4
54,97,0.03665,0.0209,1,54,4
78,142,0.1863,0.10619999999999999,1,78,4
81,145,0.0877,0.05,1,81,4
101,190,0.08395,0.0478,1,101,4
2,4,0.0085,0.0048,1,2,4
30,47,0.0077,0.0044,1,30,4
74,138,0.01045,0.006,1,74,4
41,74,0.09380000000000001,0.0535,1,41,4
65,118,0.0197,0.011200000000000002,1,65,4
51,93,0.015300000000000001,0.0087,1,51,4
53,96,0.0148,0.0084,1,53,4
106,198,0.02685,0.015300000000000001,1,106,4
27,43,0.01045,0.0059,1,27,4
75,139,0.0342,0.0195,1,75,4
42,75,0.018000000000000002,0.0103,1,42,4
33,56,0.00655,0.0037,1,33,4
28,44,0.02075,0.0118,1,28,4
50,89,0.31425000000000003,0.1791,1,50,4
52,95,0.015,0.0085,1,52,4
63,111,0.0441,0.025099999999999997,1,63,4
92,175,0.03655,0.0208,1,92,4
88,171,0.0397,0.0226,1,88,4
93,176,0.09505000000000001,0.0542,1,93,4
26,42,0.053099999999999994,0.030299999999999997,1,26,4
10,19,0.00385,0.0022,1,10,4
77,141,0.0070999999999999995,0.0040999999999999995,1,77,4
24,40,0.0102,0.0058,1,24,4
87,163,0.22899999999999998,0.1305,1,87,4
58,106,0.0103,0.0059,1,58,4
25,41,0.1917,0.1093,1,25,4
23,39,0.03705,0.021099999999999997,1,23,4
49,88,0.24670000000000003,0.1406,1,49,4
59,107,0.26280000000000003,0.14980000000000002,1,59,4
5,10,0.2134,0.1216,1,5,4
31,48,0.0091,0.0052,1,31,4
89,172,0.0269,0.015300000000000001,1,89,4
62,110,0.054299999999999994,0.030899999999999997,1,62,4
43,80,0.0074,0.0042,1,43,4
90,173,0.043550000000000005,0.0248,1,90,4
39,62,0.10705,0.061,1,39,4
34,57,0.0141,0.008,1,34,4
44,82,0.038,0.0217,1,44,4
94,177,0.05644999999999999,0.0322,1,94,4
55,99,0.06085,0.0347,1,55,4
86,162,0.0072499999999999995,0.0040999999999999995,1,86,4
17,30,0.29545,0.1684,1,17,4
99,185,0.05395,0.030699999999999998,1,99,4
71,131,0.15125,0.0862,1,71,4
37,60,0.019,0.0108,1,37,4
47,85,0.02415,0.0138,1,47,4
9,18,0.0035499999999999998,0.002,1,9,4
73,137,0.0058,0.0033,1,73,4
82,148,0.16010000000000002,0.0913,1,82,4
12,21,0.02305,0.0131,1,12,4
79,143,0.13390000000000002,0.07629999999999999,1,79,4
20,35,0.1038,0.0592,1,20,4
6,12,0.0015,0.0009,1,6,4
84,158,0.04485,0.0256,1,84,4
80,144,0.045250000000000005,0.0258,1,80,4
104,193,0.10994999999999999,0.06269999999999999,1,104,4
98,184,0.05345,0.0305,1,98,4
70,130,0.022000000000000002,0.0125,1,70,4
14,24,0.012,0.0068000000000000005,1,14,4
7,13,0.0126,0.0072,1,7,4
96,180,0.0387,0.022099999999999998,1,96,4
57,101,0.0026,0.0015,1,57,4
8,16,0.2238,0.1276,1,8,4
64,117,0.1704,0.0971,1,64,4
19,33,0.0322,0.0184,1,19,4
91,174,0.01385,0.0079,1,91,4
107,199,0.0213,0.0121,1,107,4
102,191,0.03615,0.0206,1,102,4
69,129,0.3862,0.22010000000000002,1,69,4
60,108,0.0471,0.0268,1,60,4
97,181,0.23989999999999997,0.1367,1,97,4
4,8,0.11869999999999999,0.0677,1,4,4
22,38,0.14905,0.085,1,22,4
11,20,0.00565,0.0032,1,11,4
35,58,0.021150000000000002,0.0121,1,35,4
13,23,0.00705,0.004,1,13,4
15,26,0.006750000000000001,0.0039000000000000003,1,15,4
61,109,0.0258,0.0147,1,61,4
67,120,0.009000000000000001,0.0051,1,67,4
108,200,0.0467,0.026600000000000002,1,108,4
16,28,0.01165,0.0067,1,16,4
100,186,0.0105,0.006,1,100,4
40,63,0.039900000000000005,0.0227,1,40,4
21,37,0.017849999999999998,0.0102,1,21,4
38,61,0.10275000000000001,0.058600000000000006,1,38,4
46,84,0.01875,0.010700000000000001,1,46,4
72,132,0.1348,0.0768,1,72,4
83,157,0.0738,0.0421,1,83,4
45,83,0.015700000000000002,0.0089,1,45,4
68,122,0.07719999999999999,0.044000000000000004,1,68,4
56,100,0.18695,0.1066,1,56,4
36,59,0.02365,0.013500000000000002,1,36,4
66,119,0.08775000000000001,0.05,1,66,4
76,140,0.04105,0.023399999999999997,1,76,4
95,179,0.11805,0.0673,1,95,4
85,159,0.00695,0.004,1,85,4
48,86,0.04125,0.0235,1,48,4
18,32,0.00255,0.0015,1,18,4
103,192,0.2637,0.1503,1,103,4
105,194,0.18785,0.10710000000000001,1,105,4
3,6,0.03975,0.0226,1,3,4
32,54,0.013300000000000001,0.0076,1,32,5
29,46,0.0317,0.0181,1,29,5
1,2,0.03695,0.021,1,1,5
54,97,0.03665,0.0209,1,54,5
78,142,0.1863,0.10619999999999999,1,78,5
81,145,0.0877,0.05,1,81,5
101,190,0.08395,0.0478,1,101,5
2,4,0.0085,0.0048,1,2,5
30,47,0.0077,0.0044,1,30,5
74,138,0.01045,0.006,1,74,5
41,74,0.09380000000000001,0.0535,1,41,5
65,118,0.0197,0.011200000000000002,1,65,5
51,93,0.015300000000000001,0.0087,1,51,5
53,96,0.0148,0.0084,1,53,5
106,198,0.02685,0.015300000000000001,1,106,5
27,43,0.01045,0.0059,1,27,5
75,139,0.0342,0.0195,1,75,5
42,75,0.018000000000000002,0.0103,1,42,5
33,56,0.00655,0.0037,1,33,5
28,44,0.02075,0.0118,1,28,5
50,89,0.31425000000000003,0.1791,1,50,5
52,95,0.015,0.0085,1,52,5
63,111,0.0441,0.025099999999999997,1,63,5
92,175,0.03655,0.0208,1,92,5
88,171,0.0397,0.0226,1,88,5
93,176,0.09505000000000001,0.0542,1,93,5
26,42,0.053099999999999994,0.030299999999999997,1,26,5
10,19,0.00385,0.0022,1,10,5
77,141,0.0070999999999999995,0.0040999999999999995,1,77,5
24,40,0.0102,0.0058,1,24,5
87,163,0.22899999999999998,0.1305,1,87,5
58,106,0.0103,0.0059,1,58,5
25,41,0.1917,0.1093,1,25,5
23,39,0.03705,0.021099999999999997,1,23,5
49,88,0.24670000000000003,0.1406,1,49,5
59,107,0.26280000000000003,0.14980000000000002,1,59,5
5,10,0.2134,0.1216,1,5,5
31,48,0.0091,0.0052,1,31,5
89,172,0.0269,0.015300000000000001,1,89,5
62,110,0.054299999999999994,0.030899999999999997,1,62,5
43,80,0.0074,0.0042,1,43,5
90,173,0.043550000000000005,0.0248,1,90,5
39,62,0.10705,0.061,1,39,5
34,57,0.0141,0.008,1,34,5
44,82,0.038,0.0217,1,44,5
94,177,0.05644999999999999,0.0322,1,94,5
55,99,0.06085,0.0347,1,55,5
86,162,0.0072499999999999995,0.0040999999999999995,1,86,5
17,30,0.29545,0.1684,1,17,5
99,185,0.05395,0.030699999999999998,1,99,5
71,131,0.15125,0.0862,1,71,5
37,60,0.019,0.0108,1,37,5
47,85,0.02415,0.0138,1,47,5
9,18,0.0035499999999999998,0.002,1,9,5
73,137,0.0058,0.0033,1,73,5
82,148,0.16010000000000002,0.0913,1,82,5
12,21,0.02305,0.0131,1,12,5
79,143,0.13390000000000002,0.07629999999999999,1,79,5
20,35,0.1038,0.0592,1,20,5
6,12,0.0015,0.0009,1,6,5
84,158,0.04485,0.0256,1,84,5
80,144,0.045250000000000005,0.0258,1,80,5
104,193,0.10994999999999999,0.06269999999999999,1,104,5
98,184,0.05345,0.0305,1,98,5
70,130,0.022000000000000002,0.0125,1,70,5
14,24,0.012,0.0068000000000000005,1,14,5
7,13,0.0126,0.0072,1,7,5
96,180,0.0387,0.022099999999999998,1,96,5
57,101,0.0026,0.0015,1,57,5
8,16,0.2238,0.1276,1,8,5
64,117,0.1704,0.0971,1,64,5
19,33,0.0322,0.0184,1,19,5
91,174,0.01385,0.0079,1,91,5
107,199,0.0213,0.0121,1,107,5
102,191,0.03615,0.0206,1,102,5
69,129,0.3862,0.22010000000000002,1,69,5
60,108,0.0471,0.0268,1,60,5
97,181,0.23989999999999997,0.1367,1,97,5
4,8,0.11869999999999999,0.0677,1,4,5
22,38,0.14905,0.085,1,22,5
11,20,0.00565,0.0032,1,11,5
35,58,0.021150000000000002,0.0121,1,35,5
13,23,0.00705,0.004,1,13,5
15,26,0.006750000000000001,0.0039000000000000003,1,15,5
61,109,0.0258,0.0147,1,61,5
67,120,0.009000000000000001,0.0051,1,67,5
108,200,0.0467,0.026600000000000002,1,108,5
16,28,0.01165,0.0067,1,16,5
100,186,0.0105,0.006,1,100,5
40,63,0.039900000000000005,0.0227,1,40,5
21,37,0.017849999999999998,0.0102,1,21,5
38,61,0.10275000000000001,0.058600000000000006,1,38,5
46,84,0.01875,0.010700000000000001,1,46,5
72,132,0.1348,0.0768,1,72,5
83,157,0.0738,0.0421,1,83,5
45,83,0.015700000000000002,0.0089,1,45,5
68,122,0.07719999999999999,0.044000000000000004,1,68,5
56,100,0.18695,0.1066,1,56,5
36,59,0.02365,0.013500000000000002,1,36,5
66,119,0.08775000000000001,0.05,1,66,5
76,140,0.04105,0.023399999999999997,1,76,5
95,179,0.11805,0.0673,1,95,5
85,159,0.00695,0.004,1,85,5
48,86,0.04125,0.0235,1,48,5
18,32,0.00255,0.0015,1,18,5
103,192,0.2637,0.1503,1,103,5
105,194,0.18785,0.10710000000000001,1,105,5
3,6,0.03975,0.0226,1,3,5
32,54,0.013300000000000001,0.0076,1,32,6
29,46,0.0317,0.0181,1,29,6
1,2,0.03695,0.021,1,1,6
54,97,0.03665,0.0209,1,54,6
78,142,0.1863,0.10619999999999999,1,78,6
81,145,0.0877,0.05,1,81,6
101,190,0.08395,0.0478,1,101,6
2,4,0.0085,0.0048,1,2,6
30,47,0.0077,0.0044,1,30,6
74,138,0.01045,0.006,1,74,6
41,74,0.09380000000000001,0.0535,1,41,6
65,118,0.0197,0.011200000000000002,1,65,6
51,93,0.015300000000000001,0.0087,1,51,6
53,96,0.0148,0.0084,1,53,6
106,198,0.02685,0.015300000000000001,1,106,6
27,43,0.01045,0.0059,1,27,6
75,139,0.0342,0.0195,1,75,6
42,75,0.018000000000000002,0.0103,1,42,6
33,56,0.00655,0.0037,1,33,6
28,44,0.02075,0.0118,1,28,6
50,89,0.31425000000000003,0.1791,1,50,6
52,95,0.015,0.0085,1,52,6
63,111,0.0441,0.025099999999999997,1,63,6
92,175,0.03655,0.0208,1,92,6
88,171,0.0397,0.0226,1,88,6
93,176,0.09505000000000001,0.0542,1,93,6
26,42,0.053099999999999994,0.030299999999999997,1,26,6
10,19,0.00385,0.0022,1,10,6
77,141,0.0070999999999999995,0.0040999999999999995,1,77,6
24,40,0.0102,0.0058,1,24,6
87,163,0.22899999999999998,0.1305,1,87,6
58,106,0.0103,0.0059,1,58,6
25,41,0.1917,0.1093,1,25,6
23,39,0.03705,0.021099999999999997,1,23,6
49,88,0.24670000000000003,0.1406,1,49,6
59,107,0.26280000000000003,0.14980000000000002,1,59,6
5,10,0.2134,0.1216,1,5,6
31,48,0.0091,0.0052,1,31,6
89,172,0.0269,0.015300000000000001,1,89,6
62,110,0.054299999999999994,0.030899999999999997,1,62,6
43,80,0.0074,0.0042,1,43,6
90,173,0.043550000000000005,0.0248,1,90,6
39,62,0.10705,0.061,1,39,6
34,57,0.0141,0.008,1,34,6
44,82,0.038,0.0217,1,44,6
94,177,0.05644999999999999,0.0322,1,94,6
55,99,0.06085,0.0347,1,55,6
86,162,0.0072499999999999995,0.0040999999999999995,1,86,6
17,30,0.29545,0.1684,1,17,6
99,185,0.05395,0.030699999999999998,1,99,6
71,131,0.15125,0.0862,1,71,6
37,60,0.019,0.0108,1,37,6
47,85,0.02415,0.0138,1,47,6
9,18,0.0035499999999999998,0.002,1,9,6
73,137,0.0058,0.0033,1,73,6
82,148,0.16010000000000002,0.0913,1,82,6
12,21,0.02305,0.0131,1,12,6
79,143,0.13390000000000002,0.07629999999999999,1,79,6
20,35,0.1038,0.0592,1,20,6
6,12,0.0015,0.0009,1,6,6
84,158,0.04485,0.0256,1,84,6
80,144,0.045250000000000005,0.0258,1,80,6
104,193,0.10994999999999999,0.06269999999999999,1,104,6
98,184,0.05345,0.0305,1,98,6
70,130,0.022000000000000002,0.0125,1,70,6
14,24,0.012,0.0068000000000000005,1,14,6
7,13,0.0126,0.0072,1,7,6
96,180,0.0387,0.022099999999999998,1,96,6
57,101,0.0026,0.0015,1,57,6
8,16,0.2238,0.1276,1,8,6
64,117,0.1704,0.0971,1,64,6
19,33,0.0322,0.0184,1,19,6
91,174,0.01385,0.0079,1,91,6
107,199,0.0213,0.0121,1,107,6
102,191,0.03615,0.0206,1,102,6
69,129,0.3862,0.22010000000000002,1,69,6
60,108,0.0471,0.0268,1,60,6
97,181,0.23989999999999997,0.1367,1,97,6
4,8,0.11869999999999999,0.0677,1,4,6
22,38,0.14905,0.085,1,22,6
11,20,0.00565,0.0032,1,11,6
35,58,0.021150000000000002,0.0121,1,35,6
13,23,0.00705,0.004,1,13,6
15,26,0.006750000000000001,0.0039000000000000003,1,15,6
61,109,0.0258,0.0147,1,61,6
67,120,0.009000000000000001,0.0051,1,67,6
108,200,0.0467,0.026600000000000002,1,108,6
16,28,0.01165,0.0067,1,16,6
100,186,0.0105,0.006,1,100,6
40,63,0.039900000000000005,0.0227,1,40,6
21,37,0.017849999999999998,0.0102,1,21,6
38,61,0.10275000000000001,0.058600000000000006,1,38,6
46,84,0.01875,0.010700000000000001,1,46,6
72,132,0.1348,0.0768,1,72,6
83,157,0.0738,0.0421,1,83,6
45,83,0.015700000000000002,0.0089,1,45,6
68,122,0.07719999999999999,0.044000000000000004,1,68,6
56,100,0.18695,0.1066,1,56,6
36,59,0.02365,0.013500000000000002,1,36,6
66,119,0.08775000000000001,0.05,1,66,6
76,140,0.04105,0.023399999999999997,1,76,6
95,179,0.11805,0.0673,1,95,6
85,159,0.00695,0.004,1,85,6
48,86,0.04125,0.0235,1,48,6
18,32,0.00255,0.0015,1,18,6
103,192,0.2637,0.1503,1,103,6
105,194,0.18785,0.10710000000000001,1,105,6
3,6,0.03975,0.0226,1,3,6
32,54,0.023940000000000003,0.0076,1,32,7
29,46,0.05706,0.0181,1,29,7
1,2,0.06651,0.021,1,1,7
54,97,0.06597,0.0209,1,54,7
78,142,0.33533999999999997,0.10619999999999999,1,78,7
81,145,0.15786,0.05,1,81,7
101,190,0.15111,0.0478,1,101,7
2,4,0.015300000000000001,0.0048,1,2,7
30,47,0.01386,0.0044,1,30,7
74,138,0.01881,0.006,1,74,7
41,74,0.16884000000000002,0.0535,1,41,7
65,118,0.03546,0.011200000000000002,1,65,7
51,93,0.027540000000000002,0.0087,1,51,7
53,96,0.02664,0.0084,1,53,7
106,198,0.04833,0.015300000000000001,1,106,7
27,43,0.01881,0.0059,1,27,7
75,139,0.061560000000000004,0.0195,1,75,7
42,75,0.032400000000000005,0.0103,1,42,7
33,56,0.01179,0.0037,1,33,7
28,44,0.03735,0.0118,1,28,7
50,89,0.5656500000000001,0.1791,1,50,7
52,95,0.027,0.0085,1,52,7
63,111,0.07938,0.025099999999999997,1,63,7
92,175,0.06579,0.0208,1,92,7
88,171,0.07146,0.0226,1,88,7
93,176,0.17109000000000002,0.0542,1,93,7
26,42,0.09558,0.030299999999999997,1,26,7
10,19,0.00693,0.0022,1,10,7
77,141,0.01278,0.0040999999999999995,1,77,7
24,40,0.01836,0.0058,1,24,7
87,163,0.41219999999999996,0.1305,1,87,7
58,106,0.01854,0.0059,1,58,7
25,41,0.34506000000000003,0.1093,1,25,7
23,39,0.06669,0.021099999999999997,1,23,7
49,88,0.44406000000000007,0.1406,1,49,7
59,107,0.47304000000000007,0.14980000000000002,1,59,7
5,10,0.38412,0.1216,1,5,7
31,48,0.016380000000000002,0.0052,1,31,7
89,172,0.048420000000000005,0.015300000000000001,1,89,7
62,110,0.09774,0.030899999999999997,1,62,7
43,80,0.01332,0.0042,1,43,7
90,173,0.07839000000000002,0.0248,1,90,7
39,62,0.19269000000000003,0.061,1,39,7
34,57,0.02538,0.008,1,34,7
44,82,0.0684,0.0217,1,44,7
94,177,0.10160999999999999,0.0322,1,94,7
55,99,0.10953,0.0347,1,55,7
86,162,0.013049999999999999,0.0040999999999999995,1,86,7
17,30,0.53181,0.1684,1,17,7
99,185,0.09711,0.030699999999999998,1,99,7
71,131,0.27225,0.0862,1,71,7
37,60,0.0342,0.0108,1,37,7
47,85,0.04347,0.0138,1,47,7
9,18,0.00639,0.002,1,9,7
73,137,0.01044,0.0033,1,73,7
82,148,0.28818000000000005,0.0913,1,82,7
12,21,0.041490000000000006,0.0131,1,12,7
79,143,0.24102000000000004,0.07629999999999999,1,79,7
20,35,0.18684,0.0592,1,20,7
6,12,0.0027,0.0009,1,6,7
84,158,0.08073000000000001,0.0256,1,84,7
80,144,0.08145000000000001,0.0258,1,80,7
104,193,0.19791,0.06269999999999999,1,104,7
98,184,0.09621,0.0305,1,98,7
70,130,0.0396,0.0125,1,70,7
14,24,0.0216,0.0068000000000000005,1,14,7
7,13,0.022680000000000002,0.0072,1,7,7
96,180,0.06966,0.022099999999999998,1,96,7
57,101,0.00468,0.0015,1,57,7
8,16,0.40284000000000003,0.1276,1,8,7
64,117,0.30672,0.0971,1,64,7
19,33,0.05796,0.0184,1,19,7
91,174,0.02493,0.0079,1,91,7
107,199,0.03834,0.0121,1,107,7
102,191,0.06507,0.0206,1,102,7
69,129,0.69516,0.22010000000000002,1,69,7
60,108,0.08478000000000001,0.0268,1,60,7
97,181,0.43182,0.1367,1,97,7
4,8,0.21366,0.0677,1,4,7
22,38,0.26829,0.085,1,22,7
11,20,0.01017,0.0032,1,11,7
35,58,0.03807000000000001,0.0121,1,35,7
13,23,0.01269,0.004,1,13,7
15,26,0.012150000000000001,0.0039000000000000003,1,15,7
61,109,0.04644,0.0147,1,61,7
67,120,0.016200000000000003,0.0051,1,67,7
108,200,0.08406,0.026600000000000002,1,108,7
16,28,0.020970000000000003,0.0067,1,16,7
100,186,0.0189,0.006,1,100,7
40,63,0.07182000000000001,0.0227,1,40,7
21,37,0.03213,0.0102,1,21,7
38,61,0.18495000000000003,0.058600000000000006,1,38,7
46,84,0.03375,0.010700000000000001,1,46,7
72,132,0.24264000000000002,0.0768,1,72,7
83,157,0.13284,0.0421,1,83,7
45,83,0.028260000000000004,0.0089,1,45,7
68,122,0.13896,0.044000000000000004,1,68,7
56,100,0.33651000000000003,0.1066,1,56,7
36,59,0.042570000000000004,0.013500000000000002,1,36,7
66,119,0.15795,0.05,1,66,7
76,140,0.07389000000000001,0.023399999999999997,1,76,7
95,179,0.21249,0.0673,1,95,7
85,159,0.01251,0.004,1,85,7
48,86,0.07425000000000001,0.0235,1,48,7
18,32,0.00459,0.0015,1,18,7
103,192,0.47465999999999997,0.1503,1,103,7
105,194,0.33813,0.10710000000000001,1,105,7
3,6,0.07155,0.0226,1,3,7
32,54,0.023940000000000003,0.0076,1,32,8
29,46,0.05706,0.0181,1,29,8
1,2,0.06651,0.021,1,1,8
54,97,0.06597,0.0209,1,54,8
78,142,0.33533999999999997,0.10619999999999999,1,78,8
81,145,0.15786,0.05,1,81,8
101,190,0.15111,0.0478,1,101,8
2,4,0.015300000000000001,0.0048,1,2,8
30,47,0.01386,0.0044,1,30,8
74,138,0.01881,0.006,1,74,8
41,74,0.16884000000000002,0.0535,1,41,8
65,118,0.03546,0.011200000000000002,1,65,8
51,93,0.027540000000000002,0.0087,1,51,8
53,96,0.02664,0.0084,1,53,8
106,198,0.04833,0.015300000000000001,1,106,8
27,43,0.01881,0.0059,1,27,8
75,139,0.061560000000000004,0.0195,1,75,8
42,75,0.032400000000000005,0.0103,1,42,8
33,56,0.01179,0.0037,1,33,8
28,44,0.03735,0.0118,1,28,8
50,89,0.5656500000000001,0.1791,1,50,8
52,95,0.027,0.0085,1,52,8
63,111,0.07938,0.025099999999999997,1,63,8
92,175,0.06579,0.0208,1,92,8
88,171,0.07146,0.0226,1,88,8
93,176,0.17109000000000002,0.0542,1,93,8
26,42,0.09558,0.030299999999999997,1,26,8
10,19,0.00693,0.0022,1,10,8
77,141,0.01278,0.0040999999999999995,1,77,8
24,40,0.01836,0.0058,1,24,8
87,163,0.41219999999999996,0.1305,1,87,8
58,106,0.01854,0.0059,1,58,8
25,41,0.34506000000000003,0.1093,1,25,8
23,39,0.06669,0.021099999999999997,1,23,8
49,88,0.44406000000000007,0.1406,1,49,8
59,107,0.47304000000000007,0.14980000000000002,1,59,8
5,10,0.38412,0.1216,1,5,8
31,48,0.016380000000000002,0.0052,1,31,8
89,172,0.048420000000000005,0.015300000000000001,1,89,8
62,110,0.09774,0.030899999999999997,1,62,8
43,80,0.01332,0.0042,1,43,8
90,173,0.07839000000000002,0.0248,1,90,8
39,62,0.19269000000000003,0.061,1,39,8
34,57,0.02538,0.008,1,34,8
44,82,0.0684,0.0217,1,44,8
94,177,0.10160999999999999,0.0322,1,94,8
55,99,0.10953,0.0347,1,55,8
86,162,0.013049999999999999,0.0040999999999999995,1,86,8
17,30,0.53181,0.1684,1,17,8
99,185,0.09711,0.030699999999999998,1,99,8
71,131,0.27225,0.0862,1,71,8
37,60,0.0342,0.0108,1,37,8
47,85,0.04347,0.0138,1,47,8
9,18,0.00639,0.002,1,9,8
73,137,0.01044,0.0033,1,73,8
82,148,0.28818000000000005,0.0913,1,82,8
12,21,0.041490000000000006,0.0131,1,12,8
79,143,0.24102000000000004,0.07629999999999999,1,79,8
20,35,0.18684,0.0592,1,20,8
6,12,0.0027,0.0009,1,6,8
84,158,0.08073000000000001,0.0256,1,84,8
80,144,0.08145000000000001,0.0258,1,80,8
104,193,0.19791,0.06269999999999999,1,104,8
98,184,0.09621,0.0305,1,98,8
70,130,0.0396,0.0125,1,70,8
14,24,0.0216,0.0068000000000000005,1,14,8
7,13,0.022680000000000002,0.0072,1,7,8
96,180,0.06966,0.022099999999999998,1,96,8
57,101,0.00468,0.0015,1,57,8
8,16,0.40284000000000003,0.1276,1,8,8
64,117,0.30672,0.0971,1,64,8
19,33,0.05796,0.0184,1,19,8
91,174,0.02493,0.0079,1,91,8
107,199,0.03834,0.0121,1,107,8
102,191,0.06507,0.0206,1,102,8
69,129,0.69516,0.22010000000000002,1,69,8
60,108,0.08478000000000001,0.0268,1,60,8
97,181,0.43182,0.1367,1,97,8
4,8,0.21366,0.0677,1,4,8
22,38,0.26829,0.085,1,22,8
11,20,0.01017,0.0032,1,11,8
35,58,0.03807000000000001,0.0121,1,35,8
13,23,0.01269,0.004,1,13,8
15,26,0.012150000000000001,0.0039000000000000003,1,15,8
61,109,0.04644,0.0147,1,61,8
67,120,0.016200000000000003,0.0051,1,67,8
108,200,0.08406,0.026600000000000002,1,108,8
16,28,0.020970000000000003,0.0067,1,16,8
100,186,0.0189,0.006,1,100,8
40,63,0.07182000000000001,0.0227,1,40,8
21,37,0.03213,0.0102,1,21,8
38,61,0.18495000000000003,0.058600000000000006,1,38,8
46,84,0.03375,0.010700000000000001,1,46,8
72,132,0.24264000000000002,0.0768,1,72,8
83,157,0.13284,0.0421,1,83,8
45,83,0.028260000000000004,0.0089,1,45,8
68,122,0.13896,0.044000000000000004,1,68,8
56,100,0.33651000000000003,0.1066,1,56,8
36,59,0.042570000000000004,0.013500000000000002,1,36,8
66,119,0.15795,0.05,1,66,8
76,140,0.07389000000000001,0.023399999999999997,1,76,8
95,179,0.21249,0.0673,1,95,8
85,159,0.01251,0.004,1,85,8
48,86,0.07425000000000001,0.0235,1,48,8
18,32,0.00459,0.0015,1,18,8
103,192,0.47465999999999997,0.1503,1,103,8
105,194,0.33813,0.10710000000000001,1,105,8
3,6,0.07155,0.0226,1,3,8
32,54,0.023940000000000003,0.0076,1,32,9
29,46,0.05706,0.0181,1,29,9
1,2,0.06651,0.021,1,1,9
54,97,0.06597,0.0209,1,54,9
78,142,0.33533999999999997,0.10619999999999999,1,78,9
81,145,0.15786,0.05,1,81,9
101,190,0.15111,0.0478,1,101,9
2,4,0.015300000000000001,0.0048,1,2,9
30,47,0.01386,0.0044,1,30,9
74,138,0.01881,0.006,1,74,9
41,74,0.16884000000000002,0.0535,1,41,9
65,118,0.03546,0.011200000000000002,1,65,9
51,93,0.027540000000000002,0.0087,1,51,9
53,96,0.02664,0.0084,1,53,9
106,198,0.04833,0.015300000000000001,1,106,9
27,43,0.01881,0.0059,1,27,9
75,139,0.061560000000000004,0.0195,1,75,9
42,75,0.032400000000000005,0.0103,1,42,9
33,56,0.01179,0.0037,1,33,9
28,44,0.03735,0.0118,1,28,9
50,89,0.5656500000000001,0.1791,1,50,9
52,95,0.027,0.0085,1,52,9
63,111,0.07938,0.025099999999999997,1,63,9
92,175,0.06579,0.0208,1,92,9
88,171,0.07146,0.0226,1,88,9
93,176,0.17109000000000002,0.0542,1,93,9
26,42,0.09558,0.030299999999999997,1,26,9
10,19,0.00693,0.0022,1,10,9
77,141,0.01278,0.0040999999999999995,1,77,9
24,40,0.01836,0.0058,1,24,9
87,163,0.41219999999999996,0.1305,1,87,9
58,106,0.01854,0.0059,1,58,9
25,41,0.34506000000000003,0.1093,1,25,9
23,39,0.06669,0.021099999999999997,1,23,9
49,88,0.44406000000000007,0.1406,1,49,9
59,107,0.47304000000000007,0.14980000000000002,1,59,9
5,10,0.38412,0.1216,1,5,9
31,48,0.016380000000000002,0.0052,1,31,9
89,172,0.048420000000000005,0.015300000000000001,1,89,9
62,110,0.09774,0.030899999999999997,1,62,9
43,80,0.01332,0.0042,1,43,9
90,173,0.07839000000000002,0.0248,1,90,9
39,62,0.19269000000000003,0.061,1,39,9
34,57,0.02538,0.008,1,34,9
44,82,0.0684,0.0217,1,44,9
94,177,0.10160999999999999,0.0322,1,94,9
55,99,0.10953,0.0347,1,55,9
86,162,0.013049999999999999,0.0040999999999999995,1,86,9
17,30,0.53181,0.1684,1,17,9
99,185,0.09711,0.030699999999999998,1,99,9
71,131,0.27225,0.0862,1,71,9
37,60,0.0342,0.0108,1,37,9
47,85,0.04347,0.0138,1,47,9
9,18,0.00639,0.002,1,9,9
73,137,0.01044,0.0033,1,73,9
82,148,0.28818000000000005,0.0913,1,82,9
12,21,0.041490000000000006,0.0131,1,12,9
79,143,0.24102000000000004,0.07629999999999999,1,79,9
20,35,0.18684,0.0592,1,20,9
6,12,0.0027,0.0009,1,6,9
84,158,0.08073000000000001,0.0256,1,84,9
80,144,0.08145000000000001,0.0258,1,80,9
104,193,0.19791,0.06269999999999999,1,104,9
98,184,0.09621,0.0305,1,98,9
70,130,0.0396,0.0125,1,70,9
14,24,0.0216,0.0068000000000000005,1,14,9
7,13,0.022680000000000002,0.0072,1,7,9
96,180,0.06966,0.022099999999999998,1,96,9
57,101,0.00468,0.0015,1,57,9
8,16,0.40284000000000003,0.1276,1,8,9
64,117,0.30672,0.0971,1,64,9
19,33,0.05796,0.0184,1,19,9
91,174,0.02493,0.0079,1,91,9
107,199,0.03834,0.0121,1,107,9
102,191,0.06507,0.0206,1,102,9
69,129,0.69516,0.22010000000000002,1,69,9
60,108,0.08478000000000001,0.0268,1,60,9
97,181,0.43182,0.1367,1,97,9
4,8,0.21366,0.0677,1,4,9
22,38,0.26829,0.085,1,22,9
11,20,0.01017,0.0032,1,11,9
35,58,0.03807000000000001,0.0121,1,35,9
13,23,0.01269,0.004,1,13,9
15,26,0.012150000000000001,0.0039000000000000003,1,15,9
61,109,0.04644,0.0147,1,61,9
67,120,0.016200000000000003,0.0051,1,67,9
108,200,0.08406,0.026600000000000002,1,108,9
16,28,0.020970000000000003,0.0067,1,16,9
100,186,0.0189,0.006,1,100,9
40,63,0.07182000000000001,0.0227,1,40,9
21,37,0.03213,0.0102,1,21,9
38,61,0.18495000000000003,0.058600000000000006,1,38,9
46,84,0.03375,0.010700000000000001,1,46,9
72,132,0.24264000000000002,0.0768,1,72,9
83,157,0.13284,0.0421,1,83,9
45,83,0.028260000000000004,0.0089,1,45,9
68,122,0.13896,0.044000000000000004,1,68,9
56,100,0.33651000000000003,0.1066,1,56,9
36,59,0.042570000000000004,0.013500000000000002,1,36,9
66,119,0.15795,0.05,1,66,9
76,140,0.07389000000000001,0.023399999999999997,1,76,9
95,179,0.21249,0.0673,1,95,9
85,159,0.01251,0.004,1,85,9
48,86,0.07425000000000001,0.0235,1,48,9
18,32,0.00459,0.0015,1,18,9
103,192,0.47465999999999997,0.1503,1,103,9
105,194,0.33813,0.10710000000000001,1,105,9
3,6,0.07155,0.0226,1,3,9
32,54,0.023940000000000003,0.0076,1,32,10
29,46,0.05706,0.0181,1,29,10
1,2,0.06651,0.021,1,1,10
54,97,0.06597,0.0209,1,54,10
78,142,0.33533999999999997,0.10619999999999999,1,78,10
81,145,0.15786,0.05,1,81,10
101,190,0.15111,0.0478,1,101,10
2,4,0.015300000000000001,0.0048,1,2,10
30,47,0.01386,0.0044,1,30,10
74,138,0.01881,0.006,1,74,10
41,74,0.16884000000000002,0.0535,1,41,10
65,118,0.03546,0.011200000000000002,1,65,10
51,93,0.027540000000000002,0.0087,1,51,10
53,96,0.02664,0.0084,1,53,10
106,198,0.04833,0.015300000000000001,1,106,10
27,43,0.01881,0.0059,1,27,10
75,139,0.061560000000000004,0.0195,1,75,10
42,75,0.032400000000000005,0.0103,1,42,10
33,56,0.01179,0.0037,1,33,10
28,44,0.03735,0.0118,1,28,10
50,89,0.5656500000000001,0.1791,1,50,10
52,95,0.027,0.0085,1,52,10
63,111,0.07938,0.025099999999999997,1,63,10
92,175,0.06579,0.0208,1,92,10
88,171,0.07146,0.0226,1,88,10
93,176,0.17109000000000002,0.0542,1,93,10
26,42,0.09558,0.030299999999999997,1,26,10
10,19,0.00693,0.0022,1,10,10
77,141,0.01278,0.0040999999999999995,1,77,10
24,40,0.01836,0.0058,1,24,10
87,163,0.41219999999999996,0.1305,1,87,10
58,106,0.01854,0.0059,1,58,10
25,41,0.34506000000000003,0.1093,1,25,10
23,39,0.06669,0.021099999999999997,1,23,10
49,88,0.44406000000000007,0.1406,1,49,10
59,107,0.47304000000000007,0.14980000000000002,1,59,10
5,10,0.38412,0.1216,1,5,10
31,48,0.016380000000000002,0.0052,1,31,10
89,172,0.048420000000000005,0.015300000000000001,1,89,10
62,110,0.09774,0.030899999999999997,1,62,10
43,80,0.01332,0.0042,1,43,10
90,173,0.07839000000000002,0.0248,1,90,10
39,62,0.19269000000000003,0.061,1,39,10
34,57,0.02538,0.008,1,34,10
44,82,0.0684,0.0217,1,44,10
94,177,0.10160999999999999,0.0322,1,94,10
55,99,0.10953,0.0347,1,55,10
86,162,0.013049999999999999,0.0040999999999999995,1,86,10
17,30,0.53181,0.1684,1,17,10
99,185,0.09711,0.030699999999999998,1,99,10
71,131,0.27225,0.0862,1,71,10
37,60,0.0342,0.0108,1,37,10
47,85,0.04347,0.0138,1,47,10
9,18,0.00639,0.002,1,9,10
73,137,0.01044,0.0033,1,73,10
82,148,0.28818000000000005,0.0913,1,82,10
12,21,0.041490000000000006,0.0131,1,12,10
79,143,0.24102000000000004,0.07629999999999999,1,79,10
20,35,0.18684,0.0592,1,20,10
6,12,0.0027,0.0009,1,6,10
84,158,0.08073000000000001,0.0256,1,84,10
80,144,0.08145000000000001,0.0258,1,80,10
104,193,0.19791,0.06269999999999999,1,104,10
98,184,0.09621,0.0305,1,98,10
70,130,0.0396,0.0125,1,70,10
14,24,0.0216,0.0068000000000000005,1,14,10
7,13,0.022680000000000002,0.0072,1,7,10
96,180,0.06966,0.022099999999999998,1,96,10
57,101,0.00468,0.0015,1,57,10
8,16,0.40284000000000003,0.1276,1,8,10
64,117,0.30672,0.0971,1,64,10
19,33,0.05796,0.0184,1,19,10
91,174,0.02493,0.0079,1,91,10
107,199,0.03834,0.0121,1,107,10
102,191,0.06507,0.0206,1,102,10
69,129,0.69516,0.22010000000000002,1,69,10
60,108,0.08478000000000001,0.0268,1,60,10
97,181,0.43182,0.1367,1,97,10
4,8,0.21366,0.0677,1,4,10
22,38,0.26829,0.085,1,22,10
11,20,0.01017,0.0032,1,11,10
35,58,0.03807000000000001,0.0121,1,35,10
13,23,0.01269,0.004,1,13,10
15,26,0.012150000000000001,0.0039000000000000003,1,15,10
61,109,0.04644,0.0147,1,61,10
67,120,0.016200000000000003,0.0051,1,67,10
108,200,0.08406,0.026600000000000002,1,108,10
16,28,0.020970000000000003,0.0067,1,16,10
100,186,0.0189,0.006,1,100,10
40,63,0.07182000000000001,0.0227,1,40,10
21,37,0.03213,0.0102,1,21,10
38,61,0.18495000000000003,0.058600000000000006,1,38,10
46,84,0.03375,0.010700000000000001,1,46,10
72,132,0.24264000000000002,0.0768,1,72,10
83,157,0.13284,0.0421,1,83,10
45,83,0.028260000000000004,0.0089,1,45,10
68,122,0.13896,0.044000000000000004,1,68,10
56,100,0.33651000000000003,0.1066,1,56,10
36,59,0.042570000000000004,0.013500000000000002,1,36,10
66,119,0.15795,0.05,1,66,10
76,140,0.07389000000000001,0.023399999999999997,1,76,10
95,179,0.21249,0.0673,1,95,10
85,159,0.01251,0.004,1,85,10
48,86,0.07425000000000001,0.0235,1,48,10
18,32,0.00459,0.0015,1,18,10
103,192,0.47465999999999997,0.1503,1,103,10
105,194,0.33813,0.10710000000000001,1,105,10
3,6,0.07155,0.0226,1,3,10
32,54,0.023940000000000003,0.0076,1,32,11
29,46,0.05706,0.0181,1,29,11
1,2,0.06651,0.021,1,1,11
54,97,0.06597,0.0209,1,54,11
78,142,0.33533999999999997,0.10619999999999999,1,78,11
81,145,0.15786,0.05,1,81,11
101,190,0.15111,0.0478,1,101,11
2,4,0.015300000000000001,0.0048,1,2,11
30,47,0.01386,0.0044,1,30,11
74,138,0.01881,0.006,1,74,11
41,74,0.16884000000000002,0.0535,1,41,11
65,118,0.03546,0.011200000000000002,1,65,11
51,93,0.027540000000000002,0.0087,1,51,11
53,96,0.02664,0.0084,1,53,11
106,198,0.04833,0.015300000000000001,1,106,11
27,43,0.01881,0.0059,1,27,11
75,139,0.061560000000000004,0.0195,1,75,11
42,75,0.032400000000000005,0.0103,1,42,11
33,56,0.01179,0.0037,1,33,11
28,44,0.03735,0.0118,1,28,11
50,89,0.5656500000000001,0.1791,1,50,11
52,95,0.027,0.0085,1,52,11
63,111,0.07938,0.025099999999999997,1,63,11
92,175,0.06579,0.0208,1,92,11
88,171,0.07146,0.0226,1,88,11
93,176,0.17109000000000002,0.0542,1,93,11
26,42,0.09558,0.030299999999999997,1,26,11
10,19,0.00693,0.0022,1,10,11
77,141,0.01278,0.0040999999999999995,1,77,11
24,40,0.01836,0.0058,1,24,11
87,163,0.41219999999999996,0.1305,1,87,11
58,106,0.01854,0.0059,1,58,11
25,41,0.34506000000000003,0.1093,1,25,11
23,39,0.06669,0.021099999999999997,1,23,11
49,88,0.44406000000000007,0.1406,1,49,11
59,107,0.47304000000000007,0.14980000000000002,1,59,11
5,10,0.38412,0.1216,1,5,11
31,48,0.016380000000000002,0.0052,1,31,11
89,172,0.048420000000000005,0.015300000000000001,1,89,11
62,110,0.09774,0.030899999999999997,1,62,11
43,80,0.01332,0.0042,1,43,11
90,173,0.07839000000000002,0.0248,1,90,11
39,62,0.19269000000000003,0.061,1,39,11
34,57,0.02538,0.008,1,34,11
44,82,0.0684,0.0217,1,44,11
94,177,0.10160999999999999,0.0322,1,94,11
55,99,0.10953,0.0347,1,55,11
86,162,0.013049999999999999,0.0040999999999999995,1,86,11
17,30,0.53181,0.1684,1,17,11
99,185,0.09711,0.030699999999999998,1,99,11
71,131,0.27225,0.0862,1,71,11
37,60,0.0342,0.0108,1,37,11
47,85,0.04347,0.0138,1,47,11
9,18,0.00639,0.002,1,9,11
73,137,0.01044,0.0033,1,73,11
82,148,0.28818000000000005,0.0913,1,82,11
12,21,0.041490000000000006,0.0131,1,12,11
79,143,0.24102000000000004,0.07629999999999999,1,79,11
20,35,0.18684,0.0592,1,20,11
6,12,0.0027,0.0009,1,6,11
84,158,0.08073000000000001,0.0256,1,84,11
80,144,0.08145000000000001,0.0258,1,80,11
104,193,0.19791,0.06269999999999999,1,104,11
98,184,0.09621,0.0305,1,98,11
70,130,0.0396,0.0125,1,70,11
14,24,0.0216,0.0068000000000000005,1,14,11
7,13,0.022680000000000002,0.0072,1,7,11
96,180,0.06966,0.022099999999999998,1,96,11
57,101,0.00468,0.0015,1,57,11
8,16,0.40284000000000003,0.1276,1,8,11
64,117,0.30672,0.0971,1,64,11
19,33,0.05796,0.0184,1,19,11
91,174,0.02493,0.0079,1,91,11
107,199,0.03834,0.0121,1,107,11
102,191,0.06507,0.0206,1,102,11
69,129,0.69516,0.22010000000000002,1,69,11
60,108,0.08478000000000001,0.0268,1,60,11
97,181,0.43182,0.1367,1,97,11
4,8,0.21366,0.0677,1,4,11
22,38,0.26829,0.085,1,22,11
11,20,0.01017,0.0032,1,11,11
35,58,0.03807000000000001,0.0121,1,35,11
13,23,0.01269,0.004,1,13,11
15,26,0.012150000000000001,0.0039000000000000003,1,15,11
61,109,0.04644,0.0147,1,61,11
67,120,0.016200000000000003,0.0051,1,67,11
108,200,0.08406,0.026600000000000002,1,108,11
16,28,0.020970000000000003,0.0067,1,16,11
100,186,0.0189,0.006,1,100,11
40,63,0.07182000000000001,0.0227,1,40,11
21,37,0.03213,0.0102,1,21,11
38,61,0.18495000000000003,0.058600000000000006,1,38,11
46,84,0.03375,0.010700000000000001,1,46,11
72,132,0.24264000000000002,0.0768,1,72,11
83,157,0.13284,0.0421,1,83,11
45,83,0.028260000000000004,0.0089,1,45,11
68,122,0.13896,0.044000000000000004,1,68,11
56,100,0.33651000000000003,0.1066,1,56,11
36,59,0.042570000000000004,0.013500000000000002,1,36,11
66,119,0.15795,0.05,1,66,11
76,140,0.07389000000000001,0.023399999999999997,1,76,11
95,179,0.21249,0.0673,1,95,11
85,159,0.01251,0.004,1,85,11
48,86,0.07425000000000001,0.0235,1,48,11
18,32,0.00459,0.0015,1,18,11
103,192,0.47465999999999997,0.1503,1,103,11
105,194,0.33813,0.10710000000000001,1,105,11
3,6,0.07155,0.0226,1,3,11
32,54,0.023940000000000003,0.0076,1,32,12
29,46,0.05706,0.0181,1,29,12
1,2,0.06651,0.021,1,1,12
54,97,0.06597,0.0209,1,54,12
78,142,0.33533999999999997,0.10619999999999999,1,78,12
81,145,0.15786,0.05,1,81,12
101,190,0.15111,0.0478,1,101,12
2,4,0.015300000000000001,0.0048,1,2,12
30,47,0.01386,0.0044,1,30,12
74,138,0.01881,0.006,1,74,12
41,74,0.16884000000000002,0.0535,1,41,12
65,118,0.03546,0.011200000000000002,1,65,12
51,93,0.027540000000000002,0.0087,1,51,12
53,96,0.02664,0.0084,1,53,12
106,198,0.04833,0.015300000000000001,1,106,12
27,43,0.01881,0.0059,1,27,12
75,139,0.061560000000000004,0.0195,1,75,12
42,75,0.032400000000000005,0.0103,1,42,12
33,56,0.01179,0.0037,1,33,12
28,44,0.03735,0.0118,1,28,12
50,89,0.5656500000000001,0.1791,1,50,12
52,95,0.027,0.0085,1,52,12
63,111,0.07938,0.025099999999999997,1,63,12
92,175,0.06579,0.0208,1,92,12
88,171,0.07146,0.0226,1,88,12
93,176,0.17109000000000002,0.0542,1,93,12
26,42,0.09558,0.030299999999999997,1,26,12
10,19,0.00693,0.0022,1,10,12
77,141,0.01278,0.0040999999999999995,1,77,12
24,40,0.01836,0.0058,1,24,12
87,163,0.41219999999999996,0.1305,1,87,12
58,106,0.01854,0.0059,1,58,12
25,41,0.34506000000000003,0.1093,1,25,12
23,39,0.06669,0.021099999999999997,1,23,12
49,88,0.44406000000000007,0.1406,1,49,12
59,107,0.47304000000000007,0.14980000000000002,1,59,12
5,10,0.38412,0.1216,1,5,12
31,48,0.016380000000000002,0.0052,1,31,12
89,172,0.048420000000000005,0.015300000000000001,1,89,12
62,110,0.09774,0.030899999999999997,1,62,12
43,80,0.01332,0.0042,1,43,12
90,173,0.07839000000000002,0.0248,1,90,12
39,62,0.19269000000000003,0.061,1,39,12
34,57,0.02538,0.008,1,34,12
44,82,0.0684,0.0217,1,44,12
94,177,0.10160999999999999,0.0322,1,94,12
55,99,0.10953,0.0347,1,55,12
86,162,0.013049999999999999,0.0040999999999999995,1,86,12
17,30,0.53181,0.1684,1,17,12
99,185,0.09711,0.030699999999999998,1,99,12
71,131,0.27225,0.0862,1,71,12
37,60,0.0342,0.0108,1,37,12
47,85,0.04347,0.0138,1,47,12
9,18,0.00639,0.002,1,9,12
73,137,0.01044,0.0033,1,73,12
82,148,0.28818000000000005,0.0913,1,82,12
12,21,0.041490000000000006,0.0131,1,12,12
79,143,0.24102000000000004,0.07629999999999999,1,79,12
20,35,0.18684,0.0592,1,20,12
6,12,0.0027,0.0009,1,6,12
84,158,0.08073000000000001,0.0256,1,84,12
80,144,0.08145000000000001,0.0258,1,80,12
104,193,0.19791,0.06269999999999999,1,104,12
98,184,0.09621,0.0305,1,98,12
70,130,0.0396,0.0125,1,70,12
14,24,0.0216,0.0068000000000000005,1,14,12
7,13,0.022680000000000002,0.0072,1,7,12
96,180,0.06966,0.022099999999999998,1,96,12
57,101,0.00468,0.0015,1,57,12
8,16,0.40284000000000003,0.1276,1,8,12
64,117,0.30672,0.0971,1,64,12
19,33,0.05796,0.0184,1,19,12
91,174,0.02493,0.0079,1,91,12
107,199,0.03834,0.0121,1,107,12
102,191,0.06507,0.0206,1,102,12
69,129,0.69516,0.22010000000000002,1,69,12
60,108,0.08478000000000001,0.0268,1,60,12
97,181,0.43182,0.1367,1,97,12
4,8,0.21366,0.0677,1,4,12
22,38,0.26829,0.085,1,22,12
11,20,0.01017,0.0032,1,11,12
35,58,0.03807000000000001,0.0121,1,35,12
13,23,0.01269,0.004,1,13,12
15,26,0.012150000000000001,0.0039000000000000003,1,15,12
61,109,0.04644,0.0147,1,61,12
67,120,0.016200000000000003,0.0051,1,67,12
108,200,0.08406,0.026600000000000002,1,108,12
16,28,0.020970000000000003,0.0067,1,16,12
100,186,0.0189,0.006,1,100,12
40,63,0.07182000000000001,0.0227,1,40,12
21,37,0.03213,0.0102,1,21,12
38,61,0.18495000000000003,0.058600000000000006,1,38,12
46,84,0.03375,0.010700000000000001,1,46,12
72,132,0.24264000000000002,0.0768,1,72,12
83,157,0.13284,0.0421,1,83,12
45,83,0.028260000000000004,0.0089,1,45,12
68,122,0.13896,0.044000000000000004,1,68,12
56,100,0.33651000000000003,0.1066,1,56,12
36,59,0.042570000000000004,0.013500000000000002,1,36,12
66,119,0.15795,0.05,1,66,12
76,140,0.07389000000000001,0.023399999999999997,1,76,12
95,179,0.21249,0.0673,1,95,12
85,159,0.01251,0.004,1,85,12
48,86,0.07425000000000001,0.0235,1,48,12
18,32,0.00459,0.0015,1,18,12
103,192,0.47465999999999997,0.1503,1,103,12
105,194,0.33813,0.10710000000000001,1,105,12
3,6,0.07155,0.0226,1,3,12
32,54,0.03724,0.0076,1,32,13
29,46,0.08875999999999999,0.0181,1,29,13
1,2,0.10345999999999998,0.021,1,1,13
54,97,0.10262,0.0209,1,54,13
78,142,0.52164,0.10619999999999999,1,78,13
81,145,0.24555999999999997,0.05,1,81,13
101,190,0.23505999999999996,0.0478,1,101,13
2,4,0.0238,0.0048,1,2,13
30,47,0.02156,0.0044,1,30,13
74,138,0.029259999999999994,0.006,1,74,13
41,74,0.26264,0.0535,1,41,13
65,118,0.055159999999999994,0.011200000000000002,1,65,13
51,93,0.04284,0.0087,1,51,13
53,96,0.04144,0.0084,1,53,13
106,198,0.07518,0.015300000000000001,1,106,13
27,43,0.029259999999999994,0.0059,1,27,13
75,139,0.09576,0.0195,1,75,13
42,75,0.0504,0.0103,1,42,13
33,56,0.01834,0.0037,1,33,13
28,44,0.0581,0.0118,1,28,13
50,89,0.8799,0.1791,1,50,13
52,95,0.041999999999999996,0.0085,1,52,13
63,111,0.12347999999999999,0.025099999999999997,1,63,13
92,175,0.10233999999999999,0.0208,1,92,13
88,171,0.11116,0.0226,1,88,13
93,176,0.26614,0.0542,1,93,13
26,42,0.14867999999999998,0.030299999999999997,1,26,13
10,19,0.01078,0.0022,1,10,13
77,141,0.01988,0.0040999999999999995,1,77,13
24,40,0.02856,0.0058,1,24,13
87,163,0.6411999999999999,0.1305,1,87,13
58,106,0.028839999999999998,0.0059,1,58,13
25,41,0.53676,0.1093,1,25,13
23,39,0.10374,0.021099999999999997,1,23,13
49,88,0.69076,0.1406,1,49,13
59,107,0.73584,0.14980000000000002,1,59,13
5,10,0.5975199999999999,0.1216,1,5,13
31,48,0.02548,0.0052,1,31,13
89,172,0.07532,0.015300000000000001,1,89,13
62,110,0.15203999999999998,0.030899999999999997,1,62,13
43,80,0.02072,0.0042,1,43,13
90,173,0.12194,0.0248,1,90,13
39,62,0.29974,0.061,1,39,13
34,57,0.039479999999999994,0.008,1,34,13
44,82,0.1064,0.0217,1,44,13
94,177,0.15805999999999998,0.0322,1,94,13
55,99,0.17038,0.0347,1,55,13
86,162,0.0203,0.0040999999999999995,1,86,13
17,30,0.8272599999999999,0.1684,1,17,13
99,185,0.15105999999999997,0.030699999999999998,1,99,13
71,131,0.4235,0.0862,1,71,13
37,60,0.0532,0.0108,1,37,13
47,85,0.06762,0.0138,1,47,13
9,18,0.00994,0.002,1,9,13
73,137,0.016239999999999997,0.0033,1,73,13
82,148,0.44828,0.0913,1,82,13
12,21,0.06454,0.0131,1,12,13
79,143,0.37492000000000003,0.07629999999999999,1,79,13
20,35,0.29064,0.0592,1,20,13
6,12,0.0042,0.0009,1,6,13
84,158,0.12558,0.0256,1,84,13
80,144,0.1267,0.0258,1,80,13
104,193,0.30785999999999997,0.06269999999999999,1,104,13
98,184,0.14966,0.0305,1,98,13
70,130,0.0616,0.0125,1,70,13
14,24,0.0336,0.0068000000000000005,1,14,13
7,13,0.03528,0.0072,1,7,13
96,180,0.10835999999999998,0.022099999999999998,1,96,13
57,101,0.007279999999999999,0.0015,1,57,13
8,16,0.62664,0.1276,1,8,13
64,117,0.47711999999999993,0.0971,1,64,13
19,33,0.09015999999999999,0.0184,1,19,13
91,174,0.038779999999999995,0.0079,1,91,13
107,199,0.05963999999999999,0.0121,1,107,13
102,191,0.10122,0.0206,1,102,13
69,129,1.0813599999999999,0.22010000000000002,1,69,13
60,108,0.13188,0.0268,1,60,13
97,181,0.6717199999999999,0.1367,1,97,13
4,8,0.33235999999999993,0.0677,1,4,13
22,38,0.41733999999999993,0.085,1,22,13
11,20,0.015819999999999997,0.0032,1,11,13
35,58,0.05922,0.0121,1,35,13
13,23,0.019739999999999997,0.004,1,13,13
15,26,0.0189,0.0039000000000000003,1,15,13
61,109,0.07224,0.0147,1,61,13
67,120,0.0252,0.0051,1,67,13
108,200,0.13076,0.026600000000000002,1,108,13
16,28,0.03262,0.0067,1,16,13
100,186,0.0294,0.006,1,100,13
40,63,0.11172,0.0227,1,40,13
21,37,0.04997999999999999,0.0102,1,21,13
38,61,0.2877,0.058600000000000006,1,38,13
46,84,0.0525,0.010700000000000001,1,46,13
72,132,0.37744,0.0768,1,72,13
83,157,0.20664,0.0421,1,83,13
45,83,0.043960000000000006,0.0089,1,45,13
68,122,0.21615999999999996,0.044000000000000004,1,68,13
56,100,0.52346,0.1066,1,56,13
36,59,0.06622,0.013500000000000002,1,36,13
66,119,0.2457,0.05,1,66,13
76,140,0.11494,0.023399999999999997,1,76,13
95,179,0.33054,0.0673,1,95,13
85,159,0.019459999999999998,0.004,1,85,13
48,86,0.11549999999999999,0.0235,1,48,13
18,32,0.00714,0.0015,1,18,13
103,192,0.7383599999999999,0.1503,1,103,13
105,194,0.5259799999999999,0.10710000000000001,1,105,13
3,6,0.1113,0.0226,1,3,13
32,54,0.03724,0.0076,1,32,14
29,46,0.08875999999999999,0.0181,1,29,14
1,2,0.10345999999999998,0.021,1,1,14
54,97,0.10262,0.0209,1,54,14
78,142,0.52164,0.10619999999999999,1,78,14
81,145,0.24555999999999997,0.05,1,81,14
101,190,0.23505999999999996,0.0478,1,101,14
2,4,0.0238,0.0048,1,2,14
30,47,0.02156,0.0044,1,30,14
74,138,0.029259999999999994,0.006,1,74,14
41,74,0.26264,0.0535,1,41,14
65,118,0.055159999999999994,0.011200000000000002,1,65,14
51,93,0.04284,0.0087,1,51,14
53,96,0.04144,0.0084,1,53,14
106,198,0.07518,0.015300000000000001,1,106,14
27,43,0.029259999999999994,0.0059,1,27,14
75,139,0.09576,0.0195,1,75,14
42,75,0.0504,0.0103,1,42,14
33,56,0.01834,0.0037,1,33,14
28,44,0.0581,0.0118,1,28,14
50,89,0.8799,0.1791,1,50,14
52,95,0.041999999999999996,0.0085,1,52,14
63,111,0.12347999999999999,0.025099999999999997,1,63,14
92,175,0.10233999999999999,0.0208,1,92,14
88,171,0.11116,0.0226,1,88,14
93,176,0.26614,0.0542,1,93,14
26,42,0.14867999999999998,0.030299999999999997,1,26,14
10,19,0.01078,0.0022,1,10,14
77,141,0.01988,0.0040999999999999995,1,77,14
24,40,0.02856,0.0058,1,24,14
87,163,0.6411999999999999,0.1305,1,87,14
58,106,0.028839999999999998,0.0059,1,58,14
25,41,0.53676,0.1093,1,25,14
23,39,0.10374,0.021099999999999997,1,23,14
49,88,0.69076,0.1406,1,49,14
59,107,0.73584,0.14980000000000002,1,59,14
5,10,0.5975199999999999,0.1216,1,5,14
31,48,0.02548,0.0052,1,31,14
89,172,0.07532,0.015300000000000001,1,89,14
62,110,0.15203999999999998,0.030899999999999997,1,62,14
43,80,0.02072,0.0042,1,43,14
90,173,0.12194,0.0248,1,90,14
39,62,0.29974,0.061,1,39,14
34,57,0.039479999999999994,0.008,1,34,14
44,82,0.1064,0.0217,1,44,14
94,177,0.15805999999999998,0.0322,1,94,14
55,99,0.17038,0.0347,1,55,14
86,162,0.0203,0.0040999999999999995,1,86,14
17,30,0.8272599999999999,0.1684,1,17,14
99,185,0.15105999999999997,0.030699999999999998,1,99,14
71,131,0.4235,0.0862,1,71,14
37,60,0.0532,0.0108,1,37,14
47,85,0.06762,0.0138,1,47,14
9,18,0.00994,0.002,1,9,14
73,137,0.016239999999999997,0.0033,1,73,14
82,148,0.44828,0.0913,1,82,14
12,21,0.06454,0.0131,1,12,14
79,143,0.37492000000000003,0.07629999999999999,1,79,14
20,35,0.29064,0.0592,1,20,14
6,12,0.0042,0.0009,1,6,14
84,158,0.12558,0.0256,1,84,14
80,144,0.1267,0.0258,1,80,14
104,193,0.30785999999999997,0.06269999999999999,1,104,14
98,184,0.14966,0.0305,1,98,14
70,130,0.0616,0.0125,1,70,14
14,24,0.0336,0.0068000000000000005,1,14,14
7,13,0.03528,0.0072,1,7,14
96,180,0.10835999999999998,0.022099999999999998,1,96,14
57,101,0.007279999999999999,0.0015,1,57,14
8,16,0.62664,0.1276,1,8,14
64,117,0.47711999999999993,0.0971,1,64,14
19,33,0.09015999999999999,0.0184,1,19,14
91,174,0.038779999999999995,0.0079,1,91,14
107,199,0.05963999999999999,0.0121,1,107,14
102,191,0.10122,0.0206,1,102,14
69,129,1.0813599999999999,0.22010000000000002,1,69,14
60,108,0.13188,0.0268,1,60,14
97,181,0.6717199999999999,0.1367,1,97,14
4,8,0.33235999999999993,0.0677,1,4,14
22,38,0.41733999999999993,0.085,1,22,14
11,20,0.015819999999999997,0.0032,1,11,14
35,58,0.05922,0.0121,1,35,14
13,23,0.019739999999999997,0.004,1,13,14
15,26,0.0189,0.0039000000000000003,1,15,14
61,109,0.07224,0.0147,1,61,14
67,120,0.0252,0.0051,1,67,14
108,200,0.13076,0.026600000000000002,1,108,14
16,28,0.03262,0.0067,1,16,14
100,186,0.0294,0.006,1,100,14
40,63,0.11172,0.0227,1,40,14
21,37,0.04997999999999999,0.0102,1,21,14
38,61,0.2877,0.058600000000000006,1,38,14
46,84,0.0525,0.010700000000000001,1,46,14
72,132,0.37744,0.0768,1,72,14
83,157,0.20664,0.0421,1,83,14
45,83,0.043960000000000006,0.0089,1,45,14
68,122,0.21615999999999996,0.044000000000000004,1,68,14
56,100,0.52346,0.1066,1,56,14
36,59,0.06622,0.013500000000000002,1,36,14
66,119,0.2457,0.05,1,66,14
76,140,0.11494,0.023399999999999997,1,76,14
95,179,0.33054,0.0673,1,95,14
85,159,0.019459999999999998,0.004,1,85,14
48,86,0.11549999999999999,0.0235,1,48,14
18,32,0.00714,0.0015,1,18,14
103,192,0.7383599999999999,0.1503,1,103,14
105,194,0.5259799999999999,0.10710000000000001,1,105,14
3,6,0.1113,0.0226,1,3,14
32,54,0.03724,0.0076,1,32,15
29,46,0.08875999999999999,0.0181,1,29,15
1,2,0.10345999999999998,0.021,1,1,15
54,97,0.10262,0.0209,1,54,15
78,142,0.52164,0.10619999999999999,1,78,15
81,145,0.24555999999999997,0.05,1,81,15
101,190,0.23505999999999996,0.0478,1,101,15
2,4,0.0238,0.0048,1,2,15
30,47,0.02156,0.0044,1,30,15
74,138,0.029259999999999994,0.006,1,74,15
41,74,0.26264,0.0535,1,41,15
65,118,0.055159999999999994,0.011200000000000002,1,65,15
51,93,0.04284,0.0087,1,51,15
53,96,0.04144,0.0084,1,53,15
106,198,0.07518,0.015300000000000001,1,106,15
27,43,0.029259999999999994,0.0059,1,27,15
75,139,0.09576,0.0195,1,75,15
42,75,0.0504,0.0103,1,42,15
33,56,0.01834,0.0037,1,33,15
28,44,0.0581,0.0118,1,28,15
50,89,0.8799,0.1791,1,50,15
52,95,0.041999999999999996,0.0085,1,52,15
63,111,0.12347999999999999,0.025099999999999997,1,63,15
92,175,0.10233999999999999,0.0208,1,92,15
88,171,0.11116,0.0226,1,88,15
93,176,0.26614,0.0542,1,93,15
26,42,0.14867999999999998,0.030299999999999997,1,26,15
10,19,0.01078,0.0022,1,10,15
77,141,0.01988,0.0040999999999999995,1,77,15
24,40,0.02856,0.0058,1,24,15
87,163,0.6411999999999999,0.1305,1,87,15
58,106,0.028839999999999998,0.0059,1,58,15
25,41,0.53676,0.1093,1,25,15
23,39,0.10374,0.021099999999999997,1,23,15
49,88,0.69076,0.1406,1,49,15
59,107,0.73584,0.14980000000000002,1,59,15
5,10,0.5975199999999999,0.1216,1,5,15
31,48,0.02548,0.0052,1,31,15
89,172,0.07532,0.015300000000000001,1,89,15
62,110,0.15203999999999998,0.030899999999999997,1,62,15
43,80,0.02072,0.0042,1,43,15
90,173,0.12194,0.0248,1,90,15
39,62,0.29974,0.061,1,39,15
34,57,0.039479999999999994,0.008,1,34,15
44,82,0.1064,0.0217,1,44,15
94,177,0.15805999999999998,0.0322,1,94,15
55,99,0.17038,0.0347,1,55,15
86,162,0.0203,0.0040999999999999995,1,86,15
17,30,0.8272599999999999,0.1684,1,17,15
99,185,0.15105999999999997,0.030699999999999998,1,99,15
71,131,0.4235,0.0862,1,71,15
37,60,0.0532,0.0108,1,37,15
47,85,0.06762,0.0138,1,47,15
9,18,0.00994,0.002,1,9,15
73,137,0.016239999999999997,0.0033,1,73,15
82,148,0.44828,0.0913,1,82,15
12,21,0.06454,0.0131,1,12,15
79,143,0.37492000000000003,0.07629999999999999,1,79,15
20,35,0.29064,0.0592,1,20,15
6,12,0.0042,0.0009,1,6,15
84,158,0.12558,0.0256,1,84,15
80,144,0.1267,0.0258,1,80,15
104,193,0.30785999999999997,0.06269999999999999,1,104,15
98,184,0.14966,0.0305,1,98,15
70,130,0.0616,0.0125,1,70,15
14,24,0.0336,0.0068000000000000005,1,14,15
7,13,0.03528,0.0072,1,7,15
96,180,0.10835999999999998,0.022099999999999998,1,96,15
57,101,0.007279999999999999,0.0015,1,57,15
8,16,0.62664,0.1276,1,8,15
64,117,0.47711999999999993,0.0971,1,64,15
19,33,0.09015999999999999,0.0184,1,19,15
91,174,0.038779999999999995,0.0079,1,91,15
107,199,0.05963999999999999,0.0121,1,107,15
102,191,0.10122,0.0206,1,102,15
69,129,1.0813599999999999,0.22010000000000002,1,69,15
60,108,0.13188,0.0268,1,60,15
97,181,0.6717199999999999,0.1367,1,97,15
4,8,0.33235999999999993,0.0677,1,4,15
22,38,0.41733999999999993,0.085,1,22,15
11,20,0.015819999999999997,0.0032,1,11,15
35,58,0.05922,0.0121,1,35,15
13,23,0.019739999999999997,0.004,1,13,15
15,26,0.0189,0.0039000000000000003,1,15,15
61,109,0.07224,0.0147,1,61,15
67,120,0.0252,0.0051,1,67,15
108,200,0.13076,0.026600000000000002,1,108,15
16,28,0.03262,0.0067,1,16,15
100,186,0.0294,0.006,1,100,15
40,63,0.11172,0.0227,1,40,15
21,37,0.04997999999999999,0.0102,1,21,15
38,61,0.2877,0.058600000000000006,1,38,15
46,84,0.0525,0.010700000000000001,1,46,15
72,132,0.37744,0.0768,1,72,15
83,157,0.20664,0.0421,1,83,15
45,83,0.043960000000000006,0.0089,1,45,15
68,122,0.21615999999999996,0.044000000000000004,1,68,15
56,100,0.52346,0.1066,1,56,15
36,59,0.06622,0.013500000000000002,1,36,15
66,119,0.2457,0.05,1,66,15
76,140,0.11494,0.023399999999999997,1,76,15
95,179,0.33054,0.0673,1,95,15
85,159,0.019459999999999998,0.004,1,85,15
48,86,0.11549999999999999,0.0235,1,48,15
18,32,0.00714,0.0015,1,18,15
103,192,0.7383599999999999,0.1503,1,103,15
105,194,0.5259799999999999,0.10710000000000001,1,105,15
3,6,0.1113,0.0226,1,3,15
32,54,0.03724,0.0076,1,32,16
29,46,0.08875999999999999,0.0181,1,29,16
1,2,0.10345999999999998,0.021,1,1,16
54,97,0.10262,0.0209,1,54,16
78,142,0.52164,0.10619999999999999,1,78,16
81,145,0.24555999999999997,0.05,1,81,16
101,190,0.23505999999999996,0.0478,1,101,16
2,4,0.0238,0.0048,1,2,16
30,47,0.02156,0.0044,1,30,16
74,138,0.029259999999999994,0.006,1,74,16
41,74,0.26264,0.0535,1,41,16
65,118,0.055159999999999994,0.011200000000000002,1,65,16
51,93,0.04284,0.0087,1,51,16
53,96,0.04144,0.0084,1,53,16
106,198,0.07518,0.015300000000000001,1,106,16
27,43,0.029259999999999994,0.0059,1,27,16
75,139,0.09576,0.0195,1,75,16
42,75,0.0504,0.0103,1,42,16
33,56,0.01834,0.0037,1,33,16
28,44,0.0581,0.0118,1,28,16
50,89,0.8799,0.1791,1,50,16
52,95,0.041999999999999996,0.0085,1,52,16
63,111,0.12347999999999999,0.025099999999999997,1,63,16
92,175,0.10233999999999999,0.0208,1,92,16
88,171,0.11116,0.0226,1,88,16
93,176,0.26614,0.0542,1,93,16
26,42,0.14867999999999998,0.030299999999999997,1,26,16
10,19,0.01078,0.0022,1,10,16
77,141,0.01988,0.0040999999999999995,1,77,16
24,40,0.02856,0.0058,1,24,16
87,163,0.6411999999999999,0.1305,1,87,16
58,106,0.028839999999999998,0.0059,1,58,16
25,41,0.53676,0.1093,1,25,16
23,39,0.10374,0.021099999999999997,1,23,16
49,88,0.69076,0.1406,1,49,16
59,107,0.73584,0.14980000000000002,1,59,16
5,10,0.5975199999999999,0.1216,1,5,16
31,48,0.02548,0.0052,1,31,16
89,172,0.07532,0.015300000000000001,1,89,16
62,110,0.15203999999999998,0.030899999999999997,1,62,16
43,80,0.02072,0.0042,1,43,16
90,173,0.12194,0.0248,1,90,16
39,62,0.29974,0.061,1,39,16
34,57,0.039479999999999994,0.008,1,34,16
44,82,0.1064,0.0217,1,44,16
94,177,0.15805999999999998,0.0322,1,94,16
55,99,0.17038,0.0347,1,55,16
86,162,0.0203,0.0040999999999999995,1,86,16
17,30,0.8272599999999999,0.1684,1,17,16
99,185,0.15105999999999997,0.030699999999999998,1,99,16
71,131,0.4235,0.0862,1,71,16
37,60,0.0532,0.0108,1,37,16
47,85,0.06762,0.0138,1,47,16
9,18,0.00994,0.002,1,9,16
73,137,0.016239999999999997,0.0033,1,73,16
82,148,0.44828,0.0913,1,82,16
12,21,0.06454,0.0131,1,12,16
79,143,0.37492000000000003,0.07629999999999999,1,79,16
20,35,0.29064,0.0592,1,20,16
6,12,0.0042,0.0009,1,6,16
84,158,0.12558,0.0256,1,84,16
80,144,0.1267,0.0258,1,80,16
104,193,0.30785999999999997,0.06269999999999999,1,104,16
98,184,0.14966,0.0305,1,98,16
70,130,0.0616,0.0125,1,70,16
14,24,0.0336,0.0068000000000000005,1,14,16
7,13,0.03528,0.0072,1,7,16
96,180,0.10835999999999998,0.022099999999999998,1,96,16
57,101,0.007279999999999999,0.0015,1,57,16
8,16,0.62664,0.1276,1,8,16
64,117,0.47711999999999993,0.0971,1,64,16
19,33,0.09015999999999999,0.0184,1,19,16
91,174,0.038779999999999995,0.0079,1,91,16
107,199,0.05963999999999999,0.0121,1,107,16
102,191,0.10122,0.0206,1,102,16
69,129,1.0813599999999999,0.22010000000000002,1,69,16
60,108,0.13188,0.0268,1,60,16
97,181,0.6717199999999999,0.1367,1,97,16
4,8,0.33235999999999993,0.0677,1,4,16
22,38,0.41733999999999993,0.085,1,22,16
11,20,0.015819999999999997,0.0032,1,11,16
35,58,0.05922,0.0121,1,35,16
13,23,0.019739999999999997,0.004,1,13,16
15,26,0.0189,0.0039000000000000003,1,15,16
61,109,0.07224,0.0147,1,61,16
67,120,0.0252,0.0051,1,67,16
108,200,0.13076,0.026600000000000002,1,108,16
16,28,0.03262,0.0067,1,16,16
100,186,0.0294,0.006,1,100,16
40,63,0.11172,0.0227,1,40,16
21,37,0.04997999999999999,0.0102,1,21,16
38,61,0.2877,0.058600000000000006,1,38,16
46,84,0.0525,0.010700000000000001,1,46,16
72,132,0.37744,0.0768,1,72,16
83,157,0.20664,0.0421,1,83,16
45,83,0.043960000000000006,0.0089,1,45,16
68,122,0.21615999999999996,0.044000000000000004,1,68,16
56,100,0.52346,0.1066,1,56,16
36,59,0.06622,0.013500000000000002,1,36,16
66,119,0.2457,0.05,1,66,16
76,140,0.11494,0.023399999999999997,1,76,16
95,179,0.33054,0.0673,1,95,16
85,159,0.019459999999999998,0.004,1,85,16
48,86,0.11549999999999999,0.0235,1,48,16
18,32,0.00714,0.0015,1,18,16
103,192,0.7383599999999999,0.1503,1,103,16
105,194,0.5259799999999999,0.10710000000000001,1,105,16
3,6,0.1113,0.0226,1,3,16
32,54,0.03724,0.0076,1,32,17
29,46,0.08875999999999999,0.0181,1,29,17
1,2,0.10345999999999998,0.021,1,1,17
54,97,0.10262,0.0209,1,54,17
78,142,0.52164,0.10619999999999999,1,78,17
81,145,0.24555999999999997,0.05,1,81,17
101,190,0.23505999999999996,0.0478,1,101,17
2,4,0.0238,0.0048,1,2,17
30,47,0.02156,0.0044,1,30,17
74,138,0.029259999999999994,0.006,1,74,17
41,74,0.26264,0.0535,1,41,17
65,118,0.055159999999999994,0.011200000000000002,1,65,17
51,93,0.04284,0.0087,1,51,17
53,96,0.04144,0.0084,1,53,17
106,198,0.07518,0.015300000000000001,1,106,17
27,43,0.029259999999999994,0.0059,1,27,17
75,139,0.09576,0.0195,1,75,17
42,75,0.0504,0.0103,1,42,17
33,56,0.01834,0.0037,1,33,17
28,44,0.0581,0.0118,1,28,17
50,89,0.8799,0.1791,1,50,17
52,95,0.041999999999999996,0.0085,1,52,17
63,111,0.12347999999999999,0.025099999999999997,1,63,17
92,175,0.10233999999999999,0.0208,1,92,17
88,171,0.11116,0.0226,1,88,17
93,176,0.26614,0.0542,1,93,17
26,42,0.14867999999999998,0.030299999999999997,1,26,17
10,19,0.01078,0.0022,1,10,17
77,141,0.01988,0.0040999999999999995,1,77,17
24,40,0.02856,0.0058,1,24,17
87,163,0.6411999999999999,0.1305,1,87,17
58,106,0.028839999999999998,0.0059,1,58,17
25,41,0.53676,0.1093,1,25,17
23,39,0.10374,0.021099999999999997,1,23,17
49,88,0.69076,0.1406,1,49,17
59,107,0.73584,0.14980000000000002,1,59,17
5,10,0.5975199999999999,0.1216,1,5,17
31,48,0.02548,0.0052,1,31,17
89,172,0.07532,0.015300000000000001,1,89,17
62,110,0.15203999999999998,0.030899999999999997,1,62,17
43,80,0.02072,0.0042,1,43,17
90,173,0.12194,0.0248,1,90,17
39,62,0.29974,0.061,1,39,17
34,57,0.039479999999999994,0.008,1,34,17
44,82,0.1064,0.0217,1,44,17
94,177,0.15805999999999998,0.0322,1,94,17
55,99,0.17038,0.0347,1,55,17
86,162,0.0203,0.0040999999999999995,1,86,17
17,30,0.8272599999999999,0.1684,1,17,17
99,185,0.15105999999999997,0.030699999999999998,1,99,17
71,131,0.4235,0.0862,1,71,17
37,60,0.0532,0.0108,1,37,17
47,85,0.06762,0.0138,1,47,17
9,18,0.00994,0.002,1,9,17
73,137,0.016239999999999997,0.0033,1,73,17
82,148,0.44828,0.0913,1,82,17
12,21,0.06454,0.0131,1,12,17
79,143,0.37492000000000003,0.07629999999999999,1,79,17
20,35,0.29064,0.0592,1,20,17
6,12,0.0042,0.0009,1,6,17
84,158,0.12558,0.0256,1,84,17
80,144,0.1267,0.0258,1,80,17
104,193,0.30785999999999997,0.06269999999999999,1,104,17
98,184,0.14966,0.0305,1,98,17
70,130,0.0616,0.0125,1,70,17
14,24,0.0336,0.0068000000000000005,1,14,17
7,13,0.03528,0.0072,1,7,17
96,180,0.10835999999999998,0.022099999999999998,1,96,17
57,101,0.007279999999999999,0.0015,1,57,17
8,16,0.62664,0.1276,1,8,17
64,117,0.47711999999999993,0.0971,1,64,17
19,33,0.09015999999999999,0.0184,1,19,17
91,174,0.038779999999999995,0.0079,1,91,17
107,199,0.05963999999999999,0.0121,1,107,17
102,191,0.10122,0.0206,1,102,17
69,129,1.0813599999999999,0.22010000000000002,1,69,17
60,108,0.13188,0.0268,1,60,17
97,181,0.6717199999999999,0.1367,1,97,17
4,8,0.33235999999999993,0.0677,1,4,17
22,38,0.41733999999999993,0.085,1,22,17
11,20,0.015819999999999997,0.0032,1,11,17
35,58,0.05922,0.0121,1,35,17
13,23,0.019739999999999997,0.004,1,13,17
15,26,0.0189,0.0039000000000000003,1,15,17
61,109,0.07224,0.0147,1,61,17
67,120,0.0252,0.0051,1,67,17
108,200,0.13076,0.026600000000000002,1,108,17
16,28,0.03262,0.0067,1,16,17
100,186,0.0294,0.006,1,100,17
40,63,0.11172,0.0227,1,40,17
21,37,0.04997999999999999,0.0102,1,21,17
38,61,0.2877,0.058600000000000006,1,38,17
46,84,0.0525,0.010700000000000001,1,46,17
72,132,0.37744,0.0768,1,72,17
83,157,0.20664,0.0421,1,83,17
45,83,0.043960000000000006,0.0089,1,45,17
68,122,0.21615999999999996,0.044000000000000004,1,68,17
56,100,0.52346,0.1066,1,56,17
36,59,0.06622,0.013500000000000002,1,36,17
66,119,0.2457,0.05,1,66,17
76,140,0.11494,0.023399999999999997,1,76,17
95,179,0.33054,0.0673,1,95,17
85,159,0.019459999999999998,0.004,1,85,17
48,86,0.11549999999999999,0.0235,1,48,17
18,32,0.00714,0.0015,1,18,17
103,192,0.7383599999999999,0.1503,1,103,17
105,194,0.5259799999999999,0.10710000000000001,1,105,17
3,6,0.1113,0.0226,1,3,17
32,54,0.03724,0.0076,1,32,18
29,46,0.08875999999999999,0.0181,1,29,18
1,2,0.10345999999999998,0.021,1,1,18
54,97,0.10262,0.0209,1,54,18
78,142,0.52164,0.10619999999999999,1,78,18
81,145,0.24555999999999997,0.05,1,81,18
101,190,0.23505999999999996,0.0478,1,101,18
2,4,0.0238,0.0048,1,2,18
30,47,0.02156,0.0044,1,30,18
74,138,0.029259999999999994,0.006,1,74,18
41,74,0.26264,0.0535,1,41,18
65,118,0.055159999999999994,0.011200000000000002,1,65,18
51,93,0.04284,0.0087,1,51,18
53,96,0.04144,0.0084,1,53,18
106,198,0.07518,0.015300000000000001,1,106,18
27,43,0.029259999999999994,0.0059,1,27,18
75,139,0.09576,0.0195,1,75,18
42,75,0.0504,0.0103,1,42,18
33,56,0.01834,0.0037,1,33,18
28,44,0.0581,0.0118,1,28,18
50,89,0.8799,0.1791,1,50,18
52,95,0.041999999999999996,0.0085,1,52,18
63,111,0.12347999999999999,0.025099999999999997,1,63,18
92,175,0.10233999999999999,0.0208,1,92,18
88,171,0.11116,0.0226,1,88,18
93,176,0.26614,0.0542,1,93,18
26,42,0.14867999999999998,0.030299999999999997,1,26,18
10,19,0.01078,0.0022,1,10,18
77,141,0.01988,0.0040999999999999995,1,77,18
24,40,0.02856,0.0058,1,24,18
87,163,0.6411999999999999,0.1305,1,87,18
58,106,0.028839999999999998,0.0059,1,58,18
25,41,0.53676,0.1093,1,25,18
23,39,0.10374,0.021099999999999997,1,23,18
49,88,0.69076,0.1406,1,49,18
59,107,0.73584,0.14980000000000002,1,59,18
5,10,0.5975199999999999,0.1216,1,5,18
31,48,0.02548,0.0052,1,31,18
89,172,0.07532,0.015300000000000001,1,89,18
62,110,0.15203999999999998,0.030899999999999997,1,62,18
43,80,0.02072,0.0042,1,43,18
90,173,0.12194,0.0248,1,90,18
39,62,0.29974,0.061,1,39,18
34,57,0.039479999999999994,0.008,1,34,18
44,82,0.1064,0.0217,1,44,18
94,177,0.15805999999999998,0.0322,1,94,18
55,99,0.17038,0.0347,1,55,18
86,162,0.0203,0.0040999999999999995,1,86,18
17,30,0.8272599999999999,0.1684,1,17,18
99,185,0.15105999999999997,0.030699999999999998,1,99,18
71,131,0.4235,0.0862,1,71,18
37,60,0.0532,0.0108,1,37,18
47,85,0.06762,0.0138,1,47,18
9,18,0.00994,0.002,1,9,18
73,137,0.016239999999999997,0.0033,1,73,18
82,148,0.44828,0.0913,1,82,18
12,21,0.06454,0.0131,1,12,18
79,143,0.37492000000000003,0.07629999999999999,1,79,18
20,35,0.29064,0.0592,1,20,18
6,12,0.0042,0.0009,1,6,18
84,158,0.12558,0.0256,1,84,18
80,144,0.1267,0.0258,1,80,18
104,193,0.30785999999999997,0.06269999999999999,1,104,18
98,184,0.14966,0.0305,1,98,18
70,130,0.0616,0.0125,1,70,18
14,24,0.0336,0.0068000000000000005,1,14,18
7,13,0.03528,0.0072,1,7,18
96,180,0.10835999999999998,0.022099999999999998,1,96,18
57,101,0.007279999999999999,0.0015,1,57,18
8,16,0.62664,0.1276,1,8,18
64,117,0.47711999999999993,0.0971,1,64,18
19,33,0.09015999999999999,0.0184,1,19,18
91,174,0.038779999999999995,0.0079,1,91,18
107,199,0.05963999999999999,0.0121,1,107,18
102,191,0.10122,0.0206,1,102,18
69,129,1.0813599999999999,0.22010000000000002,1,69,18
60,108,0.13188,0.0268,1,60,18
97,181,0.6717199999999999,0.1367,1,97,18
4,8,0.33235999999999993,0.0677,1,4,18
22,38,0.41733999999999993,0.085,1,22,18
11,20,0.015819999999999997,0.0032,1,11,18
35,58,0.05922,0.0121,1,35,18
13,23,0.019739999999999997,0.004,1,13,18
15,26,0.0189,0.0039000000000000003,1,15,18
61,109,0.07224,0.0147,1,61,18
67,120,0.0252,0.0051,1,67,18
108,200,0.13076,0.026600000000000002,1,108,18
16,28,0.03262,0.0067,1,16,18
100,186,0.0294,0.006,1,100,18
40,63,0.11172,0.0227,1,40,18
21,37,0.04997999999999999,0.0102,1,21,18
38,61,0.2877,0.058600000000000006,1,38,18
46,84,0.0525,0.010700000000000001,1,46,18
72,132,0.37744,0.0768,1,72,18
83,157,0.20664,0.0421,1,83,18
45,83,0.043960000000000006,0.0089,1,45,18
68,122,0.21615999999999996,0.044000000000000004,1,68,18
56,100,0.52346,0.1066,1,56,18
36,59,0.06622,0.013500000000000002,1,36,18
66,119,0.2457,0.05,1,66,18
76,140,0.11494,0.023399999999999997,1,76,18
95,179,0.33054,0.0673,1,95,18
85,159,0.019459999999999998,0.004,1,85,18
48,86,0.11549999999999999,0.0235,1,48,18
18,32,0.00714,0.0015,1,18,18
103,192,0.7383599999999999,0.1503,1,103,18
105,194,0.5259799999999999,0.10710000000000001,1,105,18
3,6,0.1113,0.0226,1,3,18
32,54,0.013300000000000001,0.0076,1,32,19
29,46,0.0317,0.0181,1,29,19
1,2,0.03695,0.021,1,1,19
54,97,0.03665,0.0209,1,54,19
78,142,0.1863,0.10619999999999999,1,78,19
81,145,0.0877,0.05,1,81,19
101,190,0.08395,0.0478,1,101,19
2,4,0.0085,0.0048,1,2,19
30,47,0.0077,0.0044,1,30,19
74,138,0.01045,0.006,1,74,19
41,74,0.09380000000000001,0.0535,1,41,19
65,118,0.0197,0.011200000000000002,1,65,19
51,93,0.015300000000000001,0.0087,1,51,19
53,96,0.0148,0.0084,1,53,19
106,198,0.02685,0.015300000000000001,1,106,19
27,43,0.01045,0.0059,1,27,19
75,139,0.0342,0.0195,1,75,19
42,75,0.018000000000000002,0.0103,1,42,19
33,56,0.00655,0.0037,1,33,19
28,44,0.02075,0.0118,1,28,19
50,89,0.31425000000000003,0.1791,1,50,19
52,95,0.015,0.0085,1,52,19
63,111,0.0441,0.025099999999999997,1,63,19
92,175,0.03655,0.0208,1,92,19
88,171,0.0397,0.0226,1,88,19
93,176,0.09505000000000001,0.0542,1,93,19
26,42,0.053099999999999994,0.030299999999999997,1,26,19
10,19,0.00385,0.0022,1,10,19
77,141,0.0070999999999999995,0.0040999999999999995,1,77,19
24,40,0.0102,0.0058,1,24,19
87,163,0.22899999999999998,0.1305,1,87,19
58,106,0.0103,0.0059,1,58,19
25,41,0.1917,0.1093,1,25,19
23,39,0.03705,0.021099999999999997,1,23,19
49,88,0.24670000000000003,0.1406,1,49,19
59,107,0.26280000000000003,0.14980000000000002,1,59,19
5,10,0.2134,0.1216,1,5,19
31,48,0.0091,0.0052,1,31,19
89,172,0.0269,0.015300000000000001,1,89,19
62,110,0.054299999999999994,0.030899999999999997,1,62,19
43,80,0.0074,0.0042,1,43,19
90,173,0.043550000000000005,0.0248,1,90,19
39,62,0.10705,0.061,1,39,19
34,57,0.0141,0.008,1,34,19
44,82,0.038,0.0217,1,44,19
94,177,0.05644999999999999,0.0322,1,94,19
55,99,0.06085,0.0347,1,55,19
86,162,0.0072499999999999995,0.0040999999999999995,1,86,19
17,30,0.29545,0.1684,1,17,19
99,185,0.05395,0.030699999999999998,1,99,19
71,131,0.15125,0.0862,1,71,19
37,60,0.019,0.0108,1,37,19
47,85,0.02415,0.0138,1,47,19
9,18,0.0035499999999999998,0.002,1,9,19
73,137,0.0058,0.0033,1,73,19
82,148,0.16010000000000002,0.0913,1,82,19
12,21,0.02305,0.0131,1,12,19
79,143,0.13390000000000002,0.07629999999999999,1,79,19
20,35,0.1038,0.0592,1,20,19
6,12,0.0015,0.0009,1,6,19
84,158,0.04485,0.0256,1,84,19
80,144,0.045250000000000005,0.0258,1,80,19
104,193,0.10994999999999999,0.06269999999999999,1,104,19
98,184,0.05345,0.0305,1,98,19
70,130,0.022000000000000002,0.0125,1,70,19
14,24,0.012,0.0068000000000000005,1,14,19
7,13,0.0126,0.0072,1,7,19
96,180,0.0387,0.022099999999999998,1,96,19
57,101,0.0026,0.0015,1,57,19
8,16,0.2238,0.1276,1,8,19
64,117,0.1704,0.0971,1,64,19
19,33,0.0322,0.0184,1,19,19
91,174,0.01385,0.0079,1,91,19
107,199,0.0213,0.0121,1,107,19
102,191,0.03615,0.0206,1,102,19
69,129,0.3862,0.22010000000000002,1,69,19
60,108,0.0471,0.0268,1,60,19
97,181,0.23989999999999997,0.1367,1,97,19
4,8,0.11869999999999999,0.0677,1,4,19
22,38,0.14905,0.085,1,22,19
11,20,0.00565,0.0032,1,11,19
35,58,0.021150000000000002,0.0121,1,35,19
13,23,0.00705,0.004,1,13,19
15,26,0.006750000000000001,0.0039000000000000003,1,15,19
61,109,0.0258,0.0147,1,61,19
67,120,0.009000000000000001,0.0051,1,67,19
108,200,0.0467,0.026600000000000002,1,108,19
16,28,0.01165,0.0067,1,16,19
100,186,0.0105,0.006,1,100,19
40,63,0.039900000000000005,0.0227,1,40,19
21,37,0.017849999999999998,0.0102,1,21,19
38,61,0.10275000000000001,0.058600000000000006,1,38,19
46,84,0.01875,0.010700000000000001,1,46,19
72,132,0.1348,0.0768,1,72,19
83,157,0.0738,0.0421,1,83,19
45,83,0.015700000000000002,0.0089,1,45,19
68,122,0.07719999999999999,0.044000000000000004,1,68,19
56,100,0.18695,0.1066,1,56,19
36,59,0.02365,0.013500000000000002,1,36,19
66,119,0.08775000000000001,0.05,1,66,19
76,140,0.04105,0.023399999999999997,1,76,19
95,179,0.11805,0.0673,1,95,19
85,159,0.00695,0.004,1,85,19
48,86,0.04125,0.0235,1,48,19
18,32,0.00255,0.0015,1,18,19
103,192,0.2637,0.1503,1,103,19
105,194,0.18785,0.10710000000000001,1,105,19
3,6,0.03975,0.0226,1,3,19
32,54,0.013300000000000001,0.0076,1,32,20
29,46,0.0317,0.0181,1,29,20
1,2,0.03695,0.021,1,1,20
54,97,0.03665,0.0209,1,54,20
78,142,0.1863,0.10619999999999999,1,78,20
81,145,0.0877,0.05,1,81,20
101,190,0.08395,0.0478,1,101,20
2,4,0.0085,0.0048,1,2,20
30,47,0.0077,0.0044,1,30,20
74,138,0.01045,0.006,1,74,20
41,74,0.09380000000000001,0.0535,1,41,20
65,118,0.0197,0.011200000000000002,1,65,20
51,93,0.015300000000000001,0.0087,1,51,20
53,96,0.0148,0.0084,1,53,20
106,198,0.02685,0.015300000000000001,1,106,20
27,43,0.01045,0.0059,1,27,20
75,139,0.0342,0.0195,1,75,20
42,75,0.018000000000000002,0.0103,1,42,20
33,56,0.00655,0.0037,1,33,20
28,44,0.02075,0.0118,1,28,20
50,89,0.31425000000000003,0.1791,1,50,20
52,95,0.015,0.0085,1,52,20
63,111,0.0441,0.025099999999999997,1,63,20
92,175,0.03655,0.0208,1,92,20
88,171,0.0397,0.0226,1,88,20
93,176,0.09505000000000001,0.0542,1,93,20
26,42,0.053099999999999994,0.030299999999999997,1,26,20
10,19,0.00385,0.0022,1,10,20
77,141,0.0070999999999999995,0.0040999999999999995,1,77,20
24,40,0.0102,0.0058,1,24,20
87,163,0.22899999999999998,0.1305,1,87,20
58,106,0.0103,0.0059,1,58,20
25,41,0.1917,0.1093,1,25,20
23,39,0.03705,0.021099999999999997,1,23,20
49,88,0.24670000000000003,0.1406,1,49,20
59,107,0.26280000000000003,0.14980000000000002,1,59,20
5,10,0.2134,0.1216,1,5,20
31,48,0.0091,0.0052,1,31,20
89,172,0.0269,0.015300000000000001,1,89,20
62,110,0.054299999999999994,0.030899999999999997,1,62,20
43,80,0.0074,0.0042,1,43,20
90,173,0.043550000000000005,0.0248,1,90,20
39,62,0.10705,0.061,1,39,20
34,57,0.0141,0.008,1,34,20
44,82,0.038,0.0217,1,44,20
94,177,0.05644999999999999,0.0322,1,94,20
55,99,0.06085,0.0347,1,55,20
86,162,0.0072499999999999995,0.0040999999999999995,1,86,20
17,30,0.29545,0.1684,1,17,20
99,185,0.05395,0.030699999999999998,1,99,20
71,131,0.15125,0.0862,1,71,20
37,60,0.019,0.0108,1,37,20
47,85,0.02415,0.0138,1,47,20
9,18,0.0035499999999999998,0.002,1,9,20
73,137,0.0058,0.0033,1,73,20
82,148,0.16010000000000002,0.0913,1,82,20
12,21,0.02305,0.0131,1,12,20
79,143,0.13390000000000002,0.07629999999999999,1,79,20
20,35,0.1038,0.0592,1,20,20
6,12,0.0015,0.0009,1,6,20
84,158,0.04485,0.0256,1,84,20
80,144,0.045250000000000005,0.0258,1,80,20
104,193,0.10994999999999999,0.06269999999999999,1,104,20
98,184,0.05345,0.0305,1,98,20
70,130,0.022000000000000002,0.0125,1,70,20
14,24,0.012,0.0068000000000000005,1,14,20
7,13,0.0126,0.0072,1,7,20
96,180,0.0387,0.022099999999999998,1,96,20
57,101,0.0026,0.0015,1,57,20
8,16,0.2238,0.1276,1,8,20
64,117,0.1704,0.0971,1,64,20
19,33,0.0322,0.0184,1,19,20
91,174,0.01385,0.0079,1,91,20
107,199,0.0213,0.0121,1,107,20
102,191,0.03615,0.0206,1,102,20
69,129,0.3862,0.22010000000000002,1,69,20
60,108,0.0471,0.0268,1,60,20
97,181,0.23989999999999997,0.1367,1,97,20
4,8,0.11869999999999999,0.0677,1,4,20
22,38,0.14905,0.085,1,22,20
11,20,0.00565,0.0032,1,11,20
35,58,0.021150000000000002,0.0121,1,35,20
13,23,0.00705,0.004,1,13,20
15,26,0.006750000000000001,0.0039000000000000003,1,15,20
61,109,0.0258,0.0147,1,61,20
67,120,0.009000000000000001,0.0051,1,67,20
108,200,0.0467,0.026600000000000002,1,108,20
16,28,0.01165,0.0067,1,16,20
100,186,0.0105,0.006,1,100,20
40,63,0.039900000000000005,0.0227,1,40,20
21,37,0.017849999999999998,0.0102,1,21,20
38,61,0.10275000000000001,0.058600000000000006,1,38,20
46,84,0.01875,0.010700000000000001,1,46,20
72,132,0.1348,0.0768,1,72,20
83,157,0.0738,0.0421,1,83,20
45,83,0.015700000000000002,0.0089,1,45,20
68,122,0.07719999999999999,0.044000000000000004,1,68,20
56,100,0.18695,0.1066,1,56,20
36,59,0.02365,0.013500000000000002,1,36,20
66,119,0.08775000000000001,0.05,1,66,20
76,140,0.04105,0.023399999999999997,1,76,20
95,179,0.11805,0.0673,1,95,20
85,159,0.00695,0.004,1,85,20
48,86,0.04125,0.0235,1,48,20
18,32,0.00255,0.0015,1,18,20
103,192,0.2637,0.1503,1,103,20
105,194,0.18785,0.10710000000000001,1,105,20
3,6,0.03975,0.0226,1,3,20
32,54,0.013300000000000001,0.0076,1,32,21
29,46,0.0317,0.0181,1,29,21
1,2,0.03695,0.021,1,1,21
54,97,0.03665,0.0209,1,54,21
78,142,0.1863,0.10619999999999999,1,78,21
81,145,0.0877,0.05,1,81,21
101,190,0.08395,0.0478,1,101,21
2,4,0.0085,0.0048,1,2,21
30,47,0.0077,0.0044,1,30,21
74,138,0.01045,0.006,1,74,21
41,74,0.09380000000000001,0.0535,1,41,21
65,118,0.0197,0.011200000000000002,1,65,21
51,93,0.015300000000000001,0.0087,1,51,21
53,96,0.0148,0.0084,1,53,21
106,198,0.02685,0.015300000000000001,1,106,21
27,43,0.01045,0.0059,1,27,21
75,139,0.0342,0.0195,1,75,21
42,75,0.018000000000000002,0.0103,1,42,21
33,56,0.00655,0.0037,1,33,21
28,44,0.02075,0.0118,1,28,21
50,89,0.31425000000000003,0.1791,1,50,21
52,95,0.015,0.0085,1,52,21
63,111,0.0441,0.025099999999999997,1,63,21
92,175,0.03655,0.0208,1,92,21
88,171,0.0397,0.0226,1,88,21
93,176,0.09505000000000001,0.0542,1,93,21
26,42,0.053099999999999994,0.030299999999999997,1,26,21
10,19,0.00385,0.0022,1,10,21
77,141,0.0070999999999999995,0.0040999999999999995,1,77,21
24,40,0.0102,0.0058,1,24,21
87,163,0.22899999999999998,0.1305,1,87,21
58,106,0.0103,0.0059,1,58,21
25,41,0.1917,0.1093,1,25,21
23,39,0.03705,0.021099999999999997,1,23,21
49,88,0.24670000000000003,0.1406,1,49,21
59,107,0.26280000000000003,0.14980000000000002,1,59,21
5,10,0.2134,0.1216,1,5,21
31,48,0.0091,0.0052,1,31,21
89,172,0.0269,0.015300000000000001,1,89,21
62,110,0.054299999999999994,0.030899999999999997,1,62,21
43,80,0.0074,0.0042,1,43,21
90,173,0.043550000000000005,0.0248,1,90,21
39,62,0.10705,0.061,1,39,21
34,57,0.0141,0.008,1,34,21
44,82,0.038,0.0217,1,44,21
94,177,0.05644999999999999,0.0322,1,94,21
55,99,0.06085,0.0347,1,55,21
86,162,0.0072499999999999995,0.0040999999999999995,1,86,21
17,30,0.29545,0.1684,1,17,21
99,185,0.05395,0.030699999999999998,1,99,21
71,131,0.15125,0.0862,1,71,21
37,60,0.019,0.0108,1,37,21
47,85,0.02415,0.0138,1,47,21
9,18,0.0035499999999999998,0.002,1,9,21
73,137,0.0058,0.0033,1,73,21
82,148,0.16010000000000002,0.0913,1,82,21
12,21,0.02305,0.0131,1,12,21
79,143,0.13390000000000002,0.07629999999999999,1,79,21
20,35,0.1038,0.0592,1,20,21
6,12,0.0015,0.0009,1,6,21
84,158,0.04485,0.0256,1,84,21
80,144,0.045250000000000005,0.0258,1,80,21
104,193,0.10994999999999999,0.06269999999999999,1,104,21
98,184,0.05345,0.0305,1,98,21
70,130,0.022000000000000002,0.0125,1,70,21
14,24,0.012,0.0068000000000000005,1,14,21
7,13,0.0126,0.0072,1,7,21
96,180,0.0387,0.022099999999999998,1,96,21
57,101,0.0026,0.0015,1,57,21
8,16,0.2238,0.1276,1,8,21
64,117,0.1704,0.0971,1,64,21
19,33,0.0322,0.0184,1,19,21
91,174,0.01385,0.0079,1,91,21
107,199,0.0213,0.0121,1,107,21
102,191,0.03615,0.0206,1,102,21
69,129,0.3862,0.22010000000000002,1,69,21
60,108,0.0471,0.0268,1,60,21
97,181,0.23989999999999997,0.1367,1,97,21
4,8,0.11869999999999999,0.0677,1,4,21
22,38,0.14905,0.085,1,22,21
11,20,0.00565,0.0032,1,11,21
35,58,0.021150000000000002,0.0121,1,35,21
13,23,0.00705,0.004,1,13,21
15,26,0.006750000000000001,0.0039000000000000003,1,15,21
61,109,0.0258,0.0147,1,61,21
67,120,0.009000000000000001,0.0051,1,67,21
108,200,0.0467,0.026600000000000002,1,108,21
16,28,0.01165,0.0067,1,16,21
100,186,0.0105,0.006,1,100,21
40,63,0.039900000000000005,0.0227,1,40,21
21,37,0.017849999999999998,0.0102,1,21,21
38,61,0.10275000000000001,0.058600000000000006,1,38,21
46,84,0.01875,0.010700000000000001,1,46,21
72,132,0.1348,0.0768,1,72,21
83,157,0.0738,0.0421,1,83,21
45,83,0.015700000000000002,0.0089,1,45,21
68,122,0.07719999999999999,0.044000000000000004,1,68,21
56,100,0.18695,0.1066,1,56,21
36,59,0.02365,0.013500000000000002,1,36,21
66,119,0.08775000000000001,0.05,1,66,21
76,140,0.04105,0.023399999999999997,1,76,21
95,179,0.11805,0.0673,1,95,21
85,159,0.00695,0.004,1,85,21
48,86,0.04125,0.0235,1,48,21
18,32,0.00255,0.0015,1,18,21
103,192,0.2637,0.1503,1,103,21
105,194,0.18785,0.10710000000000001,1,105,21
3,6,0.03975,0.0226,1,3,21
32,54,0.013300000000000001,0.0076,1,32,22
29,46,0.0317,0.0181,1,29,22
1,2,0.03695,0.021,1,1,22
54,97,0.03665,0.0209,1,54,22
78,142,0.1863,0.10619999999999999,1,78,22
81,145,0.0877,0.05,1,81,22
101,190,0.08395,0.0478,1,101,22
2,4,0.0085,0.0048,1,2,22
30,47,0.0077,0.0044,1,30,22
74,138,0.01045,0.006,1,74,22
41,74,0.09380000000000001,0.0535,1,41,22
65,118,0.0197,0.011200000000000002,1,65,22
51,93,0.015300000000000001,0.0087,1,51,22
53,96,0.0148,0.0084,1,53,22
106,198,0.02685,0.015300000000000001,1,106,22
27,43,0.01045,0.0059,1,27,22
75,139,0.0342,0.0195,1,75,22
42,75,0.018000000000000002,0.0103,1,42,22
33,56,0.00655,0.0037,1,33,22
28,44,0.02075,0.0118,1,28,22
50,89,0.31425000000000003,0.1791,1,50,22
52,95,0.015,0.0085,1,52,22
63,111,0.0441,0.025099999999999997,1,63,22
92,175,0.03655,0.0208,1,92,22
88,171,0.0397,0.0226,1,88,22
93,176,0.09505000000000001,0.0542,1,93,22
26,42,0.053099999999999994,0.030299999999999997,1,26,22
10,19,0.00385,0.0022,1,10,22
77,141,0.0070999999999999995,0.0040999999999999995,1,77,22
24,40,0.0102,0.0058,1,24,22
87,163,0.22899999999999998,0.1305,1,87,22
58,106,0.0103,0.0059,1,58,22
25,41,0.1917,0.1093,1,25,22
23,39,0.03705,0.021099999999999997,1,23,22
49,88,0.24670000000000003,0.1406,1,49,22
59,107,0.26280000000000003,0.14980000000000002,1,59,22
5,10,0.2134,0.1216,1,5,22
31,48,0.0091,0.0052,1,31,22
89,172,0.0269,0.015300000000000001,1,89,22
62,110,0.054299999999999994,0.030899999999999997,1,62,22
43,80,0.0074,0.0042,1,43,22
90,173,0.043550000000000005,0.0248,1,90,22
39,62,0.10705,0.061,1,39,22
34,57,0.0141,0.008,1,34,22
44,82,0.038,0.0217,1,44,22
94,177,0.05644999999999999,0.0322,1,94,22
55,99,0.06085,0.0347,1,55,22
86,162,0.0072499999999999995,0.0040999999999999995,1,86,22
17,30,0.29545,0.1684,1,17,22
99,185,0.05395,0.030699999999999998,1,99,22
71,131,0.15125,0.0862,1,71,22
37,60,0.019,0.0108,1,37,22
47,85,0.02415,0.0138,1,47,22
9,18,0.0035499999999999998,0.002,1,9,22
73,137,0.0058,0.0033,1,73,22
82,148,0.16010000000000002,0.0913,1,82,22
12,21,0.02305,0.0131,1,12,22
79,143,0.13390000000000002,0.07629999999999999,1,79,22
20,35,0.1038,0.0592,1,20,22
6,12,0.0015,0.0009,1,6,22
84,158,0.04485,0.0256,1,84,22
80,144,0.045250000000000005,0.0258,1,80,22
104,193,0.10994999999999999,0.06269999999999999,1,104,22
98,184,0.05345,0.0305,1,98,22
70,130,0.022000000000000002,0.0125,1,70,22
14,24,0.012,0.0068000000000000005,1,14,22
7,13,0.0126,0.0072,1,7,22
96,180,0.0387,0.022099999999999998,1,96,22
57,101,0.0026,0.0015,1,57,22
8,16,0.2238,0.1276,1,8,22
64,117,0.1704,0.0971,1,64,22
19,33,0.0322,0.0184,1,19,22
91,174,0.01385,0.0079,1,91,22
107,199,0.0213,0.0121,1,107,22
102,191,0.03615,0.0206,1,102,22
69,129,0.3862,0.22010000000000002,1,69,22
60,108,0.0471,0.0268,1,60,22
97,181,0.23989999999999997,0.1367,1,97,22
4,8,0.11869999999999999,0.0677,1,4,22
22,38,0.14905,0.085,1,22,22
11,20,0.00565,0.0032,1,11,22
35,58,0.021150000000000002,0.0121,1,35,22
13,23,0.00705,0.004,1,13,22
15,26,0.006750000000000001,0.0039000000000000003,1,15,22
61,109,0.0258,0.0147,1,61,22
67,120,0.009000000000000001,0.0051,1,67,22
108,200,0.0467,0.026600000000000002,1,108,22
16,28,0.01165,0.0067,1,16,22
100,186,0.0105,0.006,1,100,22
40,63,0.039900000000000005,0.0227,1,40,22
21,37,0.017849999999999998,0.0102,1,21,22
38,61,0.10275000000000001,0.058600000000000006,1,38,22
46,84,0.01875,0.010700000000000001,1,46,22
72,132,0.1348,0.0768,1,72,22
83,157,0.0738,0.0421,1,83,22
45,83,0.015700000000000002,0.0089,1,45,22
68,122,0.07719999999999999,0.044000000000000004,1,68,22
56,100,0.18695,0.1066,1,56,22
36,59,0.02365,0.013500000000000002,1,36,22
66,119,0.08775000000000001,0.05,1,66,22
76,140,0.04105,0.023399999999999997,1,76,22
95,179,0.11805,0.0673,1,95,22
85,159,0.00695,0.004,1,85,22
48,86,0.04125,0.0235,1,48,22
18,32,0.00255,0.0015,1,18,22
103,192,0.2637,0.1503,1,103,22
105,194,0.18785,0.10710000000000001,1,105,22
3,6,0.03975,0.0226,1,3,22
32,54,0.013300000000000001,0.0076,1,32,23
29,46,0.0317,0.0181,1,29,23
1,2,0.03695,0.021,1,1,23
54,97,0.03665,0.0209,1,54,23
78,142,0.1863,0.10619999999999999,1,78,23
81,145,0.0877,0.05,1,81,23
101,190,0.08395,0.0478,1,101,23
2,4,0.0085,0.0048,1,2,23
30,47,0.0077,0.0044,1,30,23
74,138,0.01045,0.006,1,74,23
41,74,0.09380000000000001,0.0535,1,41,23
65,118,0.0197,0.011200000000000002,1,65,23
51,93,0.015300000000000001,0.0087,1,51,23
53,96,0.0148,0.0084,1,53,23
106,198,0.02685,0.015300000000000001,1,106,23
27,43,0.01045,0.0059,1,27,23
75,139,0.0342,0.0195,1,75,23
42,75,0.018000000000000002,0.0103,1,42,23
33,56,0.00655,0.0037,1,33,23
28,44,0.02075,0.0118,1,28,23
50,89,0.31425000000000003,0.1791,1,50,23
52,95,0.015,0.0085,1,52,23
63,111,0.0441,0.025099999999999997,1,63,23
92,175,0.03655,0.0208,1,92,23
88,171,0.0397,0.0226,1,88,23
93,176,0.09505000000000001,0.0542,1,93,23
26,42,0.053099999999999994,0.030299999999999997,1,26,23
10,19,0.00385,0.0022,1,10,23
77,141,0.0070999999999999995,0.0040999999999999995,1,77,23
24,40,0.0102,0.0058,1,24,23
87,163,0.22899999999999998,0.1305,1,87,23
58,106,0.0103,0.0059,1,58,23
25,41,0.1917,0.1093,1,25,23
23,39,0.03705,0.021099999999999997,1,23,23
49,88,0.24670000000000003,0.1406,1,49,23
59,107,0.26280000000000003,0.14980000000000002,1,59,23
5,10,0.2134,0.1216,1,5,23
31,48,0.0091,0.0052,1,31,23
89,172,0.0269,0.015300000000000001,1,89,23
62,110,0.054299999999999994,0.030899999999999997,1,62,23
43,80,0.0074,0.0042,1,43,23
90,173,0.043550000000000005,0.0248,1,90,23
39,62,0.10705,0.061,1,39,23
34,57,0.0141,0.008,1,34,23
44,82,0.038,0.0217,1,44,23
94,177,0.05644999999999999,0.0322,1,94,23
55,99,0.06085,0.0347,1,55,23
86,162,0.0072499999999999995,0.0040999999999999995,1,86,23
17,30,0.29545,0.1684,1,17,23
99,185,0.05395,0.030699999999999998,1,99,23
71,131,0.15125,0.0862,1,71,23
37,60,0.019,0.0108,1,37,23
47,85,0.02415,0.0138,1,47,23
9,18,0.0035499999999999998,0.002,1,9,23
73,137,0.0058,0.0033,1,73,23
82,148,0.16010000000000002,0.0913,1,82,23
12,21,0.02305,0.0131,1,12,23
79,143,0.13390000000000002,0.07629999999999999,1,79,23
20,35,0.1038,0.0592,1,20,23
6,12,0.0015,0.0009,1,6,23
84,158,0.04485,0.0256,1,84,23
80,144,0.045250000000000005,0.0258,1,80,23
104,193,0.10994999999999999,0.06269999999999999,1,104,23
98,184,0.05345,0.0305,1,98,23
70,130,0.022000000000000002,0.0125,1,70,23
14,24,0.012,0.0068000000000000005,1,14,23
7,13,0.0126,0.0072,1,7,23
96,180,0.0387,0.022099999999999998,1,96,23
57,101,0.0026,0.0015,1,57,23
8,16,0.2238,0.1276,1,8,23
64,117,0.1704,0.0971,1,64,23
19,33,0.0322,0.0184,1,19,23
91,174,0.01385,0.0079,1,91,23
107,199,0.0213,0.0121,1,107,23
102,191,0.03615,0.0206,1,102,23
69,129,0.3862,0.22010000000000002,1,69,23
60,108,0.0471,0.0268,1,60,23
97,181,0.23989999999999997,0.1367,1,97,23
4,8,0.11869999999999999,0.0677,1,4,23
22,38,0.14905,0.085,1,22,23
11,20,0.00565,0.0032,1,11,23
35,58,0.021150000000000002,0.0121,1,35,23
13,23,0.00705,0.004,1,13,23
15,26,0.006750000000000001,0.0039000000000000003,1,15,23
61,109,0.0258,0.0147,1,61,23
67,120,0.009000000000000001,0.0051,1,67,23
108,200,0.0467,0.026600000000000002,1,108,23
16,28,0.01165,0.0067,1,16,23
100,186,0.0105,0.006,1,100,23
40,63,0.039900000000000005,0.0227,1,40,23
21,37,0.017849999999999998,0.0102,1,21,23
38,61,0.10275000000000001,0.058600000000000006,1,38,23
46,84,0.01875,0.010700000000000001,1,46,23
72,132,0.1348,0.0768,1,72,23
83,157,0.0738,0.0421,1,83,23
45,83,0.015700000000000002,0.0089,1,45,23
68,122,0.07719999999999999,0.044000000000000004,1,68,23
56,100,0.18695,0.1066,1,56,23
36,59,0.02365,0.013500000000000002,1,36,23
66,119,0.08775000000000001,0.05,1,66,23
76,140,0.04105,0.023399999999999997,1,76,23
95,179,0.11805,0.0673,1,95,23
85,159,0.00695,0.004,1,85,23
48,86,0.04125,0.0235,1,48,23
18,32,0.00255,0.0015,1,18,23
103,192,0.2637,0.1503,1,103,23
105,194,0.18785,0.10710000000000001,1,105,23
3,6,0.03975,0.0226,1,3,23
32,54,0.013300000000000001,0.0076,1,32,24
29,46,0.0317,0.0181,1,29,24
1,2,0.03695,0.021,1,1,24
54,97,0.03665,0.0209,1,54,24
78,142,0.1863,0.10619999999999999,1,78,24
81,145,0.0877,0.05,1,81,24
101,190,0.08395,0.0478,1,101,24
2,4,0.0085,0.0048,1,2,24
30,47,0.0077,0.0044,1,30,24
74,138,0.01045,0.006,1,74,24
41,74,0.09380000000000001,0.0535,1,41,24
65,118,0.0197,0.011200000000000002,1,65,24
51,93,0.015300000000000001,0.0087,1,51,24
53,96,0.0148,0.0084,1,53,24
106,198,0.02685,0.015300000000000001,1,106,24
27,43,0.01045,0.0059,1,27,24
75,139,0.0342,0.0195,1,75,24
42,75,0.018000000000000002,0.0103,1,42,24
33,56,0.00655,0.0037,1,33,24
28,44,0.02075,0.0118,1,28,24
50,89,0.31425000000000003,0.1791,1,50,24
52,95,0.015,0.0085,1,52,24
63,111,0.0441,0.025099999999999997,1,63,24
92,175,0.03655,0.0208,1,92,24
88,171,0.0397,0.0226,1,88,24
93,176,0.09505000000000001,0.0542,1,93,24
26,42,0.053099999999999994,0.030299999999999997,1,26,24
10,19,0.00385,0.0022,1,10,24
77,141,0.0070999999999999995,0.0040999999999999995,1,77,24
24,40,0.0102,0.0058,1,24,24
87,163,0.22899999999999998,0.1305,1,87,24
58,106,0.0103,0.0059,1,58,24
25,41,0.1917,0.1093,1,25,24
23,39,0.03705,0.021099999999999997,1,23,24
49,88,0.24670000000000003,0.1406,1,49,24
59,107,0.26280000000000003,0.14980000000000002,1,59,24
5,10,0.2134,0.1216,1,5,24
31,48,0.0091,0.0052,1,31,24
89,172,0.0269,0.015300000000000001,1,89,24
62,110,0.054299999999999994,0.030899999999999997,1,62,24
43,80,0.0074,0.0042,1,43,24
90,173,0.043550000000000005,0.0248,1,90,24
39,62,0.10705,0.061,1,39,24
34,57,0.0141,0.008,1,34,24
44,82,0.038,0.0217,1,44,24
94,177,0.05644999999999999,0.0322,1,94,24
55,99,0.06085,0.0347,1,55,24
86,162,0.0072499999999999995,0.0040999999999999995,1,86,24
17,30,0.29545,0.1684,1,17,24
99,185,0.05395,0.030699999999999998,1,99,24
71,131,0.15125,0.0862,1,71,24
37,60,0.019,0.0108,1,37,24
47,85,0.02415,0.0138,1,47,24
9,18,0.0035499999999999998,0.002,1,9,24
73,137,0.0058,0.0033,1,73,24
82,148,0.16010000000000002,0.0913,1,82,24
12,21,0.02305,0.0131,1,12,24
79,143,0.13390000000000002,0.07629999999999999,1,79,24
20,35,0.1038,0.0592,1,20,24
6,12,0.0015,0.0009,1,6,24
84,158,0.04485,0.0256,1,84,24
80,144,0.045250000000000005,0.0258,1,80,24
104,193,0.10994999999999999,0.06269999999999999,1,104,24
98,184,0.05345,0.0305,1,98,24
70,130,0.022000000000000002,0.0125,1,70,24
14,24,0.012,0.0068000000000000005,1,14,24
7,13,0.0126,0.0072,1,7,24
96,180,0.0387,0.022099999999999998,1,96,24
57,101,0.0026,0.0015,1,57,24
8,16,0.2238,0.1276,1,8,24
64,117,0.1704,0.0971,1,64,24
19,33,0.0322,0.0184,1,19,24
91,174,0.01385,0.0079,1,91,24
107,199,0.0213,0.0121,1,107,24
102,191,0.03615,0.0206,1,102,24
69,129,0.3862,0.22010000000000002,1,69,24
60,108,0.0471,0.0268,1,60,24
97,181,0.23989999999999997,0.1367,1,97,24
4,8,0.11869999999999999,0.0677,1,4,24
22,38,0.14905,0.085,1,22,24
11,20,0.00565,0.0032,1,11,24
35,58,0.021150000000000002,0.0121,1,35,24
13,23,0.00705,0.004,1,13,24
15,26,0.006750000000000001,0.0039000000000000003,1,15,24
61,109,0.0258,0.0147,1,61,24
67,120,0.009000000000000001,0.0051,1,67,24
108,200,0.0467,0.026600000000000002,1,108,24
16,28,0.01165,0.0067,1,16,24
100,186,0.0105,0.006,1,100,24
40,63,0.039900000000000005,0.0227,1,40,24
21,37,0.017849999999999998,0.0102,1,21,24
38,61,0.10275000000000001,0.058600000000000006,1,38,24
46,84,0.01875,0.010700000000000001,1,46,24
72,132,0.1348,0.0768,1,72,24
83,157,0.0738,0.0421,1,83,24
45,83,0.015700000000000002,0.0089,1,45,24
68,122,0.07719999999999999,0.044000000000000004,1,68,24
56,100,0.18695,0.1066,1,56,24
36,59,0.02365,0.013500000000000002,1,36,24
66,119,0.08775000000000001,0.05,1,66,24
76,140,0.04105,0.023399999999999997,1,76,24
95,179,0.11805,0.0673,1,95,24
85,159,0.00695,0.004,1,85,24
48,86,0.04125,0.0235,1,48,24
18,32,0.00255,0.0015,1,18,24
103,192,0.2637,0.1503,1,103,24
105,194,0.18785,0.10710000000000001,1,105,24
3,6,0.03975,0.0226,1,3,24
