datetime,air_temperature
2015-01-01,-3.625
2015-01-02,-0.6666666666666666
2015-01-03,0.4166666666666667
2015-01-04,-5.708333333333333
2015-01-05,-10.75
2015-01-06,-7.041666666666667
2015-01-07,-14.666666666666666
2015-01-08,-11.625
2015-01-09,-12.0
2015-01-10,-9.125
2015-01-11,-2.375
2015-01-12,-6.208333333333333
2015-01-13,-11.458333333333334
2015-01-14,-9.75
2015-01-15,-3.7083333333333335
2015-01-16,-0.8333333333333334
2015-01-17,2.3333333333333335
2015-01-18,1.6666666666666667
2015-01-19,2.0416666666666665
2015-01-20,1.5416666666666667
2015-01-21,0.4166666666666667
2015-01-22,-0.4583333333333333
2015-01-23,-0.375
2015-01-24,1.5416666666666667
2015-01-25,0.4166666666666667
2015-01-26,-1.4583333333333333
2015-01-27,-0.25
2015-01-28,0.4166666666666667
2015-01-29,1.375
2015-01-30,-1.625
2015-01-31,-0.041666666666666664
2015-02-01,-0.9166666666666666
2015-02-02,-8.083333333333334
2015-02-03,-2.6666666666666665
2015-02-04,-4.708333333333333
2015-02-05,-11.375
2015-02-06,-2.0
2015-02-07,3.875
2015-02-08,4.166666666666667
2015-02-09,-1.4166666666666667
2015-02-10,-0.8333333333333334
2015-02-11,-0.5
2015-02-12,-6.708333333333333
2015-02-13,-4.0
2015-02-14,-7.208333333333333
2015-02-15,-10.625
2015-02-16,-8.375
2015-02-17,-5.541666666666667
2015-02-18,-11.833333333333334
2015-02-19,-13.458333333333334
2015-02-20,-7.541666666666667
2015-02-21,-1.7916666666666667
2015-02-22,-7.083333333333333
2015-02-23,-13.125
2015-02-24,-6.208333333333333
2015-02-25,-2.25
2015-02-26,-6.166666666666667
2015-02-27,-10.416666666666666
2015-02-28,-5.916666666666667
2015-03-01,-3.1666666666666665
2015-03-02,-2.7916666666666665
2015-03-03,1.0
2015-03-04,-5.208333333333333
2015-03-05,-8.75
2015-03-06,-3.6666666666666665
2015-03-07,3.4583333333333335
2015-03-08,3.75
2015-03-09,5.0
2015-03-10,6.583333333333333
2015-03-11,7.333333333333333
2015-03-12,5.916666666666667
2015-03-13,7.833333333333333
2015-03-14,7.708333333333333
2015-03-15,8.666666666666666
2015-03-16,14.416666666666666
2015-03-17,5.666666666666667
2015-03-18,2.5416666666666665
2015-03-19,3.8333333333333335
2015-03-20,5.375
2015-03-21,7.791666666666667
2015-03-22,5.125
2015-03-23,2.5
2015-03-24,3.1666666666666665
2015-03-25,5.375
2015-03-26,2.7083333333333335
2015-03-27,-0.5833333333333334
2015-03-28,-0.6666666666666666
2015-03-29,3.8333333333333335
2015-03-30,8.833333333333334
2015-03-31,12.333333333333334
2015-04-01,13.583333333333334
2015-04-02,15.083333333333334
2015-04-03,7.0
2015-04-04,5.666666666666667
2015-04-05,9.333333333333334
2015-04-06,12.458333333333334
2015-04-07,15.75
2015-04-08,19.541666666666668
2015-04-09,18.25
2015-04-10,9.541666666666666
2015-04-11,9.208333333333334
2015-04-12,13.666666666666666
2015-04-13,14.666666666666666
2015-04-14,11.708333333333334
2015-04-15,13.0
2015-04-16,16.666666666666668
2015-04-17,18.666666666666668
2015-04-18,18.208333333333332
2015-04-19,15.333333333333334
2015-04-20,9.458333333333334
2015-04-21,9.458333333333334
2015-04-22,5.958333333333333
2015-04-23,7.541666666666667
2015-04-24,9.75
2015-04-25,10.333333333333334
2015-04-26,8.625
2015-04-27,9.541666666666666
2015-04-28,11.125
2015-04-29,14.25
2015-04-30,10.875
2015-05-01,12.375
2015-05-02,16.166666666666668
2015-05-03,19.208333333333332
2015-05-04,21.291666666666668
2015-05-05,21.25
2015-05-06,21.708333333333332
2015-05-07,21.708333333333332
2015-05-08,20.375
2015-05-09,19.0
2015-05-10,21.166666666666668
2015-05-11,16.416666666666668
2015-05-12,11.791666666666666
2015-05-13,12.833333333333334
2015-05-14,15.416666666666666
2015-05-15,20.791666666666668
2015-05-16,20.583333333333332
2015-05-17,21.916666666666668
2015-05-18,18.75
2015-05-19,11.0
2015-05-20,7.958333333333333
2015-05-21,10.875
2015-05-22,15.833333333333334
2015-05-23,18.708333333333332
2015-05-24,20.333333333333332
2015-05-25,21.833333333333332
2015-05-26,21.125
2015-05-27,20.75
2015-05-28,21.458333333333332
2015-05-29,22.166666666666668
2015-05-30,18.291666666666668
2015-05-31,11.5
2015-06-01,14.708333333333334
2015-06-02,16.125
2015-06-03,17.916666666666668
2015-06-04,20.916666666666668
2015-06-05,21.833333333333332
2015-06-06,19.666666666666668
2015-06-07,23.875
2015-06-08,22.041666666666668
2015-06-09,23.541666666666668
2015-06-10,24.75
2015-06-11,24.916666666666668
2015-06-12,25.083333333333332
2015-06-13,24.75
2015-06-14,23.958333333333332
2015-06-15,23.875
2015-06-16,22.583333333333332
2015-06-17,22.416666666666668
2015-06-18,22.833333333333332
2015-06-19,20.541666666666668
2015-06-20,23.083333333333332
2015-06-21,24.083333333333332
2015-06-22,25.875
2015-06-23,22.541666666666668
2015-06-24,22.458333333333332
2015-06-25,24.833333333333332
2015-06-26,20.083333333333332
2015-06-27,19.875
2015-06-28,20.375
2015-06-29,20.791666666666668
2015-06-30,22.0
2015-07-01,22.0
2015-07-02,17.833333333333332
2015-07-03,19.916666666666668
2015-07-04,20.958333333333332
2015-07-05,22.041666666666668
2015-07-06,24.458333333333332
2015-07-07,19.416666666666668
2015-07-08,15.708333333333334
2015-07-09,18.708333333333332
2015-07-10,19.708333333333332
2015-07-11,23.458333333333332
2015-07-12,26.041666666666668
2015-07-13,27.291666666666668
2015-07-14,25.666666666666668
2015-07-15,21.541666666666668
2015-07-16,24.416666666666668
2015-07-17,27.125
2015-07-18,26.375
2015-07-19,25.5
2015-07-20,23.75
2015-07-21,21.708333333333332
2015-07-22,21.541666666666668
2015-07-23,22.5
2015-07-24,22.958333333333332
2015-07-25,24.416666666666668
2015-07-26,24.708333333333332
2015-07-27,25.541666666666668
2015-07-28,26.166666666666668
2015-07-29,23.708333333333332
2015-07-30,22.583333333333332
2015-07-31,23.458333333333332
2015-08-01,23.0
2015-08-02,24.541666666666668
2015-08-03,23.291666666666668
2015-08-04,21.416666666666668
2015-08-05,22.083333333333332
2015-08-06,21.416666666666668
2015-08-07,22.0
2015-08-08,24.541666666666668
2015-08-09,23.666666666666668
2015-08-10,24.125
2015-08-11,22.0
2015-08-12,21.875
2015-08-13,22.375
2015-08-14,23.5
2015-08-15,24.375
2015-08-16,23.875
2015-08-17,24.083333333333332
2015-08-18,23.916666666666668
2015-08-19,18.458333333333332
2015-08-20,18.125
2015-08-21,19.333333333333332
2015-08-22,18.958333333333332
2015-08-23,19.25
2015-08-24,16.416666666666668
2015-08-25,16.291666666666668
2015-08-26,16.875
2015-08-27,17.916666666666668
2015-08-28,19.666666666666668
2015-08-29,21.583333333333332
2015-08-30,23.166666666666668
2015-08-31,24.0
2015-09-01,25.208333333333332
2015-09-02,25.333333333333332
2015-09-03,25.708333333333332
2015-09-04,25.833333333333332
2015-09-05,25.541666666666668
2015-09-06,26.083333333333332
2015-09-07,25.0
2015-09-08,23.166666666666668
2015-09-09,21.291666666666668
2015-09-10,21.708333333333332
2015-09-11,17.708333333333332
2015-09-12,12.833333333333334
2015-09-13,14.083333333333334
2015-09-14,18.25
2015-09-15,19.208333333333332
2015-09-16,19.958333333333332
2015-09-17,22.666666666666668
2015-09-18,23.333333333333332
2015-09-19,16.333333333333332
2015-09-20,15.666666666666666
2015-09-21,16.541666666666668
2015-09-22,19.083333333333332
2015-09-23,19.333333333333332
2015-09-24,18.958333333333332
2015-09-25,19.291666666666668
2015-09-26,19.125
2015-09-27,19.791666666666668
2015-09-28,20.708333333333332
2015-09-29,18.5
2015-09-30,13.625
2015-10-01,11.583333333333334
2015-10-02,11.333333333333334
2015-10-03,10.583333333333334
2015-10-04,13.333333333333334
2015-10-05,15.875
2015-10-06,17.25
2015-10-07,18.958333333333332
2015-10-08,19.291666666666668
2015-10-09,13.75
2015-10-10,12.25
2015-10-11,16.166666666666668
2015-10-12,18.166666666666668
2015-10-13,12.833333333333334
2015-10-14,12.291666666666666
2015-10-15,13.791666666666666
2015-10-16,8.458333333333334
2015-10-17,5.666666666666667
2015-10-18,8.125
2015-10-19,12.833333333333334
2015-10-20,15.291666666666666
2015-10-21,17.916666666666668
2015-10-22,17.583333333333332
2015-10-23,16.833333333333332
2015-10-24,14.291666666666666
2015-10-25,9.625
2015-10-26,10.625
2015-10-27,11.25
2015-10-28,10.333333333333334
2015-10-29,5.125
2015-10-30,7.333333333333333
2015-10-31,9.666666666666666
2015-11-01,11.458333333333334
2015-11-02,12.083333333333334
2015-11-03,11.833333333333334
2015-11-04,15.125
2015-11-05,16.5
2015-11-06,9.541666666666666
2015-11-07,6.0
2015-11-08,5.0
2015-11-09,6.083333333333333
2015-11-10,7.416666666666667
2015-11-11,12.333333333333334
2015-11-12,8.0
2015-11-13,4.625
2015-11-14,7.791666666666667
2015-11-15,10.083333333333334
2015-11-16,8.791666666666666
2015-11-17,13.791666666666666
2015-11-18,11.916666666666666
2015-11-19,4.458333333333333
2015-11-20,2.9583333333333335
2015-11-21,-1.3333333333333333
2015-11-22,-3.2916666666666665
2015-11-23,1.5416666666666667
2015-11-24,4.25
2015-11-25,8.333333333333334
2015-11-26,13.958333333333334
2015-11-27,5.833333333333333
2015-11-28,1.8333333333333333
2015-11-29,1.6666666666666667
2015-11-30,3.2916666666666665
2015-12-01,3.0833333333333335
2015-12-02,0.125
2015-12-03,-0.16666666666666666
2015-12-04,1.2916666666666667
2015-12-05,1.625
2015-12-06,3.625
2015-12-07,2.6666666666666665
2015-12-08,6.625
2015-12-09,7.333333333333333
2015-12-10,7.625
2015-12-11,7.958333333333333
2015-12-12,14.708333333333334
2015-12-13,15.666666666666666
2015-12-14,7.375
2015-12-15,3.2083333333333335
2015-12-16,4.916666666666667
2015-12-17,-0.7916666666666666
2015-12-18,-1.25
2015-12-19,-1.9583333333333333
2015-12-20,4.5
2015-12-21,8.458333333333334
2015-12-22,3.2916666666666665
2015-12-23,10.708333333333334
2015-12-24,3.7083333333333335
2015-12-25,3.4583333333333335
2015-12-26,5.583333333333333
2015-12-27,1.75
2015-12-28,1.0416666666666667
2015-12-29,-1.4166666666666667
2015-12-30,-2.625
2015-12-31,-4.041666666666667
2016-01-01,-4.041666666666667
2016-01-02,-3.2083333333333335
2016-01-03,-4.541666666666667
2016-01-04,-5.041666666666667
2016-01-05,-3.5
2016-01-06,-1.0
2016-01-07,1.7083333333333333
2016-01-08,3.4583333333333335
2016-01-09,-1.75
2016-01-10,-11.708333333333334
2016-01-11,-4.25
2016-01-12,-8.166666666666666
2016-01-13,-4.875
2016-01-14,3.125
2016-01-15,1.0416666666666667
2016-01-16,-3.0416666666666665
2016-01-17,-11.708333333333334
2016-01-18,-13.541666666666666
2016-01-19,-8.791666666666666
2016-01-20,-6.791666666666667
2016-01-21,-5.791666666666667
2016-01-22,-3.7083333333333335
2016-01-23,-3.875
2016-01-24,-1.5833333333333333
2016-01-25,1.375
2016-01-26,-0.6666666666666666
2016-01-27,-0.5
2016-01-28,1.375
2016-01-29,0.041666666666666664
2016-01-30,4.375
2016-01-31,6.666666666666667
2016-02-01,2.5416666666666665
2016-02-02,5.083333333333333
2016-02-03,-0.3333333333333333
2016-02-04,-2.4166666666666665
2016-02-05,-1.3333333333333333
2016-02-06,0.9583333333333334
2016-02-07,2.5
2016-02-08,-3.125
2016-02-09,-6.958333333333333
2016-02-10,-7.916666666666667
2016-02-11,-5.75
2016-02-12,-4.875
2016-02-13,-9.25
2016-02-14,-5.125
2016-02-15,-1.5833333333333333
2016-02-16,-0.08333333333333333
2016-02-17,1.0833333333333333
2016-02-18,3.0833333333333335
2016-02-19,10.833333333333334
2016-02-20,8.875
2016-02-21,3.2916666666666665
2016-02-22,2.125
2016-02-23,2.25
2016-02-24,0.5833333333333334
2016-02-25,0.25
2016-02-26,-1.5416666666666667
2016-02-27,4.166666666666667
2016-02-28,9.458333333333334
2016-02-29,6.0
2016-03-01,1.3333333333333333
2016-03-02,-1.5
2016-03-03,1.625
2016-03-04,0.8333333333333334
2016-03-05,2.6666666666666665
2016-03-06,5.333333333333333
2016-03-07,13.041666666666666
2016-03-08,14.75
2016-03-09,14.375
2016-03-10,8.25
2016-03-11,8.25
2016-03-12,10.666666666666666
2016-03-13,12.458333333333334
2016-03-14,12.625
2016-03-15,15.541666666666666
2016-03-16,10.083333333333334
2016-03-17,8.416666666666666
2016-03-18,4.333333333333333
2016-03-19,3.625
2016-03-20,2.5833333333333335
2016-03-21,5.083333333333333
2016-03-22,11.208333333333334
2016-03-23,14.333333333333334
2016-03-24,9.0
2016-03-25,4.0
2016-03-26,7.458333333333333
2016-03-27,6.666666666666667
2016-03-28,5.958333333333333
2016-03-29,7.541666666666667
2016-03-30,12.375
2016-03-31,14.166666666666666
2016-04-01,6.458333333333333
2016-04-02,3.125
2016-04-03,10.75
2016-04-04,6.25
2016-04-05,4.125
2016-04-06,8.791666666666666
2016-04-07,4.916666666666667
2016-04-08,3.5
2016-04-09,1.5416666666666667
2016-04-10,8.333333333333334
2016-04-11,6.791666666666667
2016-04-12,5.125
2016-04-13,8.0
2016-04-14,10.666666666666666
2016-04-15,14.75
2016-04-16,16.375
2016-04-17,17.416666666666668
2016-04-18,18.291666666666668
2016-04-19,18.416666666666668
2016-04-20,16.375
2016-04-21,14.583333333333334
2016-04-22,13.75
2016-04-23,12.25
2016-04-24,17.5
2016-04-25,20.541666666666668
2016-04-26,18.0
2016-04-27,13.166666666666666
2016-04-28,14.125
2016-04-29,12.583333333333334
2016-04-30,14.166666666666666
2016-05-01,12.75
2016-05-02,10.541666666666666
2016-05-03,12.083333333333334
2016-05-04,11.875
2016-05-05,11.041666666666666
2016-05-06,15.583333333333334
2016-05-07,17.875
2016-05-08,16.791666666666668
2016-05-09,17.166666666666668
2016-05-10,18.666666666666668
2016-05-11,19.75
2016-05-12,15.958333333333334
2016-05-13,14.333333333333334
2016-05-14,7.583333333333333
2016-05-15,9.375
2016-05-16,10.25
2016-05-17,9.916666666666666
2016-05-18,12.708333333333334
2016-05-19,14.666666666666666
2016-05-20,14.916666666666666
2016-05-21,15.916666666666666
2016-05-22,18.875
2016-05-23,19.916666666666668
2016-05-24,20.208333333333332
2016-05-25,21.625
2016-05-26,21.708333333333332
2016-05-27,21.583333333333332
2016-05-28,22.0
2016-05-29,21.625
2016-05-30,22.916666666666668
2016-05-31,22.083333333333332
2016-06-01,21.625
2016-06-02,21.0
2016-06-03,20.708333333333332
2016-06-04,20.291666666666668
2016-06-05,19.666666666666668
2016-06-06,20.708333333333332
2016-06-07,17.333333333333332
2016-06-08,18.583333333333332
2016-06-09,22.75
2016-06-10,25.333333333333332
2016-06-11,26.041666666666668
2016-06-12,24.541666666666668
2016-06-13,24.833333333333332
2016-06-14,26.375
2016-06-15,27.041666666666668
2016-06-16,24.416666666666668
2016-06-17,22.125
2016-06-18,22.958333333333332
2016-06-19,25.625
2016-06-20,26.916666666666668
2016-06-21,24.291666666666668
2016-06-22,27.125
2016-06-23,25.75
2016-06-24,24.083333333333332
2016-06-25,26.291666666666668
2016-06-26,26.291666666666668
2016-06-27,26.0
2016-06-28,22.041666666666668
2016-06-29,19.208333333333332
2016-06-30,21.166666666666668
2016-07-01,20.791666666666668
2016-07-02,16.958333333333332
2016-07-03,17.291666666666668
2016-07-04,20.791666666666668
2016-07-05,24.583333333333332
2016-07-06,24.708333333333332
2016-07-07,23.75
2016-07-08,24.75
2016-07-09,22.291666666666668
2016-07-10,23.625
2016-07-11,25.541666666666668
2016-07-12,24.708333333333332
2016-07-13,24.416666666666668
2016-07-14,25.125
2016-07-15,22.125
2016-07-16,21.958333333333332
2016-07-17,25.666666666666668
2016-07-18,26.666666666666668
2016-07-19,25.916666666666668
2016-07-20,25.333333333333332
2016-07-21,26.75
2016-07-22,26.833333333333332
2016-07-23,27.0
2016-07-24,27.0
2016-07-25,25.25
2016-07-26,24.958333333333332
2016-07-27,24.916666666666668
2016-07-28,24.958333333333332
2016-07-29,22.875
2016-07-30,22.791666666666668
2016-07-31,23.833333333333332
2016-08-01,24.083333333333332
2016-08-02,24.375
2016-08-03,24.583333333333332
2016-08-04,25.833333333333332
2016-08-05,24.708333333333332
2016-08-06,22.666666666666668
2016-08-07,22.25
2016-08-08,22.958333333333332
2016-08-09,24.958333333333332
2016-08-10,26.708333333333332
2016-08-11,27.791666666666668
2016-08-12,26.333333333333332
2016-08-13,23.083333333333332
2016-08-14,21.625
2016-08-15,21.708333333333332
2016-08-16,23.208333333333332
2016-08-17,24.0
2016-08-18,24.875
2016-08-19,24.75
2016-08-20,22.166666666666668
2016-08-21,18.833333333333332
2016-08-22,19.875
2016-08-23,21.25
2016-08-24,24.75
2016-08-25,24.916666666666668
2016-08-26,23.416666666666668
2016-08-27,24.25
2016-08-28,25.208333333333332
2016-08-29,25.375
2016-08-30,24.416666666666668
2016-08-31,22.25
2016-09-01,18.875
2016-09-02,18.333333333333332
2016-09-03,18.75
2016-09-04,21.041666666666668
2016-09-05,25.166666666666668
2016-09-06,26.708333333333332
2016-09-07,26.875
2016-09-08,23.333333333333332
2016-09-09,21.083333333333332
2016-09-10,18.708333333333332
2016-09-11,17.25
2016-09-12,18.458333333333332
2016-09-13,21.375
2016-09-14,20.791666666666668
2016-09-15,22.083333333333332
2016-09-16,21.958333333333332
2016-09-17,21.041666666666668
2016-09-18,20.125
2016-09-19,20.625
2016-09-20,22.666666666666668
2016-09-21,22.291666666666668
2016-09-22,22.5
2016-09-23,23.75
2016-09-24,23.625
2016-09-25,22.958333333333332
2016-09-26,16.083333333333332
2016-09-27,15.791666666666666
2016-09-28,13.375
2016-09-29,14.875
2016-09-30,16.375
2016-10-01,16.166666666666668
2016-10-02,16.166666666666668
2016-10-03,16.875
2016-10-04,18.583333333333332
2016-10-05,21.208333333333332
2016-10-06,21.916666666666668
2016-10-07,13.541666666666666
2016-10-08,12.541666666666666
2016-10-09,14.416666666666666
2016-10-10,16.166666666666668
2016-10-11,16.916666666666668
2016-10-12,14.458333333333334
2016-10-13,8.875
2016-10-14,11.958333333333334
2016-10-15,17.875
2016-10-16,20.791666666666668
2016-10-17,22.666666666666668
2016-10-18,20.708333333333332
2016-10-19,15.541666666666666
2016-10-20,11.583333333333334
2016-10-21,7.041666666666667
2016-10-22,9.5
2016-10-23,14.208333333333334
2016-10-24,10.458333333333334
2016-10-25,10.416666666666666
2016-10-26,12.75
2016-10-27,9.375
2016-10-28,13.541666666666666
2016-10-29,19.375
2016-10-30,14.625
2016-10-31,13.416666666666666
2016-11-01,19.458333333333332
2016-11-02,19.208333333333332
2016-11-03,14.5
2016-11-04,11.083333333333334
2016-11-05,10.666666666666666
2016-11-06,10.333333333333334
2016-11-07,11.791666666666666
2016-11-08,11.416666666666666
2016-11-09,6.625
2016-11-10,8.333333333333334
2016-11-11,7.5
2016-11-12,4.333333333333333
2016-11-13,5.375
2016-11-14,9.416666666666666
2016-11-15,7.333333333333333
2016-11-16,9.916666666666666
2016-11-17,14.75
2016-11-18,10.125
2016-11-19,1.4583333333333333
2016-11-20,-1.5833333333333333
2016-11-21,0.75
2016-11-22,4.125
2016-11-23,6.833333333333333
2016-11-24,2.8333333333333335
2016-11-25,2.5416666666666665
2016-11-26,2.8333333333333335
2016-11-27,3.5416666666666665
2016-11-28,7.75
2016-11-29,7.583333333333333
2016-11-30,1.5416666666666667
2016-12-01,1.3333333333333333
2016-12-02,1.2916666666666667
2016-12-03,1.4166666666666667
2016-12-04,0.08333333333333333
2016-12-05,0.5833333333333334
2016-12-06,0.16666666666666666
2016-12-07,-1.875
2016-12-08,-4.791666666666667
2016-12-09,-4.25
2016-12-10,-3.25
2016-12-11,0.4583333333333333
2016-12-12,-2.4583333333333335
2016-12-13,-4.666666666666667
2016-12-14,-7.791666666666667
2016-12-15,-9.958333333333334
2016-12-16,-4.708333333333333
2016-12-17,-2.9583333333333335
2016-12-18,-13.666666666666666
2016-12-19,-11.25
2016-12-20,-4.833333333333333
2016-12-21,-0.625
2016-12-22,0.6666666666666666
2016-12-23,0.5833333333333334
2016-12-24,1.7916666666666667
2016-12-25,4.416666666666667
2016-12-26,7.666666666666667
2016-12-27,-0.20833333333333334
2016-12-28,1.4166666666666667
2016-12-29,0.9583333333333334
2016-12-30,-0.041666666666666664
2016-12-31,0.5
2017-01-01,-0.6666666666666666
2017-01-02,3.0416666666666665
2017-01-03,0.125
2017-01-04,-6.75
2017-01-05,-9.375
2017-01-06,-12.666666666666666
2017-01-07,-10.208333333333334
2017-01-08,-9.875
2017-01-09,-2.5833333333333335
2017-01-10,3.9166666666666665
2017-01-11,4.625
2017-01-12,-1.5
2017-01-13,-2.2083333333333335
2017-01-14,-0.75
2017-01-15,-0.625
2017-01-16,2.9583333333333335
2017-01-17,1.4583333333333333
2017-01-18,1.2916666666666667
2017-01-19,2.5833333333333335
2017-01-20,6.25
2017-01-21,9.0
2017-01-22,4.5
2017-01-23,2.1666666666666665
2017-01-24,2.4166666666666665
2017-01-25,3.2083333333333335
2017-01-26,-0.625
2017-01-27,-2.1666666666666665
2017-01-28,-0.08333333333333333
2017-01-29,-1.1666666666666667
2017-01-30,-0.041666666666666664
2017-01-31,1.4583333333333333
2017-02-01,0.9166666666666666
2017-02-02,-3.0416666666666665
2017-02-03,-3.375
2017-02-04,-2.1666666666666665
2017-02-05,1.0
2017-02-06,4.083333333333333
2017-02-07,9.0
2017-02-08,-2.0833333333333335
2017-02-09,-4.916666666666667
2017-02-10,3.0833333333333335
2017-02-11,9.916666666666666
2017-02-12,4.166666666666667
2017-02-13,1.75
2017-02-14,4.375
2017-02-15,0.4583333333333333
2017-02-16,5.541666666666667
2017-02-17,10.583333333333334
2017-02-18,10.0
2017-02-19,10.75
2017-02-20,14.125
2017-02-21,13.625
2017-02-22,13.75
2017-02-23,12.541666666666666
2017-02-24,9.5
2017-02-25,-1.3333333333333333
2017-02-26,0.9583333333333334
2017-02-27,7.416666666666667
2017-02-28,14.75
2017-03-01,6.583333333333333
2017-03-02,0.041666666666666664
2017-03-03,-0.5833333333333334
2017-03-04,6.541666666666667
2017-03-05,9.208333333333334
2017-03-06,13.583333333333334
2017-03-07,8.625
2017-03-08,7.708333333333333
2017-03-09,6.125
2017-03-10,0.4583333333333333
2017-03-11,-1.2916666666666667
2017-03-12,-0.625
2017-03-13,-0.3333333333333333
2017-03-14,-3.2083333333333335
2017-03-15,-3.0
2017-03-16,1.0
2017-03-17,7.416666666666667
2017-03-18,3.7083333333333335
2017-03-19,6.041666666666667
2017-03-20,11.666666666666666
2017-03-21,6.583333333333333
2017-03-22,2.125
2017-03-23,4.75
2017-03-24,16.625
2017-03-25,15.375
2017-03-26,10.416666666666666
2017-03-27,9.625
2017-03-28,9.958333333333334
2017-03-29,10.041666666666666
2017-03-30,13.833333333333334
2017-03-31,5.375
2017-04-01,7.666666666666667
2017-04-02,11.291666666666666
2017-04-03,13.041666666666666
2017-04-04,11.166666666666666
2017-04-05,7.75
2017-04-06,6.5
2017-04-07,7.291666666666667
2017-04-08,12.875
2017-04-09,18.125
2017-04-10,17.416666666666668
2017-04-11,11.166666666666666
2017-04-12,13.041666666666666
2017-04-13,17.625
2017-04-14,18.416666666666668
2017-04-15,20.875
2017-04-16,17.208333333333332
2017-04-17,14.666666666666666
2017-04-18,16.375
2017-04-19,20.541666666666668
2017-04-20,17.833333333333332
2017-04-21,9.083333333333334
2017-04-22,8.291666666666666
2017-04-23,11.5
2017-04-24,14.541666666666666
2017-04-25,17.458333333333332
2017-04-26,15.291666666666666
2017-04-27,9.875
2017-04-28,12.166666666666666
2017-04-29,14.333333333333334
2017-04-30,17.333333333333332
2017-05-01,9.416666666666666
2017-05-02,9.875
2017-05-03,6.791666666666667
2017-05-04,8.25
2017-05-05,11.0
2017-05-06,12.0
2017-05-07,12.791666666666666
2017-05-08,15.125
2017-05-09,20.708333333333332
2017-05-10,20.666666666666668
2017-05-11,16.875
2017-05-12,15.541666666666666
2017-05-13,17.916666666666668
2017-05-14,19.25
2017-05-15,21.375
2017-05-16,22.291666666666668
2017-05-17,22.291666666666668
2017-05-18,22.416666666666668
2017-05-19,14.875
2017-05-20,17.958333333333332
2017-05-21,13.5
2017-05-22,15.75
2017-05-23,14.375
2017-05-24,13.333333333333334
2017-05-25,16.5
2017-05-26,19.916666666666668
2017-05-27,20.041666666666668
2017-05-28,19.541666666666668
2017-05-29,18.916666666666668
2017-05-30,17.875
2017-05-31,17.708333333333332
2017-06-01,20.708333333333332
2017-06-02,22.625
2017-06-03,24.416666666666668
2017-06-04,23.083333333333332
2017-06-05,23.0
2017-06-06,17.833333333333332
2017-06-07,17.583333333333332
2017-06-08,19.125
2017-06-09,21.208333333333332
2017-06-10,21.791666666666668
2017-06-11,23.916666666666668
2017-06-12,25.708333333333332
2017-06-13,25.916666666666668
2017-06-14,25.5
2017-06-15,24.791666666666668
2017-06-16,23.916666666666668
2017-06-17,24.708333333333332
2017-06-18,21.291666666666668
2017-06-19,20.875
2017-06-20,23.0
2017-06-21,25.0
2017-06-22,24.875
2017-06-23,22.833333333333332
2017-06-24,18.583333333333332
2017-06-25,17.75
2017-06-26,17.0
2017-06-27,18.375
2017-06-28,22.333333333333332
2017-06-29,24.416666666666668
2017-06-30,24.0
2017-07-01,23.083333333333332
2017-07-02,24.5
2017-07-03,25.833333333333332
2017-07-04,25.625
2017-07-05,23.291666666666668
2017-07-06,25.833333333333332
2017-07-07,25.958333333333332
2017-07-08,23.666666666666668
2017-07-09,25.458333333333332
2017-07-10,27.291666666666668
2017-07-11,26.5
2017-07-12,26.75
2017-07-13,25.791666666666668
2017-07-14,23.0
2017-07-15,22.375
2017-07-16,25.208333333333332
2017-07-17,22.708333333333332
2017-07-18,25.416666666666668
2017-07-19,28.5
2017-07-20,29.708333333333332
2017-07-21,29.75
2017-07-22,29.666666666666668
2017-07-23,27.041666666666668
2017-07-24,24.041666666666668
2017-07-25,24.208333333333332
2017-07-26,27.333333333333332
2017-07-27,24.791666666666668
2017-07-28,22.666666666666668
2017-07-29,20.375
2017-07-30,21.291666666666668
2017-07-31,22.875
2017-08-01,24.083333333333332
2017-08-02,24.625
2017-08-03,24.708333333333332
2017-08-04,18.916666666666668
2017-08-05,19.958333333333332
2017-08-06,18.625
2017-08-07,20.916666666666668
2017-08-08,20.458333333333332
2017-08-09,21.333333333333332
2017-08-10,23.708333333333332
2017-08-11,22.333333333333332
2017-08-12,20.541666666666668
2017-08-13,20.583333333333332
2017-08-14,23.166666666666668
2017-08-15,26.208333333333332
2017-08-16,24.291666666666668
2017-08-17,25.458333333333332
2017-08-18,24.291666666666668
2017-08-19,25.416666666666668
2017-08-20,26.666666666666668
2017-08-21,26.416666666666668
2017-08-22,22.875
2017-08-23,19.75
2017-08-24,20.833333333333332
2017-08-25,19.583333333333332
2017-08-26,20.791666666666668
2017-08-27,22.0
2017-08-28,21.5
2017-08-29,20.916666666666668
2017-08-30,21.625
2017-08-31,21.291666666666668
2017-09-01,17.458333333333332
2017-09-02,17.625
2017-09-03,22.375
2017-09-04,23.791666666666668
2017-09-05,17.291666666666668
2017-09-06,14.208333333333334
2017-09-07,16.458333333333332
2017-09-08,19.166666666666668
2017-09-09,19.625
2017-09-10,17.666666666666668
2017-09-11,17.208333333333332
2017-09-12,18.541666666666668
2017-09-13,19.166666666666668
2017-09-14,21.375
2017-09-15,23.625
2017-09-16,24.875
2017-09-17,21.916666666666668
2017-09-18,22.541666666666668
2017-09-19,23.666666666666668
2017-09-20,26.458333333333332
2017-09-21,26.791666666666668
2017-09-22,26.791666666666668
2017-09-23,26.5
2017-09-24,25.166666666666668
2017-09-25,25.5
2017-09-26,25.458333333333332
2017-09-27,19.25
2017-09-28,16.791666666666668
2017-09-29,17.833333333333332
2017-09-30,15.416666666666666
2017-10-01,16.958333333333332
2017-10-02,22.75
2017-10-03,22.625
2017-10-04,21.916666666666668
2017-10-05,20.833333333333332
2017-10-06,20.458333333333332
2017-10-07,19.791666666666668
2017-10-08,18.708333333333332
2017-10-09,20.791666666666668
2017-10-10,19.375
2017-10-11,13.375
2017-10-12,14.041666666666666
2017-10-13,16.75
2017-10-14,21.375
2017-10-15,12.375
2017-10-16,10.0
2017-10-17,12.041666666666666
2017-10-18,13.416666666666666
2017-10-19,15.375
2017-10-20,16.541666666666668
2017-10-21,18.75
2017-10-22,15.083333333333334
2017-10-23,11.25
2017-10-24,7.125
2017-10-25,7.583333333333333
2017-10-26,11.458333333333334
2017-10-27,4.125
2017-10-28,1.875
2017-10-29,3.1666666666666665
2017-10-30,4.916666666666667
2017-10-31,1.8333333333333333
2017-11-01,4.833333333333333
2017-11-02,13.458333333333334
2017-11-03,7.625
2017-11-04,11.75
2017-11-05,12.791666666666666
2017-11-06,4.166666666666667
2017-11-07,4.75
2017-11-08,3.6666666666666665
2017-11-09,2.4583333333333335
2017-11-10,-2.0416666666666665
2017-11-11,1.4583333333333333
2017-11-12,2.7916666666666665
2017-11-13,3.2083333333333335
2017-11-14,5.791666666666667
2017-11-15,8.0
2017-11-16,0.9583333333333334
2017-11-17,4.625
2017-11-18,7.541666666666667
2017-11-19,-0.375
2017-11-20,5.0
2017-11-21,2.25
2017-11-22,-1.5416666666666667
2017-11-23,3.4583333333333335
2017-11-24,9.25
2017-11-25,6.458333333333333
2017-11-26,5.0
2017-11-27,8.833333333333334
2017-11-28,11.166666666666666
2017-11-29,4.916666666666667
2017-11-30,5.833333333333333
2017-12-01,3.7083333333333335
2017-12-02,6.041666666666667
2017-12-03,8.75
2017-12-04,12.916666666666666
2017-12-05,1.125
2017-12-06,1.0416666666666667
2017-12-07,-3.8333333333333335
2017-12-08,-2.4583333333333335
2017-12-09,-1.4583333333333333
2017-12-10,-0.375
2017-12-11,2.125
2017-12-12,-2.375
2017-12-13,0.625
2017-12-14,-2.0833333333333335
2017-12-15,-0.4166666666666667
2017-12-16,2.6666666666666665
2017-12-17,3.9583333333333335
2017-12-18,5.375
2017-12-19,3.9583333333333335
2017-12-20,1.6666666666666667
2017-12-21,4.375
2017-12-22,3.1666666666666665
2017-12-23,-0.6666666666666666
2017-12-24,-4.333333333333333
2017-12-25,-6.458333333333333
2017-12-26,-12.0
2017-12-27,-13.583333333333334
2017-12-28,-9.416666666666666
2017-12-29,-7.208333333333333
2017-12-30,-11.041666666666666
2017-12-31,-11.5
2018-01-01,-20.141666666666666
2018-01-02,-16.724999999999998
2018-01-03,-11.4375
2018-01-04,-14.308333333333332
2018-01-05,-13.158333333333333
2018-01-06,-14.220833333333333
2018-01-07,-4.383333333333334
2018-01-08,-0.9250000000000002
2018-01-09,-1.0666666666666667
2018-01-10,5.758333333333334
2018-01-11,5.570833333333333
2018-01-12,-7.154166666666668
2018-01-13,-10.416666666666666
2018-01-14,-9.195833333333335
2018-01-15,-9.575000000000001
2018-01-16,-14.354166666666666
2018-01-17,-10.104166666666666
2018-01-18,-3.5416666666666665
2018-01-19,1.1875
2018-01-20,2.6041666666666665
2018-01-21,8.533333333333333
2018-01-22,9.170833333333333
2018-01-23,-0.7833333333333335
2018-01-24,-1.4708333333333332
2018-01-25,3.2583333333333333
2018-01-26,7.070833333333333
2018-01-27,6.591666666666668
2018-01-28,2.3333333333333335
2018-01-29,-3.2750000000000004
2018-01-30,-2.4458333333333333
2018-01-31,2.4875000000000003
2018-02-01,-4.383333333333334
2018-02-02,-8.608333333333334
2018-02-03,-0.14166666666666675
2018-02-04,-4.875
2018-02-05,-8.625
2018-02-06,-8.0375
2018-02-07,-7.462500000000001
2018-02-08,-3.475
2018-02-09,0.3375000000000001
2018-02-10,-4.845833333333334
2018-02-11,-6.7250000000000005
2018-02-12,-7.033333333333334
2018-02-13,-2.1374999999999997
2018-02-14,4.920833333333333
2018-02-15,9.887500000000001
2018-02-16,-0.525
2018-02-17,-0.7708333333333334
2018-02-18,3.0583333333333336
2018-02-19,12.558333333333335
2018-02-20,9.554166666666667
2018-02-21,-3.2125000000000004
2018-02-22,1.0666666666666667
2018-02-23,2.6208333333333336
2018-02-24,3.6750000000000003
2018-02-25,1.7291666666666667
2018-02-26,5.041666666666667
2018-02-27,9.125
2018-02-28,10.920833333333334
2018-03-01,6.245833333333334
2018-03-02,2.2833333333333337
2018-03-03,3.358333333333333
2018-03-04,4.5
2018-03-05,2.8708333333333336
2018-03-06,0.8125000000000001
2018-03-07,-0.29583333333333334
2018-03-08,-2.4166666666666665
2018-03-09,0.22500000000000006
2018-03-10,1.925
2018-03-11,0.2625
2018-03-12,1.3333333333333333
2018-03-13,0.2833333333333334
2018-03-14,2.4291666666666667
2018-03-15,6.0375000000000005
2018-03-16,2.783333333333333
2018-03-17,1.9958333333333333
2018-03-18,4.341666666666667
2018-03-19,5.9624999999999995
2018-03-20,1.4708333333333332
2018-03-21,1.9083333333333334
2018-03-22,5.654166666666666
2018-03-23,5.195833333333334
2018-03-24,0.9583333333333334
2018-03-25,0.8833333333333333
2018-03-26,5.554166666666667
2018-03-27,8.016666666666667
2018-03-28,7.270833333333333
2018-03-29,7.9375
2018-03-30,6.345833333333334
2018-03-31,7.266666666666667
2018-04-01,-1.866666666666667
2018-04-02,1.1541666666666668
2018-04-03,7.045833333333333
2018-04-04,-0.6166666666666667
2018-04-05,5.708333333333333
2018-04-06,1.2666666666666668
2018-04-07,-1.3125000000000002
2018-04-08,-0.3083333333333334
2018-04-09,1.8583333333333334
2018-04-10,3.108333333333334
2018-04-11,12.154166666666667
2018-04-12,17.779166666666665
2018-04-13,18.325
2018-04-14,13.633333333333333
2018-04-15,3.595833333333333
2018-04-16,0.004166666666666726
2018-04-17,4.0375000000000005
2018-04-18,4.608333333333333
2018-04-19,5.6125
2018-04-20,7.908333333333334
2018-04-21,9.887500000000001
2018-04-22,11.029166666666667
2018-04-23,12.125
2018-04-24,14.924999999999999
2018-04-25,12.341666666666667
2018-04-26,12.275
2018-04-27,13.475
2018-04-28,8.975
2018-04-29,9.091666666666667
2018-04-30,14.516666666666666
2018-05-01,19.558333333333334
2018-05-02,22.075000000000003
2018-05-03,21.058333333333334
2018-05-04,19.1625
2018-05-05,19.225
2018-05-06,19.599999999999998
2018-05-07,17.375
2018-05-08,18.779166666666665
2018-05-09,20.991666666666667
2018-05-10,21.945833333333336
2018-05-11,23.270833333333332
2018-05-12,22.787499999999998
2018-05-13,23.224999999999998
2018-05-14,24.0625
2018-05-15,21.92916666666667
2018-05-16,20.558333333333334
2018-05-17,21.370833333333334
2018-05-18,19.3875
2018-05-19,22.008333333333336
2018-05-20,22.275000000000002
2018-05-21,20.55
2018-05-22,21.625
2018-05-23,21.99166666666667
2018-05-24,23.36666666666667
2018-05-25,23.270833333333332
2018-05-26,24.8625
2018-05-27,26.762500000000003
2018-05-28,27.229166666666668
2018-05-29,24.845833333333335
2018-05-30,25.1125
2018-05-31,24.9375
2018-06-01,25.425
2018-06-02,23.133333333333336
2018-06-03,20.679166666666667
2018-06-04,19.191666666666666
2018-06-05,22.212500000000002
2018-06-06,21.933333333333334
2018-06-07,25.95
2018-06-08,25.566666666666666
2018-06-09,25.0
2018-06-10,25.287499999999998
2018-06-11,24.329166666666666
2018-06-12,25.320833333333336
2018-06-13,23.508333333333336
2018-06-14,22.629166666666666
2018-06-15,25.2375
2018-06-16,27.083333333333332
2018-06-17,28.025000000000002
2018-06-18,28.512500000000003
2018-06-19,27.370833333333334
2018-06-20,25.212500000000002
2018-06-21,23.120833333333334
2018-06-22,20.254166666666666
2018-06-23,21.1125
2018-06-24,23.595833333333335
2018-06-25,23.120833333333334
2018-06-26,23.629166666666666
2018-06-27,24.645833333333332
2018-06-28,25.3
2018-06-29,27.15833333333333
2018-06-30,27.662499999999998
2018-07-01,26.9875
2018-07-02,25.145833333333332
2018-07-03,26.270833333333332
2018-07-04,27.741666666666664
2018-07-05,27.6875
2018-07-06,23.65416666666667
2018-07-07,20.554166666666667
2018-07-08,22.849999999999998
2018-07-09,26.80416666666667
2018-07-10,27.808333333333334
2018-07-11,25.083333333333332
2018-07-12,25.058333333333334
2018-07-13,26.520833333333332
2018-07-14,27.120833333333334
2018-07-15,26.92916666666667
2018-07-16,26.570833333333336
2018-07-17,25.008333333333336
2018-07-18,22.8
2018-07-19,21.5625
2018-07-20,25.245833333333334
2018-07-21,23.762500000000003
2018-07-22,23.200000000000003
2018-07-23,24.183333333333334
2018-07-24,25.629166666666666
2018-07-25,24.916666666666668
2018-07-26,23.516666666666666
2018-07-27,21.95
2018-07-28,22.495833333333334
2018-07-29,19.416666666666668
2018-07-30,20.504166666666666
2018-07-31,20.4125
2018-08-01,21.745833333333334
2018-08-02,24.1375
2018-08-03,26.158333333333335
2018-08-04,25.99166666666667
2018-08-05,27.34166666666667
2018-08-06,27.670833333333334
2018-08-07,24.474999999999998
2018-08-08,25.0
2018-08-09,25.895833333333332
2018-08-10,25.36666666666667
2018-08-11,25.354166666666668
2018-08-12,26.645833333333332
2018-08-13,25.941666666666666
2018-08-14,25.145833333333332
2018-08-15,24.479166666666668
2018-08-16,26.766666666666666
2018-08-17,25.195833333333336
2018-08-18,24.662499999999998
2018-08-19,23.925
2018-08-20,24.233333333333334
2018-08-21,21.945833333333336
2018-08-22,20.51666666666667
2018-08-23,20.45416666666667
2018-08-24,19.554166666666667
2018-08-25,26.441666666666666
2018-08-26,26.8125
2018-08-27,27.212500000000002
2018-08-28,27.474999999999998
2018-08-29,22.0
2018-08-30,21.104166666666668
2018-08-31,23.8625
2018-09-01,25.204166666666666
2018-09-02,26.108333333333334
2018-09-03,26.8125
2018-09-04,26.533333333333335
2018-09-05,27.262500000000003
2018-09-06,24.150000000000002
2018-09-07,21.004166666666666
2018-09-08,17.295833333333334
2018-09-09,17.787499999999998
2018-09-10,18.57916666666667
2018-09-11,20.520833333333332
2018-09-12,20.179166666666667
2018-09-13,21.97083333333333
2018-09-14,24.724999999999998
2018-09-15,23.6125
2018-09-16,24.854166666666668
2018-09-17,26.041666666666668
2018-09-18,26.291666666666668
2018-09-19,25.666666666666668
2018-09-20,27.195833333333336
2018-09-21,21.791666666666668
2018-09-22,15.612499999999999
2018-09-23,17.05
2018-09-24,20.6
2018-09-25,22.870833333333334
2018-09-26,15.370833333333335
2018-09-27,15.658333333333333
2018-09-28,14.5875
2018-09-29,13.491666666666667
2018-09-30,20.445833333333333
2018-10-01,22.620833333333334
2018-10-02,23.066666666666666
2018-10-03,25.958333333333332
2018-10-04,18.224999999999998
2018-10-05,21.395833333333332
2018-10-06,22.333333333333332
2018-10-07,21.34583333333333
2018-10-08,23.579166666666666
2018-10-09,23.837500000000002
2018-10-10,18.45
2018-10-11,8.1
2018-10-12,4.275
2018-10-13,6.129166666666666
2018-10-14,9.8
2018-10-15,4.766666666666667
2018-10-16,6.633333333333333
2018-10-17,7.716666666666668
2018-10-18,7.566666666666666
2018-10-19,9.908333333333333
2018-10-20,7.220833333333334
2018-10-21,4.554166666666667
2018-10-22,10.575000000000001
2018-10-23,7.862500000000001
2018-10-24,6.904166666666666
2018-10-25,8.641666666666667
2018-10-26,7.866666666666667
2018-10-27,9.004166666666668
2018-10-28,10.575000000000001
2018-10-29,9.933333333333334
2018-10-30,16.087500000000002
2018-10-31,11.658333333333333
2018-11-01,8.125
2018-11-02,7.075
2018-11-03,8.0625
2018-11-04,9.8
2018-11-05,7.679166666666667
2018-11-06,7.4624999999999995
2018-11-07,2.2208333333333337
2018-11-08,1.2375
2018-11-09,-0.8250000000000001
2018-11-10,-4.191666666666667
2018-11-11,0.6750000000000002
2018-11-12,-0.7458333333333335
2018-11-13,-4.7
2018-11-14,-2.641666666666667
2018-11-15,-2.2125
2018-11-16,0.2916666666666667
2018-11-17,1.1041666666666667
2018-11-18,0.20833333333333334
2018-11-19,-0.2041666666666667
2018-11-20,-1.9666666666666668
2018-11-21,1.2625
2018-11-22,4.0125
2018-11-23,5.704166666666667
2018-11-24,8.266666666666667
2018-11-25,7.333333333333333
2018-11-26,-2.8833333333333333
2018-11-27,-6.104166666666667
2018-11-28,-3.233333333333334
2018-11-29,0.8208333333333334
2018-11-30,2.3208333333333333
2018-12-01,9.954166666666667
2018-12-02,4.2375
2018-12-03,0.07083333333333335
2018-12-04,-2.1166666666666667
2018-12-05,-1.1875000000000002
2018-12-06,-1.6666666666666667
2018-12-07,-3.9791666666666674
2018-12-08,-4.970833333333334
2018-12-09,-5.075
2018-12-10,-4.1125
2018-12-11,0.3833333333333333
2018-12-12,2.6958333333333333
2018-12-13,2.779166666666667
2018-12-14,4.070833333333334
2018-12-15,2.125
2018-12-16,1.7750000000000001
2018-12-17,0.9291666666666667
2018-12-18,0.8791666666666668
2018-12-19,4.916666666666667
2018-12-20,5.275
2018-12-21,0.3333333333333333
2018-12-22,0.3333333333333333
2018-12-23,-0.27916666666666673
2018-12-24,0.47500000000000003
2018-12-25,3.0583333333333336
2018-12-26,2.779166666666667
2018-12-27,8.654166666666667
2018-12-28,-0.6791666666666667
2018-12-29,-4.041666666666667
2018-12-30,-0.34166666666666673
2018-12-31,-1.2166666666666666
2019-01-01,-0.4416666666666667
2019-01-02,-1.866666666666667
2019-01-03,-0.6625000000000001
2019-01-04,1.6458333333333333
2019-01-05,3.4875000000000003
2019-01-06,5.3
2019-01-07,10.029166666666667
2019-01-08,5.0125
2019-01-09,-4.166666666666667
2019-01-10,-4.045833333333333
2019-01-11,-2.1791666666666667
2019-01-12,-1.2083333333333333
2019-01-13,-3.1625
2019-01-14,-5.541666666666667
2019-01-15,-3.2291666666666665
2019-01-16,-1.2458333333333333
2019-01-17,-0.9916666666666667
2019-01-18,-1.6458333333333333
2019-01-19,-3.658333333333333
2019-01-20,-14.595833333333333
2019-01-21,-11.129166666666668
2019-01-22,-1.4083333333333334
2019-01-23,-3.629166666666667
2019-01-24,-8.945833333333333
2019-01-25,-11.612499999999999
2019-01-26,-6.958333333333333
2019-01-27,-9.05
2019-01-28,-4.741666666666666
2019-01-29,-13.816666666666668
2019-01-30,-21.925
2019-01-31,-15.166666666666666
2019-02-01,-5.550000000000001
2019-02-02,2.229166666666667
2019-02-03,6.5
2019-02-04,6.491666666666667
2019-02-05,-0.9916666666666667
2019-02-06,2.0541666666666667
2019-02-07,-1.6375
2019-02-08,-10.179166666666667
2019-02-09,-7.866666666666667
2019-02-10,-3.3000000000000003
2019-02-11,-0.17083333333333336
2019-02-12,-1.5750000000000002
2019-02-13,-3.983333333333334
2019-02-14,3.2624999999999997
2019-02-15,-8.6875
2019-02-16,-5.3999999999999995
2019-02-17,-1.9125000000000003
2019-02-18,-3.4458333333333333
2019-02-19,-2.7625000000000006
2019-02-20,0.6750000000000002
2019-02-21,0.17500000000000002
2019-02-22,0.7083333333333334
2019-02-23,6.008333333333333
2019-02-24,-1.8875000000000002
2019-02-25,-4.0875
2019-02-26,-0.5541666666666667
2019-02-27,-1.8125
2019-02-28,-5.245833333333334
2019-03-01,-0.6166666666666667
2019-03-02,-0.4875
2019-03-03,-6.845833333333334
2019-03-04,-12.041666666666666
2019-03-05,-9.691666666666666
2019-03-06,-5.816666666666666
2019-03-07,-1.5458333333333334
2019-03-08,1.1666666666666667
2019-03-09,3.5875000000000004
2019-03-10,1.804166666666667
2019-03-11,2.4916666666666667
2019-03-12,3.904166666666667
2019-03-13,12.362499999999999
2019-03-14,10.933333333333332
2019-03-15,2.4916666666666667
2019-03-16,2.4833333333333334
2019-03-17,2.6208333333333336
2019-03-18,2.9875000000000003
2019-03-19,5.570833333333334
2019-03-20,7.220833333333334
2019-03-21,5.3125
2019-03-22,5.5125
2019-03-23,5.825
2019-03-24,9.041666666666666
2019-03-25,5.216666666666667
2019-03-26,2.775
2019-03-27,7.783333333333334
2019-03-28,13.720833333333333
2019-03-29,12.966666666666667
2019-03-30,4.716666666666667
2019-03-31,0.4416666666666667
2019-04-01,4.045833333333333
2019-04-02,7.245833333333334
2019-04-03,8.775
2019-04-04,9.904166666666667
2019-04-05,11.995833333333332
2019-04-06,14.0375
2019-04-07,17.645833333333332
2019-04-08,16.433333333333334
2019-04-09,14.641666666666667
2019-04-10,12.291666666666666
2019-04-11,17.583333333333332
2019-04-12,7.770833333333333
2019-04-13,7.575
2019-04-14,2.6333333333333333
2019-04-15,7.575
2019-04-16,17.508333333333333
2019-04-17,19.7875
2019-04-18,12.108333333333334
2019-04-19,8.704166666666667
2019-04-20,10.358333333333333
2019-04-21,15.670833333333334
2019-04-22,19.554166666666667
2019-04-23,13.929166666666667
2019-04-24,13.079166666666666
2019-04-25,14.262500000000001
2019-04-26,11.887500000000001
2019-04-27,11.6875
2019-04-28,7.904166666666668
2019-04-29,13.783333333333333
2019-04-30,15.683333333333332
2019-05-01,18.55
2019-05-02,16.05
2019-05-03,12.7875
2019-05-04,12.491666666666667
2019-05-05,15.141666666666666
2019-05-06,17.633333333333333
2019-05-07,16.82916666666667
2019-05-08,19.354166666666668
2019-05-09,14.829166666666667
2019-05-10,11.083333333333334
2019-05-11,9.104166666666666
2019-05-12,9.383333333333333
2019-05-13,12.416666666666666
2019-05-14,13.8125
2019-05-15,17.625
2019-05-16,21.6125
2019-05-17,23.608333333333334
2019-05-18,22.55
2019-05-19,19.358333333333334
2019-05-20,12.487499999999999
2019-05-21,14.358333333333334
2019-05-22,21.84166666666667
2019-05-23,21.32916666666667
2019-05-24,24.162499999999998
2019-05-25,24.295833333333334
2019-05-26,22.195833333333336
2019-05-27,23.166666666666668
2019-05-28,24.86666666666667
2019-05-29,23.270833333333332
2019-05-30,20.179166666666667
2019-05-31,20.616666666666667
2019-06-01,21.99166666666667
2019-06-02,19.225
2019-06-03,19.245833333333334
2019-06-04,21.770833333333332
2019-06-05,24.349999999999998
2019-06-06,22.712500000000002
2019-06-07,22.637500000000003
2019-06-08,20.95
2019-06-09,23.3125
2019-06-10,19.154166666666665
2019-06-11,20.133333333333333
2019-06-12,17.175
2019-06-13,15.916666666666666
2019-06-14,17.875
2019-06-15,21.395833333333332
2019-06-16,23.77916666666667
2019-06-17,19.804166666666667
2019-06-18,22.458333333333332
2019-06-19,22.0
2019-06-20,19.720833333333335
2019-06-21,20.441666666666666
2019-06-22,23.145833333333332
2019-06-23,23.012500000000003
2019-06-24,21.683333333333334
2019-06-25,22.945833333333336
2019-06-26,24.541666666666668
2019-06-27,24.22083333333333
2019-06-28,24.316666666666666
2019-06-29,25.75
2019-06-30,26.5625
2019-07-01,26.2375
2019-07-02,26.433333333333334
2019-07-03,25.895833333333332
2019-07-04,25.900000000000002
2019-07-05,26.258333333333336
2019-07-06,26.625
2019-07-07,23.675
2019-07-08,23.9375
2019-07-09,25.391666666666666
2019-07-10,26.758333333333336
2019-07-11,24.25
2019-07-12,24.391666666666666
2019-07-13,25.695833333333336
2019-07-14,25.583333333333332
2019-07-15,23.375
2019-07-16,24.916666666666668
2019-07-17,26.733333333333334
2019-07-18,27.620833333333334
2019-07-19,28.537499999999998
2019-07-20,28.270833333333332
2019-07-21,26.470833333333335
2019-07-22,21.587500000000002
2019-07-23,20.7375
2019-07-24,22.283333333333335
2019-07-25,22.041666666666668
2019-07-26,23.150000000000002
2019-07-27,24.30416666666667
2019-07-28,25.21666666666667
2019-07-29,23.916666666666668
2019-07-30,22.65416666666667
2019-07-31,20.825
2019-08-01,20.533333333333335
2019-08-02,22.787499999999998
2019-08-03,22.633333333333336
2019-08-04,24.658333333333335
2019-08-05,25.145833333333332
2019-08-06,23.945833333333336
2019-08-07,23.59166666666667
2019-08-08,24.6375
2019-08-09,22.92916666666667
2019-08-10,22.974999999999998
2019-08-11,24.9375
2019-08-12,25.895833333333332
2019-08-13,25.270833333333332
2019-08-14,23.270833333333332
2019-08-15,22.575
2019-08-16,24.079166666666666
2019-08-17,24.804166666666664
2019-08-18,25.337500000000002
2019-08-19,27.275000000000002
2019-08-20,26.316666666666666
2019-08-21,25.400000000000002
2019-08-22,22.287499999999998
2019-08-23,20.470833333333335
2019-08-24,19.241666666666667
2019-08-25,19.3125
2019-08-26,23.783333333333335
2019-08-27,22.108333333333334
2019-08-28,19.595833333333335
2019-08-29,23.21666666666667
2019-08-30,21.083333333333332
2019-08-31,20.670833333333334
2019-09-01,22.275000000000002
2019-09-02,22.587500000000002
2019-09-03,25.175
2019-09-04,20.929166666666667
2019-09-05,19.599999999999998
2019-09-06,21.875
2019-09-07,20.975
2019-09-08,18.962500000000002
2019-09-09,24.033333333333335
2019-09-10,26.041666666666668
2019-09-11,26.504166666666666
2019-09-12,27.037499999999998
2019-09-13,23.158333333333335
2019-09-14,21.52916666666667
2019-09-15,23.816666666666666
2019-09-16,25.325
2019-09-17,23.204166666666666
2019-09-18,23.291666666666668
2019-09-19,24.912499999999998
2019-09-20,25.5625
2019-09-21,23.883333333333336
2019-09-22,23.733333333333334
2019-09-23,20.095833333333335
2019-09-24,20.183333333333334
2019-09-25,21.545833333333334
2019-09-26,18.175
2019-09-27,21.724999999999998
2019-09-28,22.137500000000003
2019-09-29,24.474999999999998
2019-09-30,25.2
2019-10-01,25.545833333333334
2019-10-02,24.704166666666666
2019-10-03,17.224999999999998
2019-10-04,13.295833333333334
2019-10-05,15.700000000000001
2019-10-06,15.174999999999999
2019-10-07,14.270833333333334
2019-10-08,15.012500000000001
2019-10-09,15.612499999999999
2019-10-10,18.020833333333332
2019-10-11,9.2875
2019-10-12,7.704166666666667
2019-10-13,9.454166666666667
2019-10-14,10.141666666666667
2019-10-15,12.85
2019-10-16,8.1125
2019-10-17,8.4625
2019-10-18,10.375
2019-10-19,12.783333333333333
2019-10-20,13.504166666666668
2019-10-21,14.887500000000001
2019-10-22,9.6
2019-10-23,12.549999999999999
2019-10-24,7.741666666666667
2019-10-25,8.170833333333333
2019-10-26,8.1125
2019-10-27,9.316666666666666
2019-10-28,9.120833333333334
2019-10-29,4.9
2019-10-30,2.2583333333333333
2019-10-31,-1.7875000000000003
2019-11-01,0.8374999999999999
2019-11-02,3.3625000000000003
2019-11-03,5.379166666666666
2019-11-04,6.4375
2019-11-05,4.441666666666666
2019-11-06,6.2625
2019-11-07,-1.1125
2019-11-08,-3.6500000000000004
2019-11-09,3.8791666666666664
2019-11-10,6.083333333333333
2019-11-11,-2.9333333333333336
2019-11-12,-8.266666666666667
2019-11-13,-4.195833333333334
2019-11-14,-1.5208333333333333
2019-11-15,-0.7125
2019-11-16,0.4916666666666667
2019-11-17,1.0250000000000001
2019-11-18,2.1083333333333334
2019-11-19,4.25
2019-11-20,5.7749999999999995
2019-11-21,9.391666666666667
2019-11-22,0.625
2019-11-23,1.0375
2019-11-24,4.116666666666666
2019-11-25,7.1875
2019-11-26,8.508333333333333
2019-11-27,4.454166666666667
2019-11-28,-0.4083333333333334
2019-11-29,2.441666666666667
2019-11-30,5.683333333333334
2019-12-01,2.4333333333333336
2019-12-02,-0.7791666666666668
2019-12-03,1.2916666666666667
2019-12-04,3.5375
2019-12-05,5.129166666666667
2019-12-06,2.4458333333333333
2019-12-07,-0.17083333333333336
2019-12-08,5.229166666666667
2019-12-09,4.408333333333333
2019-12-10,-5.066666666666667
2019-12-11,-2.254166666666667
2019-12-12,1.2375
2019-12-13,2.154166666666667
2019-12-14,-0.8500000000000001
2019-12-15,-3.533333333333333
2019-12-16,-3.0250000000000004
2019-12-17,-4.65
2019-12-18,-6.070833333333334
2019-12-19,-2.4125
2019-12-20,0.5458333333333334
2019-12-21,1.05
2019-12-22,1.7708333333333333
2019-12-23,3.1458333333333335
2019-12-24,4.991666666666667
2019-12-25,9.404166666666667
2019-12-26,11.920833333333334
2019-12-27,2.6333333333333333
2019-12-28,8.208333333333334
2019-12-29,11.783333333333333
2019-12-30,0.26666666666666666
2019-12-31,-0.1958333333333333
2020-01-01,2.4958333333333336
2020-01-02,5.708333333333333
2020-01-03,2.9166666666666665
2020-01-04,-0.9333333333333332
2020-01-05,1.45
2020-01-06,0.17916666666666672
2020-01-07,0.9249999999999999
2020-01-08,-2.3875
2020-01-09,6.391666666666667
2020-01-10,11.325000000000001
2020-01-11,0.7416666666666667
2020-01-12,-2.783333333333333
2020-01-13,0.00833333333333335
2020-01-14,3.0250000000000004
2020-01-15,3.2875
2020-01-16,-6.008333333333334
2020-01-17,-2.5625
2020-01-18,-3.1625
2020-01-19,-13.237499999999999
2020-01-20,-9.141666666666667
2020-01-21,-6.295833333333333
2020-01-22,-2.5875
2020-01-23,0.3166666666666667
2020-01-24,-0.41666666666666674
2020-01-25,-1.4666666666666668
2020-01-26,-3.2458333333333336
2020-01-27,-2.6
2020-01-28,-2.454166666666667
2020-01-29,-2.0208333333333335
2020-01-30,-0.7833333333333333
2020-01-31,1.0416666666666667
2020-02-01,0.9375
2020-02-02,5.575
2020-02-03,8.137500000000001
2020-02-04,1.55
2020-02-05,-1.5250000000000001
2020-02-06,-2.5375
2020-02-07,-1.6708333333333334
2020-02-08,-2.3000000000000003
2020-02-09,0.4416666666666667
2020-02-10,-1.3333333333333333
2020-02-11,0.04999999999999998
2020-02-12,-0.33749999999999997
2020-02-13,-9.383333333333333
2020-02-14,-12.908333333333333
2020-02-15,-2.3958333333333335
2020-02-16,0.7958333333333334
2020-02-17,2.9375
2020-02-18,-0.020833333333333332
2020-02-19,-2.0000000000000004
2020-02-20,-5.520833333333333
2020-02-21,-3.9375
2020-02-22,0.8541666666666666
2020-02-23,5.4875
2020-02-24,4.25
2020-02-25,1.6125
2020-02-26,-1.5583333333333333
2020-02-27,-1.4416666666666667
2020-02-28,-2.0125
2020-02-29,-1.2625000000000002
2020-03-01,7.133333333333333
2020-03-02,5.391666666666667
2020-03-03,4.795833333333333
2020-03-04,5.716666666666668
2020-03-05,5.7
2020-03-06,1.7541666666666667
2020-03-07,3.391666666666667
2020-03-08,9.491666666666667
2020-03-09,11.887500000000001
2020-03-10,5.141666666666667
2020-03-11,6.908333333333334
2020-03-12,9.358333333333333
2020-03-13,4.833333333333333
2020-03-14,1.9166666666666667
2020-03-15,1.7291666666666667
2020-03-16,3.4791666666666665
2020-03-17,5.441666666666666
2020-03-18,7.566666666666666
2020-03-19,14.275
2020-03-20,6.554166666666667
2020-03-21,0.7125
2020-03-22,0.13750000000000004
2020-03-23,3.766666666666667
2020-03-24,4.733333333333333
2020-03-25,8.2875
2020-03-26,10.983333333333334
2020-03-27,13.733333333333334
2020-03-28,18.754166666666666
2020-03-29,10.745833333333332
2020-03-30,9.404166666666667
2020-03-31,6.8999999999999995
2020-04-01,6.920833333333333
2020-04-02,10.695833333333333
2020-04-03,12.591666666666667
2020-04-04,6.320833333333334
2020-04-05,8.720833333333333
2020-04-06,13.520833333333334
2020-04-07,20.337500000000002
2020-04-08,18.225
2020-04-09,6.954166666666667
2020-04-10,5.391666666666667
2020-04-11,11.133333333333333
2020-04-12,12.504166666666668
2020-04-13,3.454166666666667
2020-04-14,2.920833333333334
2020-04-15,2.8875000000000006
2020-04-16,3.154166666666667
2020-04-17,3.2458333333333336
2020-04-18,6.483333333333333
2020-04-19,10.787500000000001
2020-04-20,11.641666666666667
2020-04-21,9.458333333333334
2020-04-22,13.424999999999999
2020-04-23,12.762500000000001
2020-04-24,14.358333333333334
2020-04-25,9.379166666666666
2020-04-26,11.387500000000001
2020-04-27,14.116666666666667
2020-04-28,18.21666666666667
2020-04-29,11.145833333333334
2020-04-30,12.458333333333334
2020-05-01,14.179166666666667
2020-05-02,20.1875
2020-05-03,16.625
2020-05-04,11.625
2020-05-05,9.241666666666667
2020-05-06,10.2125
2020-05-07,12.883333333333333
2020-05-08,9.020833333333334
2020-05-09,9.295833333333333
2020-05-10,8.233333333333333
2020-05-11,8.220833333333333
2020-05-12,10.829166666666666
2020-05-13,11.695833333333333
2020-05-14,19.808333333333334
2020-05-15,19.983333333333334
2020-05-16,19.633333333333333
2020-05-17,18.325
2020-05-18,14.504166666666668
2020-05-19,16.2
2020-05-20,15.345833333333333
2020-05-21,15.229166666666666
2020-05-22,18.795833333333334
2020-05-23,22.758333333333336
2020-05-24,23.65833333333333
2020-05-25,23.570833333333336
2020-05-26,23.40416666666667
2020-05-27,21.825000000000003
2020-05-28,21.308333333333334
2020-05-29,18.695833333333333
2020-05-30,16.854166666666668
2020-05-31,17.616666666666667
2020-06-01,19.120833333333334
2020-06-02,23.254166666666666
2020-06-03,24.254166666666666
2020-06-04,23.579166666666666
2020-06-05,24.020833333333332
2020-06-06,24.825
2020-06-07,22.645833333333332
2020-06-08,23.11666666666667
2020-06-09,25.474999999999998
2020-06-10,20.0375
2020-06-11,20.395833333333332
2020-06-12,22.820833333333336
2020-06-13,19.375
2020-06-14,18.066666666666666
2020-06-15,18.1375
2020-06-16,20.925
2020-06-17,22.345833333333335
2020-06-18,23.541666666666668
2020-06-19,24.5
2020-06-20,24.349999999999998
2020-06-21,24.395833333333332
2020-06-22,23.233333333333334
2020-06-23,19.533333333333335
2020-06-24,20.95
2020-06-25,23.220833333333335
2020-06-26,24.99166666666667
2020-06-27,24.454166666666666
2020-06-28,25.233333333333334
2020-06-29,25.9875
2020-06-30,23.433333333333334
2020-07-01,24.541666666666668
2020-07-02,25.879166666666666
2020-07-03,25.575000000000003
2020-07-04,25.712500000000002
2020-07-05,26.78333333333333
2020-07-06,27.80416666666667
2020-07-07,28.087500000000002
2020-07-08,27.625
2020-07-09,26.758333333333336
2020-07-10,24.079166666666666
2020-07-11,25.754166666666666
2020-07-12,23.995833333333334
2020-07-13,22.40416666666667
2020-07-14,23.75
2020-07-15,24.254166666666666
2020-07-16,23.954166666666666
2020-07-17,25.579166666666666
2020-07-18,27.087500000000002
2020-07-19,25.854166666666668
2020-07-20,24.616666666666664
2020-07-21,24.979166666666668
2020-07-22,25.045833333333334
2020-07-23,23.566666666666666
2020-07-24,23.854166666666668
2020-07-25,25.945833333333336
2020-07-26,27.474999999999998
2020-07-27,24.320833333333336
2020-07-28,23.745833333333334
2020-07-29,24.587500000000002
2020-07-30,22.295833333333334
2020-07-31,21.3125
2020-08-01,20.620833333333334
2020-08-02,22.608333333333334
2020-08-03,19.983333333333334
2020-08-04,18.462500000000002
2020-08-05,18.925
2020-08-06,20.191666666666666
2020-08-07,21.599999999999998
2020-08-08,23.870833333333334
2020-08-09,25.079166666666666
2020-08-10,26.474999999999998
2020-08-11,23.575
2020-08-12,23.745833333333334
2020-08-13,24.61666666666667
2020-08-14,24.625
2020-08-15,23.945833333333336
2020-08-16,22.308333333333334
2020-08-17,23.691666666666666
2020-08-18,22.333333333333332
2020-08-19,20.116666666666667
2020-08-20,21.091666666666665
2020-08-21,22.55416666666667
2020-08-22,23.141666666666666
2020-08-23,25.566666666666666
2020-08-24,27.474999999999998
2020-08-25,27.11666666666667
2020-08-26,26.887500000000003
2020-08-27,26.0625
2020-08-28,27.483333333333334
2020-08-29,23.450000000000003
2020-08-30,20.179166666666667
2020-08-31,23.516666666666666
2020-09-01,22.366666666666664
2020-09-02,23.566666666666666
2020-09-03,22.86666666666667
2020-09-04,20.337500000000002
2020-09-05,22.84583333333333
2020-09-06,23.608333333333334
2020-09-07,25.629166666666666
2020-09-08,23.075000000000003
2020-09-09,22.758333333333336
2020-09-10,20.979166666666668
2020-09-11,22.099999999999998
2020-09-12,20.7875
2020-09-13,19.375
2020-09-14,19.233333333333334
2020-09-15,19.208333333333332
2020-09-16,20.087500000000002
2020-09-17,19.0375
2020-09-18,15.145833333333334
2020-09-19,13.358333333333334
2020-09-20,14.791666666666666
2020-09-21,16.662499999999998
2020-09-22,17.8625
2020-09-23,18.083333333333332
2020-09-24,18.241666666666667
2020-09-25,19.320833333333333
2020-09-26,21.287499999999998
2020-09-27,19.2875
2020-09-28,14.045833333333334
2020-09-29,12.220833333333333
2020-09-30,14.379166666666668
2020-10-01,11.533333333333333
2020-10-02,10.704166666666666
2020-10-03,10.654166666666667
2020-10-04,9.262500000000001
2020-10-05,10.070833333333335
2020-10-06,15.595833333333333
2020-10-07,19.0125
2020-10-08,18.225
2020-10-09,19.991666666666667
2020-10-10,21.3125
2020-10-11,20.675
2020-10-12,16.429166666666667
2020-10-13,15.012500000000001
2020-10-14,17.870833333333334
2020-10-15,10.6
2020-10-16,8.066666666666666
2020-10-17,12.0875
2020-10-18,9.725
2020-10-19,8.116666666666667
2020-10-20,10.183333333333334
2020-10-21,11.637500000000001
2020-10-22,20.283333333333335
2020-10-23,10.404166666666667
2020-10-24,5.808333333333334
2020-10-25,7.145833333333333
2020-10-26,2.2458333333333336
2020-10-27,3.8541666666666665
2020-10-28,6.495833333333334
2020-10-29,6.075
2020-10-30,4.545833333333333
2020-10-31,8.754166666666666
2020-11-01,3.466666666666667
2020-11-02,3.5208333333333335
2020-11-03,10.325000000000001
2020-11-04,13.787500000000001
2020-11-05,14.775
2020-11-06,14.320833333333333
2020-11-07,14.541666666666666
2020-11-08,17.9375
2020-11-09,19.587500000000002
2020-11-10,16.745833333333334
2020-11-11,4.683333333333334
2020-11-12,6.5625
2020-11-13,1.7375
2020-11-14,6.458333333333333
2020-11-15,7.370833333333334
2020-11-16,6.2749999999999995
2020-11-17,2.466666666666667
2020-11-18,4.920833333333333
2020-11-19,12.225000000000001
2020-11-20,13.208333333333334
2020-11-21,6.866666666666667
2020-11-22,4.566666666666667
2020-11-23,2.908333333333333
2020-11-24,6.791666666666667
2020-11-25,8.841666666666667
2020-11-26,5.8875
2020-11-27,3.7708333333333335
2020-11-28,3.1125000000000003
2020-11-29,3.1500000000000004
2020-11-30,-1.5083333333333335
2020-12-01,-2.316666666666667
2020-12-02,0.9833333333333334
2020-12-03,1.5833333333333333
2020-12-04,2.0166666666666666
2020-12-05,1.1208333333333333
2020-12-06,0.9083333333333333
2020-12-07,0.9625
2020-12-08,1.5958333333333334
2020-12-09,5.654166666666666
2020-12-10,6.666666666666667
2020-12-11,8.275
2020-12-12,4.054166666666667
2020-12-13,-0.3416666666666668
2020-12-14,-2.9291666666666667
2020-12-15,-2.5083333333333333
2020-12-16,-2.141666666666667
2020-12-17,-1.9833333333333334
2020-12-18,0.08750000000000004
2020-12-19,1.9166666666666667
2020-12-20,0.2750000000000001
2020-12-21,3.7291666666666665
2020-12-22,2.154166666666667
2020-12-23,5.416666666666667
2020-12-24,-7.670833333333333
2020-12-25,-9.145833333333334
2020-12-26,-2.525
2020-12-27,2.5208333333333335
2020-12-28,-2.504166666666667
2020-12-29,-2.191666666666667
2020-12-30,0.01250000000000003
2020-12-31,-3.216666666666667
