datetime,water_temperature
2015-01-01,2.3940293348371995
2015-01-02,3.4624103886375153
2015-01-03,3.955689467877547
2015-01-04,1.8445917947116666
2015-01-05,0.9995874585056659
2015-01-06,1.5631663952369004
2015-01-07,0.6471069285359976
2015-01-08,0.9033642918639748
2015-01-09,0.8655712989211048
2015-01-10,1.212175602358759
2015-01-11,2.7996086646788156
2015-01-12,1.7332449637016127
2015-01-13,0.920804149825784
2015-01-14,1.1247673063100745
2015-01-15,2.36915498209889
2015-01-16,3.391756660471727
2015-01-17,4.983947931435632
2015-01-18,4.6026472902492825
2015-01-19,4.813934097981931
2015-01-20,4.53401985556103
2015-01-21,3.955689467877547
2015-01-22,3.5526470692322936
2015-01-23,3.5893461255253767
2015-01-24,4.53401985556103
2015-01-25,3.955689467877547
2015-01-26,3.138639258257343
2015-01-27,3.6450492311937976
2015-01-28,3.955689467877547
2015-01-29,4.443901199442026
2015-01-30,3.074213889705908
2015-01-31,3.7396515587203942
2015-02-01,3.3569354638631634
2015-02-02,1.3754015724574677
2015-02-03,2.699340123758599
2015-02-04,2.0901551170839583
2015-02-05,0.9296765769246317
2015-02-06,2.9338303547886717
2015-02-07,5.967749490452334
2015-02-08,6.170357416437687
2015-02-09,3.154944403530326
2015-02-10,3.391756660471727
2015-02-11,3.534427610976831
2015-02-12,1.628962044443735
2015-02-13,2.2841112118818496
2015-02-14,1.5313432373414555
2015-02-15,1.0143091678843317
2015-02-16,1.3273585382527453
2015-02-17,1.883348560591263
2015-02-18,0.8821249527340257
2015-02-19,0.7360482195343407
2015-02-20,1.4697762442814915
2015-02-21,3.011047071511891
2015-02-22,1.5551444334607325
2015-02-23,0.7633653527830905
2015-02-24,1.7332449637016127
2015-02-25,2.8436775065770474
2015-02-26,1.742248434498626
2015-02-27,1.039416295206514
2015-02-28,1.7973125137834587
2015-03-01,2.535547060369199
2015-03-02,2.6574459318169046
2015-03-03,4.246847305194208
2015-03-04,1.963418205636883
2015-03-05,1.2683041710541003
2015-03-06,2.381559784515875
2015-03-07,5.687498024277498
2015-03-08,5.882542235912393
2015-03-09,6.778644484012681
2015-03-10,8.054268171960821
2015-03-11,8.712102702068455
2015-03-12,7.498159459277992
2015-03-13,9.168973467694379
2015-03-14,9.053416871711676
2015-03-15,9.961298799328478
2015-03-16,16.13972174072906
2015-03-17,7.296710939437978
2015-03-18,5.108470924586724
2015-03-19,5.939238984091478
2015-03-20,7.066624341937939
2015-03-21,9.13035661115432
2015-03-22,6.8736553607883195
2015-03-23,5.0833593060379005
2015-03-24,5.497704695844785
2015-03-25,7.066624341937939
2015-03-26,5.209957885945524
2015-03-27,3.498247438007515
2015-03-28,3.4624103886375153
2015-03-29,5.939238984091478
2015-03-30,10.124171582427296
2015-03-31,13.811803772946094
2015-04-01,15.205802581896489
2015-04-02,16.88405731234322
2015-04-03,8.415591770588723
2015-04-04,7.296710939437978
2015-04-05,10.621084929353145
2015-04-06,13.950291966770079
2015-04-07,17.622140474960357
2015-04-08,21.549734052306697
2015-04-09,20.279289045342544
2015-04-10,10.83165399111208
2015-04-11,10.49571908268606
2015-04-12,15.299194096542166
2015-04-13,16.419361818248753
2015-04-14,13.124076944766742
2015-04-15,14.553157215938457
2015-04-16,18.620663874671337
2015-04-17,20.69815469902606
2015-04-18,20.23695851067244
2015-04-19,17.161754530787256
2015-04-20,10.747185719082514
2015-04-21,10.747185719082514
2015-04-22,7.5321124861510675
2015-04-23,8.900722537214374
2015-04-24,11.044195890772816
2015-04-25,11.649187346386034
2015-04-26,9.92080337578941
2015-04-27,10.83165399111208
2015-04-28,12.491001600623656
2015-04-29,15.9530659355089
2015-04-30,12.222819022022883
2015-05-01,13.857935916579187
2015-05-02,18.078770404942045
2015-05-03,21.229992173689137
2015-05-04,23.12572245611307
2015-05-05,23.090302747888927
2015-05-06,23.474065972578202
2015-05-07,23.474065972578202
2015-05-08,22.3223811674661
2015-05-09,21.0271959250561
2015-05-10,23.01914625363808
2015-05-11,18.35061721292092
2015-05-12,13.215264207852435
2015-05-13,14.367244408449132
2015-05-14,17.254093522649587
2015-05-15,22.69374930839639
2015-05-16,22.509342467887112
2015-05-17,23.64421710382997
2015-05-18,20.780931475062427
2015-05-19,12.35665642241105
2015-05-20,9.285407860281804
2015-05-21,12.222819022022883
2015-05-22,17.713792516810223
2015-05-23,20.73958555001493
2015-05-24,22.28468536389749
2015-05-25,23.576480003167397
2015-05-26,22.983409842007127
2015-05-27,22.65707385045222
2015-05-28,23.266340227858326
2015-05-29,23.844832258841997
2015-05-30,20.321540498113485
2015-05-31,12.896886693156027
2015-06-01,16.465917428113194
2015-06-02,18.03329906956532
2015-06-03,19.938478286147916
2015-06-04,22.803154079789667
2015-06-05,23.576480003167397
2015-06-06,21.66809866345508
2015-06-07,25.110715578510824
2015-06-08,23.745012184474504
2015-06-09,24.878106506635817
2015-06-10,25.68848593693037
2015-06-11,25.793210053291098
2015-06-12,25.896251389233885
2015-06-13,25.68848593693037
2015-06-14,25.167783595622506
2015-06-15,25.110715578510824
2015-06-16,24.170497690552015
2015-06-17,24.041538668343534
2015-06-18,24.360661618188082
2015-06-19,22.47215350291636
2015-06-20,24.546892417309035
2015-06-21,25.252575163743444
2015-06-22,26.363058280501214
2015-06-23,24.138421551991588
2015-06-24,24.07394199891167
2015-06-25,25.741058974590313
2015-06-26,22.056410463140146
2015-06-27,21.863466131724998
2015-06-28,22.3223811674661
2015-06-29,22.69374930839639
2015-06-30,23.71152203545772
2015-07-01,23.71152203545772
2015-07-02,19.852519335300517
2015-07-03,21.902250260449144
2015-07-04,22.839414368169987
2015-07-05,23.745012184474504
2015-07-06,25.501140289264306
2015-07-07,21.430524092380946
2015-07-08,17.57625768068024
2015-07-09,20.73958555001493
2015-07-10,21.707363850694296
2015-07-11,24.818867140645175
2015-07-12,26.456646377912374
2015-07-13,27.108565031680445
2015-07-14,26.24380168811863
2015-07-15,23.336010151939508
2015-07-16,25.473950634368713
2015-07-17,27.026615368995124
2015-07-18,26.639035580188917
2015-07-19,26.146563154936143
2015-07-20,25.024301330396504
2015-07-21,23.474065972578202
2015-07-22,23.336010151939508
2015-07-23,24.10623630817166
2015-07-24,24.45426873074112
2015-07-25,25.473950634368713
2015-07-26,25.66204080336848
2015-07-27,26.17102636031568
2015-07-28,26.5257864169379
2015-07-29,24.995279665605803
2015-07-30,24.170497690552015
2015-07-31,24.818867140645175
2015-08-01,24.485252556073654
2015-08-02,25.555199432339112
2015-08-03,24.69908069766475
2015-08-04,23.2313452836459
2015-08-05,23.778393996399817
2015-08-06,23.2313452836459
2015-08-07,23.71152203545772
2015-08-08,25.555199432339112
2015-08-09,24.966149418588003
2015-08-10,25.280623280416123
2015-08-11,23.71152203545772
2015-08-12,23.610402521619985
2015-08-13,24.009026364938055
2015-08-14,24.848541270837437
2015-08-15,25.446654086309028
2015-08-16,25.110715578510824
2015-08-17,25.252575163743444
2015-08-18,25.139303678617505
2015-08-19,20.489744431492923
2015-08-20,20.152062447539922
2015-08-21,21.350586530581104
2015-08-22,20.98636988067992
2015-08-23,21.27028145751573
2015-08-24,18.35061721292092
2015-08-25,18.214908654702995
2015-08-26,18.84421217875442
2015-08-27,19.938478286147916
2015-08-28,21.66809866345508
2015-08-29,23.37068482665333
2015-08-30,24.608095311023995
2015-08-31,25.196155419452438
2015-09-01,25.97243437098902
2015-09-02,26.04768136683155
2015-09-03,26.267856028108728
2015-09-04,26.339409571045493
2015-09-05,26.17102636031568
2015-09-06,26.479792791747812
2015-09-07,25.844940426509133
2015-09-08,24.608095311023995
2015-09-09,23.12572245611307
2015-09-10,23.474065972578202
2015-09-11,19.723033127040665
2015-09-12,14.367244408449132
2015-09-13,15.766290969700195
2015-09-14,20.279289045342544
2015-09-15,21.229992173689137
2015-09-16,21.9409371014692
2015-09-17,24.234322514018803
2015-09-18,24.72919088536235
2015-09-19,18.260193598207184
2015-09-20,17.53033810616719
2015-09-21,18.48587566350495
2015-09-22,21.108582594172773
2015-09-23,21.350586530581104
2015-09-24,20.98636988067992
2015-09-25,21.310479720403865
2015-09-26,21.149142296939882
2015-09-27,21.785607422645302
2015-09-28,22.620295188957538
2015-09-29,20.531592224972687
2015-09-30,15.25249559776568
2015-10-01,12.987625570138894
2015-10-02,12.715985363466089
2015-10-03,11.912613931905044
2015-10-04,14.925807819354075
2015-10-05,17.759560168179636
2015-10-06,19.242883469240915
2015-10-07,20.98636988067992
2015-10-08,21.310479720403865
2015-10-09,15.392604096002993
2015-10-10,13.71963534945029
2015-10-11,18.078770404942045
2015-10-12,20.19454945583161
2015-10-13,14.367244408449132
2015-10-14,13.765703311274788
2015-10-15,15.439313872490803
2015-10-16,9.759726247478374
2015-10-17,7.296710939437978
2015-10-18,9.442002640434126
2015-10-19,14.367244408449132
2015-10-20,17.11554045054863
2015-10-21,19.938478286147916
2015-10-22,19.592904376509033
2015-10-23,18.79961576497026
2015-10-24,15.99974320849633
2015-10-25,10.916437952248181
2015-10-26,11.956744203575463
2015-10-27,12.625834997309616
2015-10-28,11.649187346386034
2015-10-29,6.8736553607883195
2015-10-30,8.712102702068455
2015-10-31,10.958946905267332
2015-11-01,12.851588168134088
2015-11-02,13.535704774806296
2015-11-03,13.260921403580285
2015-11-04,16.93040620094716
2015-11-05,18.440840773946512
2015-11-06,10.83165399111208
2015-11-07,7.566173304907188
2015-11-08,6.778644484012681
2015-11-09,7.634617841694172
2015-11-10,8.787248774580979
2015-11-11,13.811803772946094
2015-11-12,9.324412755311922
2015-11-13,6.499511762538318
2015-11-14,9.13035661115432
2015-11-15,11.388186502377176
2015-11-16,10.083320642983281
2015-11-17,15.439313872490803
2015-11-18,13.352358993371187
2015-11-19,6.378292699774715
2015-11-20,5.365328549248307
2015-11-21,3.1877952667798617
2015-11-22,2.4961498988054105
2015-11-23,4.53401985556103
2015-11-24,6.2292229687250575
2015-11-25,9.639880327074666
2015-11-26,15.626164698474463
2015-11-27,7.430577229271997
2015-11-28,4.695546637791974
2015-11-29,4.6026472902492825
2015-11-30,5.578404414291802
2015-12-01,5.4444364415081195
2015-12-02,3.8169405885289076
2015-12-03,3.682624213062486
2015-12-04,4.399431132472587
2015-12-05,4.579672126595267
2015-12-06,5.798306341667388
2015-12-07,5.184429722838216
2015-12-08,8.089929028722484
2015-12-09,8.712102702068455
2015-12-10,8.976871317223706
2015-12-11,9.285407860281804
2015-12-12,16.465917428113194
2015-12-13,17.53033810616719
2015-12-14,8.749625233490141
2015-12-15,5.524498152212554
2015-12-16,6.71585012363602
2015-12-17,3.409293251318585
2015-12-18,3.2209688047038783
2015-12-19,2.9491204045529704
2015-12-20,6.408433746045196
2015-12-21,9.759726247478374
2015-12-22,5.578404414291802
2015-12-23,12.04519224534863
2015-12-24,5.854355806232886
2015-12-25,5.687498024277498
2015-12-26,7.230428356221175
2015-12-27,4.648896786552355
2015-12-28,4.26835535605783
2015-12-29,3.154944403530326
2015-12-30,2.7134474522558567
2015-12-31,2.2722145102244515
2016-01-01,2.2722145102244515
2016-01-02,2.522346956335034
2016-01-03,2.13423521702502
2016-01-04,2.004763193938498
2016-01-05,2.431829237210617
2016-01-06,3.3224483564060487
2016-01-07,4.625722103305727
2016-01-08,5.687498024277498
2016-01-09,3.026721792999616
2016-01-10,0.8947946450594617
2016-01-11,2.213659865310008
2016-01-12,1.361481871938223
2016-01-13,2.0470033318044965
2016-01-14,5.471017505946835
2016-01-15,4.26835535605783
2016-01-16,2.5755570455036803
2016-01-17,0.8947946450594617
2016-01-18,0.7294164966130458
2016-01-19,1.2619256801540977
2016-01-20,1.6122400183136918
2016-01-21,1.8255259925472536
2016-01-22,2.36915498209889
2016-01-23,2.3201777452352466
2016-01-24,3.0902015243124703
2016-01-25,4.443901199442026
2016-01-26,3.4624103886375153
2016-01-27,3.534427610976831
2016-01-28,4.443901199442026
2016-01-29,3.778116229024152
2016-01-30,6.318337837070607
2016-01-31,8.125695210686855
2016-02-01,5.108470924586724
2016-02-02,6.841875846002501
2016-02-03,3.607826280388089
2016-02-04,2.785066410046398
2016-02-05,3.1877952667798617
2016-02-06,4.225435149825671
2016-02-07,5.0833593060379005
2016-02-08,2.548815255659598
2016-02-09,1.579343982076387
2016-02-10,1.4037132344518901
2016-02-11,1.8350330496067087
2016-02-12,2.0470033318044965
2016-02-13,1.1940928975171974
2016-02-14,1.9839798304618883
2016-02-15,3.0902015243124703
2016-02-16,3.720553428339907
2016-02-17,4.289959548181077
2016-02-18,5.4444364415081195
2016-02-19,12.17832273009478
2016-02-20,10.165110238041727
2016-02-21,5.578404414291802
2016-02-22,4.861998616482587
2016-02-23,4.934860700739307
2016-02-24,4.036999854327473
2016-02-25,3.8758562674801222
2016-02-26,3.1062681057699417
2016-02-27,6.170357416437687
2016-02-28,10.747185719082514
2016-02-29,7.566173304907188
2016-03-01,4.421617254979543
2016-03-02,3.1224139213584032
2016-03-03,4.579672126595267
2016-03-04,4.1617715791017185
2016-03-05,5.184429722838216
2016-03-06,7.034190184564953
2016-03-07,14.599683343047493
2016-03-08,16.512456173291604
2016-03-09,16.093071970206843
2016-03-10,9.560447405799366
2016-03-11,9.560447405799366
2016-03-12,12.000937202744828
2016-03-13,13.950291966770079
2016-03-14,14.135348016002814
2016-03-15,17.392366762374447
2016-03-16,11.388186502377176
2016-03-17,9.719685286562367
2016-03-18,6.288523937822341
2016-03-19,5.798306341667388
2016-03-20,5.133686415802765
2016-03-21,6.841875846002501
2016-03-22,12.580837505297799
2016-03-23,16.046412173208484
2016-03-24,10.288447718874698
2016-03-25,6.053930596388634
2016-03-26,8.824973036116816
2016-03-27,8.125695210686855
2016-03-28,7.5321124861510675
2016-03-29,8.900722537214374
2016-03-30,13.857935916579187
2016-03-31,15.85968990546376
2016-04-01,7.947919439066305
2016-04-02,5.471017505946835
2016-04-03,12.089508643105411
2016-04-04,7.772794911286288
2016-04-05,6.141087774673997
2016-04-06,10.083320642983281
2016-04-07,6.71585012363602
2016-04-08,5.715039053880522
2016-04-09,4.53401985556103
2016-04-10,9.639880327074666
2016-04-11,8.233623720976041
2016-04-12,6.8736553607883195
2016-04-13,9.324412755311922
2016-04-14,12.000937202744828
2016-04-15,16.512456173291604
2016-04-16,18.30543003634618
2016-04-17,19.418429290837196
2016-04-18,20.321540498113485
2016-04-19,20.447814823054262
2016-04-20,18.30543003634618
2016-04-21,16.326203410006677
2016-04-22,15.392604096002993
2016-04-23,13.71963534945029
2016-04-24,19.505803284639143
2016-04-25,22.47215350291636
2016-04-26,20.024139443573457
2016-04-27,14.739363168097313
2016-04-28,15.812992870094556
2016-04-29,14.08904308071662
2016-04-30,15.85968990546376
2016-05-01,14.274414855794836
2016-05-02,11.868547067543933
2016-05-03,13.535704774806296
2016-05-04,13.306619928409509
2016-05-05,12.40138268821999
2016-05-06,17.438391838330578
2016-05-07,19.89553573499481
2016-05-08,18.754962010120142
2016-05-09,19.15472225522701
2016-05-10,20.69815469902606
2016-05-11,21.746533561404693
2016-05-12,17.850974762286945
2016-05-13,16.046412173208484
2016-05-14,8.938747171890206
2016-05-15,10.663037581097548
2016-05-16,11.561910615733199
2016-05-17,11.215601823093444
2016-05-18,14.228034739087567
2016-05-19,16.419361818248753
2016-05-20,16.6984255299732
2016-05-21,17.805287847023017
2016-05-22,20.904454716851035
2016-05-23,21.902250260449144
2016-05-24,22.170996093035832
2016-05-25,23.405252447823205
2016-05-26,23.474065972578202
2016-05-27,23.37068482665333
2016-05-28,23.71152203545772
2016-05-29,23.405252447823205
2016-05-30,24.42317563318187
2016-05-31,23.778393996399817
2016-06-01,23.405252447823205
2016-06-02,22.87557030104381
2016-06-03,22.620295188957538
2016-06-04,22.246889050555456
2016-06-05,21.66809866345508
2016-06-06,22.620295188957538
2016-06-07,19.330787595158316
2016-06-08,20.615040246731095
2016-06-09,24.297710545247813
2016-06-10,26.04768136683155
2016-06-11,26.456646377912374
2016-06-12,25.555199432339112
2016-06-13,25.741058974590313
2016-06-14,26.639035580188917
2016-06-15,26.985078706374843
2016-06-16,25.473950634368713
2016-06-17,23.81166738255842
2016-06-18,24.45426873074112
2016-06-19,26.219645429908404
2016-06-20,26.92206566784431
2016-06-21,25.3917398156792
2016-06-22,27.026615368995124
2016-06-23,26.29180865209299
2016-06-24,25.252575163743444
2016-06-25,26.59403219400352
2016-06-26,26.59403219400352
2016-06-27,26.433399936646516
2016-06-28,23.745012184474504
2016-06-29,21.229992173689137
2016-06-30,23.01914625363808
2016-07-01,22.69374930839639
2016-07-02,18.93323014052999
2016-07-03,19.286868003735073
2016-07-04,22.69374930839639
2016-07-05,25.58206918419824
2016-07-06,25.66204080336848
2016-07-07,25.024301330396504
2016-07-08,25.68848593693037
2016-07-09,23.943675055350173
2016-07-10,24.936910519832118
2016-07-11,26.17102636031568
2016-07-12,25.66204080336848
2016-07-13,25.473950634368713
2016-07-14,25.921750007459508
2016-07-15,23.81166738255842
2016-07-16,23.67792364261579
2016-07-17,26.24380168811863
2016-07-18,26.793465752892907
2016-07-19,26.386606102869223
2016-07-20,26.04768136683155
2016-07-21,26.836716019244346
2016-07-22,26.879581999412306
2016-07-23,26.964169019906688
2016-07-24,26.964169019906688
2016-07-25,25.997620464949097
2016-07-26,25.81912774811026
2016-07-27,25.793210053291098
2016-07-28,25.81912774811026
2016-07-29,24.391973261587708
2016-07-30,24.329240709278356
2016-07-31,25.082019208702476
2016-08-01,25.252575163743444
2016-08-02,25.446654086309028
2016-08-03,25.58206918419824
2016-08-04,26.339409571045493
2016-08-05,25.66204080336848
2016-08-06,24.234322514018803
2016-08-07,23.910836168039122
2016-08-08,24.45426873074112
2016-08-09,25.81912774811026
2016-08-10,26.815139044405388
2016-08-11,27.34557530953268
2016-08-12,26.61658311430736
2016-08-13,24.546892417309035
2016-08-14,23.405252447823205
2016-08-15,23.474065972578202
2016-08-16,24.63853294166799
2016-08-17,25.196155419452438
2016-08-18,25.767187181452602
2016-08-19,25.68848593693037
2016-08-20,23.844832258841997
2016-08-21,20.86336655103157
2016-08-22,21.863466131724998
2016-08-23,23.090302747888927
2016-08-24,25.68848593693037
2016-08-25,25.793210053291098
2016-08-26,24.789084064392394
2016-08-27,25.364121853106074
2016-08-28,25.97243437098902
2016-08-29,26.072556537630497
2016-08-30,25.473950634368713
2016-08-31,23.910836168039122
2016-09-01,20.904454716851035
2016-09-02,20.363712312269243
2016-09-03,20.780931475062427
2016-09-04,22.91162166340421
2016-09-05,25.94714427700429
2016-09-06,26.815139044405388
2016-09-07,26.900871498365802
2016-09-08,24.72919088536235
2016-09-09,22.947568245337436
2016-09-10,20.73958555001493
2016-09-11,19.242883469240915
2016-09-12,20.489744431492923
2016-09-13,23.196243896239455
2016-09-14,22.69374930839639
2016-09-15,23.778393996399817
2016-09-16,23.67792364261579
2016-09-17,22.91162166340421
2016-09-18,22.094704744873592
2016-09-19,22.546429244006333
2016-09-20,24.234322514018803
2016-09-21,23.943675055350173
2016-09-22,24.10623630817166
2016-09-23,25.024301330396504
2016-09-24,24.936910519832118
2016-09-25,24.45426873074112
2016-09-26,17.987783060091374
2016-09-27,17.6679856868295
2016-09-28,14.972449870906791
2016-09-29,16.65196272874959
2016-09-30,18.30543003634618
2016-10-01,18.078770404942045
2016-10-02,18.078770404942045
2016-10-03,18.84421217875442
2016-10-04,20.615040246731095
2016-10-05,23.054777285499675
2016-10-06,23.64421710382997
2016-10-07,15.15911591014798
2016-10-08,14.042764873887158
2016-10-09,16.13972174072906
2016-10-10,18.078770404942045
2016-10-11,18.888750539825654
2016-10-12,16.186360626752073
2016-10-13,10.165110238041727
2016-10-14,13.398137806597246
2016-10-15,19.89553573499481
2016-10-16,22.69374930839639
2016-10-17,24.234322514018803
2016-10-18,22.620295188957538
2016-10-19,17.392366762374447
2016-10-20,12.987625570138894
2016-10-21,8.452296443093056
2016-10-22,10.78938011426526
2016-10-23,15.906381214297665
2016-10-24,11.78060625850119
2016-10-25,11.73673365184292
2016-10-26,14.274414855794836
2016-10-27,10.663037581097548
2016-10-28,15.15911591014798
2016-10-29,21.390601461607595
2016-10-30,16.37279019479019
2016-10-31,15.019102564355501
2016-11-01,21.470354007140546
2016-11-02,21.229992173689137
2016-11-03,16.232987771055118
2016-11-04,12.44616465577864
2016-11-05,12.000937202744828
2016-11-06,11.649187346386034
2016-11-07,13.215264207852435
2016-11-08,12.806337933973422
2016-11-09,8.089929028722484
2016-11-10,9.639880327074666
2016-11-11,8.862797723592706
2016-11-12,6.288523937822341
2016-11-13,7.066624341937939
2016-11-14,10.705071358672628
2016-11-15,8.712102702068455
2016-11-16,11.215601823093444
2016-11-17,16.512456173291604
2016-11-18,11.43151227099336
2016-11-19,4.488763489153981
2016-11-20,3.0902015243124703
2016-11-21,4.119804111282479
2016-11-22,6.141087774673997
2016-11-23,8.269809191618965
2016-11-24,5.287170445842025
2016-11-25,5.108470924586724
2016-11-26,5.287170445842025
2016-11-27,5.7426873741142765
2016-11-28,9.091837633488034
2016-11-29,8.938747171890206
2016-11-30,4.53401985556103
2016-12-01,4.421617254979543
2016-12-02,4.399431132472587
2016-12-03,4.466283199983348
2016-12-04,3.7974833122863765
2016-12-05,4.036999854327473
2016-12-06,3.836488327409949
2016-12-07,2.9799298693674956
2016-12-08,2.0684642307281322
2016-12-09,2.213659865310008
2016-12-10,2.5092146626528975
2016-12-11,3.9758779219975313
2016-12-12,2.7705973577452614
2016-12-13,2.101087457852987
2016-12-14,1.4253665790321692
2016-12-15,1.0972516466882716
2016-12-16,2.0901551170839583
2016-12-17,2.6025745804779454
2016-12-18,0.7196135026876983
2016-12-19,0.9431789980932158
2016-12-20,2.057705162972895
2016-12-21,3.4802861632081976
2016-12-22,4.078214216879459
2016-12-23,4.036999854327473
2016-12-24,4.672171558987412
2016-12-25,6.348260743297851
2016-12-26,9.015094657506474
2016-12-27,3.663792580346051
2016-12-28,4.466283199983348
2016-12-29,4.225435149825671
2016-12-30,3.7396515587203942
2016-12-31,3.9961589637809087
2017-01-01,3.4624103886375153
2017-01-02,5.417961358732995
2017-01-03,3.8169405885289076
2017-01-04,1.6205780099374487
2017-01-05,1.1763154696699762
2017-01-06,0.8030740195459252
2017-01-07,1.065253996271407
2017-01-08,1.1081637542195726
2017-01-09,2.727626554514972
2017-01-10,5.99636820474737
2017-01-11,6.499511762538318
2017-01-12,3.1224139213584032
2017-01-13,2.8585154353635516
2017-01-14,3.426914214640409
2017-01-15,3.4802861632081976
2017-01-16,5.365328549248307
2017-01-17,4.488763489153981
2017-01-18,4.399431132472587
2017-01-19,5.133686415802765
2017-01-20,7.772794911286288
2017-01-21,10.288447718874698
2017-01-22,6.408433746045196
2017-01-23,4.88618373747761
2017-01-24,5.033446966158595
2017-01-25,5.524498152212554
2017-01-26,3.4802861632081976
2017-01-27,2.8734279996682237
2017-01-28,3.720553428339907
2017-01-29,3.2544673080354087
2017-01-30,3.7396515587203942
2017-01-31,4.488763489153981
2017-02-01,4.204118642848052
2017-02-02,2.5755570455036803
2017-02-03,2.470221840534327
2017-02-04,2.8734279996682237
2017-02-05,4.246847305194208
2017-02-06,6.111926803673519
2017-02-07,10.288447718874698
2017-02-08,2.903478183170946
2017-02-09,2.036358477772039
2017-02-10,5.4444364415081195
2017-02-11,11.215601823093444
2017-02-12,6.170357416437687
2017-02-13,4.648896786552355
2017-02-14,6.318337837070607
2017-02-15,3.9758779219975313
2017-02-16,7.19744999202958
2017-02-17,11.912613931905044
2017-02-18,11.301749247987209
2017-02-19,12.089508643105411
2017-02-20,15.812992870094556
2017-02-21,15.25249559776568
2017-02-22,15.392604096002993
2017-02-23,14.042764873887158
2017-02-24,10.78938011426526
2017-02-25,3.1877952667798617
2017-02-26,4.225435149825671
2017-02-27,8.787248774580979
2017-02-28,16.512456173291604
2017-03-01,8.054268171960821
2017-03-02,3.778116229024152
2017-03-03,3.498247438007515
2017-03-04,8.018712831525127
2017-03-05,10.49571908268606
2017-03-06,15.205802581896489
2017-03-07,9.92080337578941
2017-03-08,9.053416871711676
2017-03-09,7.669001309674999
2017-03-10,3.9758779219975313
2017-03-11,3.2043415581635872
2017-03-12,3.4802861632081976
2017-03-13,3.607826280388089
2017-03-14,2.522346956335034
2017-03-15,2.5890312037148866
2017-03-16,4.246847305194208
2017-03-17,8.787248774580979
2017-03-18,5.854355806232886
2017-03-19,7.600341797636833
2017-03-20,13.078548440381491
2017-03-21,8.054268171960821
2017-03-22,4.861998616482587
2017-03-23,6.591572646809534
2017-03-24,18.57578795043635
2017-03-25,17.207939162817212
2017-03-26,11.73673365184292
2017-03-27,10.916437952248181
2017-03-28,11.258639000289532
2017-03-29,11.34493195424384
2017-03-30,15.486025683620127
2017-03-31,7.066624341937939
2017-04-01,9.015094657506474
2017-04-02,12.670884531061779
2017-04-03,14.599683343047493
2017-04-04,12.535892794478674
2017-04-05,9.091837633488034
2017-04-06,7.983263193523453
2017-04-07,8.67468146426827
2017-04-08,14.413692162867033
2017-04-09,20.152062447539922
2017-04-10,19.418429290837196
2017-04-11,12.535892794478674
2017-04-12,14.599683343047493
2017-04-13,19.636350979032677
2017-04-14,20.447814823054262
2017-04-15,22.766789656018286
2017-04-16,19.19883466163842
2017-04-17,16.419361818248753
2017-04-18,18.30543003634618
2017-04-19,22.47215350291636
2017-04-20,19.852519335300517
2017-04-21,10.371102426226617
2017-04-22,9.600117157702204
2017-04-23,12.896886693156027
2017-04-24,16.279602317282563
2017-04-25,19.46215007716635
2017-04-26,17.11554045054863
2017-04-27,11.172638323574528
2017-04-28,13.627600185063631
2017-04-29,16.046412173208484
2017-04-30,19.330787595158316
2017-05-01,10.705071358672628
2017-05-02,11.172638323574528
2017-05-03,8.233623720976041
2017-05-04,9.560447405799366
2017-05-05,12.35665642241105
2017-05-06,13.443955573373296
2017-05-07,14.320818358895279
2017-05-08,16.93040620094716
2017-05-09,22.620295188957538
2017-05-10,22.583413569786764
2017-05-11,18.84421217875442
2017-05-12,17.392366762374447
2017-05-13,19.938478286147916
2017-05-14,21.27028145751573
2017-05-15,23.196243896239455
2017-05-16,23.943675055350173
2017-05-17,23.943675055350173
2017-05-18,24.041538668343534
2017-05-19,16.65196272874959
2017-05-20,19.981346387738732
2017-05-21,15.112436443265247
2017-05-22,17.622140474960357
2017-05-23,16.093071970206843
2017-05-24,14.925807819354075
2017-05-25,18.440840773946512
2017-05-26,21.902250260449144
2017-05-27,22.018017540990556
2017-05-28,21.549734052306697
2017-05-29,20.945455986549643
2017-05-30,19.89553573499481
2017-05-31,19.723033127040665
2017-06-01,22.620295188957538
2017-06-02,24.20246468831932
2017-06-03,25.473950634368713
2017-06-04,24.546892417309035
2017-06-05,24.485252556073654
2017-06-06,19.852519335300517
2017-06-07,19.592904376509033
2017-06-08,21.149142296939882
2017-06-09,23.054777285499675
2017-06-10,23.5424496603386
2017-06-11,25.139303678617505
2017-06-12,26.267856028108728
2017-06-13,26.386606102869223
2017-06-14,26.146563154936143
2017-06-15,25.714825277324486
2017-06-16,25.139303678617505
2017-06-17,25.66204080336848
2017-06-18,23.12572245611307
2017-06-19,22.766789656018286
2017-06-20,24.485252556073654
2017-06-21,25.844940426509133
2017-06-22,25.767187181452602
2017-06-23,24.360661618188082
2017-06-24,20.615040246731095
2017-06-25,19.766267418352644
2017-06-26,18.977650277246973
2017-06-27,20.4058039361265
2017-06-28,23.976405141531206
2017-06-29,25.473950634368713
2017-06-30,25.196155419452438
2017-07-01,24.546892417309035
2017-07-02,25.52822317845753
2017-07-03,26.339409571045493
2017-07-04,26.219645429908404
2017-07-05,24.69908069766475
2017-07-06,26.339409571045493
2017-07-07,26.410053250252385
2017-07-08,24.966149418588003
2017-07-09,26.121997243400262
2017-07-10,27.108565031680445
2017-07-11,26.70580457329397
2017-07-12,26.836716019244346
2017-07-13,26.31565976432027
2017-07-14,24.485252556073654
2017-07-15,24.009026364938055
2017-07-16,25.97243437098902
2017-07-17,24.266071140607668
2017-07-18,26.09732843409878
2017-07-19,27.65937493054583
2017-07-20,28.138845490763615
2017-07-21,28.154190273296305
2017-07-22,28.123424142780312
2017-07-23,26.985078706374843
2017-07-24,25.224419243329994
2017-07-25,25.336396517424134
2017-07-26,27.1288198595778
2017-07-27,25.714825277324486
2017-07-28,24.234322514018803
2017-07-29,22.3223811674661
2017-07-30,23.12572245611307
2017-07-31,24.391973261587708
2017-08-01,25.252575163743444
2017-08-02,25.608832570192035
2017-08-03,25.66204080336848
2017-08-04,20.945455986549643
2017-08-05,21.9409371014692
2017-08-06,20.656639427675792
2017-08-07,22.803154079789667
2017-08-08,22.397470078519493
2017-08-09,23.16103623047186
2017-08-10,24.995279665605803
2017-08-11,23.976405141531206
2017-08-12,22.47215350291636
2017-08-13,22.509342467887112
2017-08-14,24.608095311023995
2017-08-15,26.54863407262455
2017-08-16,25.3917398156792
2017-08-17,26.121997243400262
2017-08-18,25.3917398156792
2017-08-19,26.09732843409878
2017-08-20,26.793465752892907
2017-08-21,26.6613898230543
2017-08-22,24.391973261587708
2017-08-23,21.746533561404693
2017-08-24,22.73032132209483
2017-08-25,21.589283377931444
2017-08-26,22.69374930839639
2017-08-27,23.71152203545772
2017-08-28,23.301228568961754
2017-08-29,22.803154079789667
2017-08-30,23.405252447823205
2017-08-31,23.12572245611307
2017-09-01,19.46215007716635
2017-09-02,19.636350979032677
2017-09-03,24.009026364938055
2017-09-04,25.05321448594953
2017-09-05,19.286868003735073
2017-09-06,15.906381214297665
2017-09-07,18.39575437519596
2017-09-08,21.189612306023662
2017-09-09,21.628738377983424
2017-09-10,19.679727439015615
2017-09-11,19.19883466163842
2017-09-12,20.573357672131273
2017-09-13,21.189612306023662
2017-09-14,23.196243896239455
2017-09-15,24.936910519832118
2017-09-16,25.767187181452602
2017-09-17,23.64421710382997
2017-09-18,24.138421551991588
2017-09-19,24.966149418588003
2017-09-20,26.683646075901525
2017-09-21,26.85819692219798
2017-09-22,26.85819692219798
2017-09-23,26.70580457329397
2017-09-24,25.94714427700429
2017-09-25,26.146563154936143
2017-09-26,26.121997243400262
2017-09-27,21.27028145751573
2017-09-28,18.754962010120142
2017-09-29,19.852519335300517
2017-09-30,17.254093522649587
2017-10-01,18.93323014052999
2017-10-02,24.297710545247813
2017-10-03,24.20246468831932
2017-10-04,23.64421710382997
2017-10-05,22.73032132209483
2017-10-06,22.397470078519493
2017-10-07,21.785607422645302
2017-10-08,20.73958555001493
2017-10-09,22.69374930839639
2017-10-10,21.390601461607595
2017-10-11,14.972449870906791
2017-10-12,15.719585066150055
2017-10-13,18.710251629802904
2017-10-14,23.196243896239455
2017-10-15,13.857935916579187
2017-10-16,11.301749247987209
2017-10-17,13.489811496191901
2017-10-18,15.019102564355501
2017-10-19,17.207939162817212
2017-10-20,18.48587566350495
2017-10-21,20.780931475062427
2017-10-22,16.88405731234322
2017-10-23,12.625834997309616
2017-10-24,8.526014944360988
2017-10-25,8.938747171890206
2017-10-26,12.851588168134088
2017-10-27,6.141087774673997
2017-10-28,4.719022238302154
2017-10-29,5.497704695844785
2017-10-30,6.71585012363602
2017-10-31,4.695546637791974
2017-11-01,6.653492840939426
2017-11-02,15.065765041461653
2017-11-03,8.976871317223706
2017-11-04,13.169649127243312
2017-11-05,14.320818358895279
2017-11-06,6.170357416437687
2017-11-07,6.591572646809534
2017-11-08,5.826277208826064
2017-11-09,5.05835138054396
2017-11-10,2.9186163768013844
2017-11-11,4.488763489153981
2017-11-12,5.261328081207073
2017-11-13,5.524498152212554
2017-11-14,7.396948238479292
2017-11-15,9.324412755311922
2017-11-16,4.225435149825671
2017-11-17,6.499511762538318
2017-11-18,8.900722537214374
2017-11-19,3.5893461255253767
2017-11-20,6.778644484012681
2017-11-21,4.934860700739307
2017-11-22,3.1062681057699417
2017-11-23,5.687498024277498
2017-11-24,10.53742514989871
2017-11-25,7.947919439066305
2017-11-26,6.778644484012681
2017-11-27,10.124171582427296
2017-11-28,12.535892794478674
2017-11-29,6.71585012363602
2017-11-30,7.430577229271997
2017-12-01,5.854355806232886
2017-12-02,7.600341797636833
2017-12-03,10.042557890115592
2017-12-04,14.460160778970474
2017-12-05,4.311660125963529
2017-12-06,4.26835535605783
2017-12-07,2.3323263079161625
2017-12-08,2.7705973577452614
2017-12-09,3.138639258257343
2017-12-10,3.5893461255253767
2017-12-11,4.861998616482587
2017-12-12,2.7996086646788156
2017-12-13,4.057560222442992
2017-12-14,2.903478183170946
2017-12-15,3.5709531478488343
2017-12-16,5.184429722838216
2017-12-17,6.025095212630166
2017-12-18,7.066624341937939
2017-12-19,6.025095212630166
2017-12-20,4.6026472902492825
2017-12-21,6.318337837070607
2017-12-22,5.497704695844785
2017-12-23,3.4624103886375153
2017-12-24,2.190666441613899
2017-12-25,1.6802458802100197
2017-12-26,0.8655712989211048
2017-12-27,0.7261296618359049
2017-12-28,1.1704566708459292
2017-12-29,1.5313432373414555
2017-12-30,0.9662092969651414
2017-12-31,0.9164062698092895
2018-01-01,0.39037515519477795
2018-01-02,0.5265930916385224
2018-01-03,0.9230126469496099
2018-01-04,0.6719205749280529
2018-01-05,0.7605757538575757
2018-01-06,0.6781728796777752
2018-01-07,2.1769864920688957
2018-01-08,3.353471756584476
2018-01-09,3.2950976866899975
2018-01-10,7.370122957198395
2018-01-11,7.220523436018464
2018-01-12,1.5416085597064093
2018-01-13,1.039416295206514
2018-01-14,1.2018909721185373
2018-01-15,1.14849464059653
2018-01-16,0.668676247961157
2018-01-17,1.078453012885805
2018-01-18,2.4191637843160865
2018-01-19,4.344392246944224
2018-01-20,5.146333169144364
2018-01-21,9.83203092260225
2018-01-22,10.458254783415011
2018-01-23,3.412810685136261
2018-01-24,3.1337632903673756
2018-01-25,5.556790765972678
2018-01-26,8.47805109351007
2018-01-27,8.061391908050693
2018-01-28,4.983947931435632
2018-01-29,2.501367718700989
2018-01-30,2.7749304042193197
2018-01-31,5.075846048852643
2018-02-01,2.1769864920688957
2018-02-02,1.2902623131992201
2018-02-03,3.693965683215805
2018-02-04,2.0470033318044965
2018-02-05,1.2876570914451153
2018-02-06,1.3831241768117684
2018-02-07,1.4841515683562494
2018-02-08,2.439460101738596
2018-02-09,3.917585543886377
2018-02-10,2.0544886155985242
2018-02-11,1.6256028910292541
2018-02-12,1.5647761182393576
2018-02-13,2.883911356529327
2018-02-14,6.71897946142663
2018-02-15,11.185519601339408
2018-02-16,3.5235373976504585
2018-02-17,3.418093168748795
2018-02-18,5.428538683361281
2018-02-19,14.06127289598897
2018-02-20,10.844351569780489
2018-02-21,2.521030680132578
2018-02-22,4.281306318708179
2018-02-23,5.156469315573079
2018-02-24,5.831884306576769
2018-02-25,4.637296947425612
2018-02-26,6.810205547130767
2018-02-27,10.412557206034563
2018-02-28,12.27183255340913
2018-03-01,7.769319607103505
2018-03-02,4.954446274093061
2018-03-03,5.62183658875918
2018-03-04,6.408433746045196
2018-03-05,5.310518397536929
2018-03-06,4.151244203700106
2018-03-07,3.6245331856527847
2018-03-08,2.785066410046398
2018-03-09,3.864007650734701
2018-03-10,4.747325947988543
2018-03-11,3.881792893233565
2018-03-12,4.421617254979543
2018-03-13,3.8917055423338183
2018-03-14,5.04090743272647
2018-03-15,7.596920106493246
2018-03-16,5.256172201482838
2018-03-17,4.7876718933182545
2018-03-18,6.294477999315125
2018-03-19,7.535513719300428
2018-03-20,4.495526776757371
2018-03-21,4.737875237849293
2018-03-22,7.28674087199223
2018-03-23,6.927931116359686
2018-03-24,4.225435149825671
2018-03-25,4.187134137213639
2018-03-26,7.2073320893363455
2018-03-27,9.340041645690523
2018-03-28,8.656008917772166
2018-03-29,9.265941569258633
2018-03-30,7.853021552158247
2018-03-31,8.652277458680151
2018-04-01,2.983027703443961
2018-04-02,4.326908010066474
2018-04-03,8.455972586783313
2018-04-04,3.4838715691573547
2018-04-05,7.330015001292014
2018-04-06,4.386166315532025
2018-04-07,3.196058310975474
2018-04-08,3.6189563338343014
2018-04-09,4.709619921789481
2018-04-10,5.46037235310674
2018-04-11,13.613806805998285
2018-04-12,19.796488608993158
2018-04-13,20.35528434708074
2018-04-14,15.261834886454748
2018-04-15,5.778790777942486
2018-04-16,3.7607627455512054
2018-04-17,6.079975168419723
2018-04-18,6.487311252519122
2018-04-19,7.253577858621988
2018-04-20,9.238729368018426
2018-04-21,11.185519601339408
2018-04-22,12.38795892693101
2018-04-23,13.581634606284453
2018-04-24,16.707715585168916
2018-04-25,13.821027693328851
2018-04-26,13.747272180840241
2018-04-27,15.084432579343956
2018-04-28,10.26371803604023
2018-04-29,10.379386615661343
2018-04-30,16.251635149240578
2018-05-01,21.565565076506083
2018-05-02,23.77172630530441
2018-05-03,22.926012881413158
2018-05-04,21.18556935413311
2018-05-05,21.24611878187728
2018-05-06,21.60507671892535
2018-05-07,19.374641577920247
2018-05-08,20.809822823498305
2018-05-09,22.868347473303338
2018-05-10,23.66782303172942
2018-05-11,24.68398468753134
2018-05-12,24.3260926091487
2018-05-13,24.650677422479845
2018-05-14,25.238510685312487
2018-05-15,23.654340414779846
2018-05-16,22.487041334614315
2018-05-17,23.1927279094265
2018-05-18,21.40258796138662
2018-05-19,23.71822872781792
2018-05-20,23.930552552960286
2018-05-21,22.47959945829168
2018-05-22,23.405252447823205
2018-05-23,23.704811013329756
2018-05-24,24.753200496753433
2018-05-25,24.68398468753134
2018-05-26,25.75935978669222
2018-05-27,26.843170366504783
2018-05-28,27.07800875500778
2018-05-29,25.748908506122664
2018-05-30,25.91411138641662
2018-05-31,25.806182037851112
2018-06-01,26.102270436903613
2018-06-02,24.583666580993732
2018-06-03,22.59448885125607
2018-06-04,21.21385107202718
2018-06-05,23.881188199021523
2018-06-06,23.657712690400476
2018-06-07,26.405371864529776
2018-06-08,26.185655065114474
2018-06-09,25.844940426509133
2018-06-10,26.020199176494387
2018-06-11,25.41650427333465
2018-06-12,26.04019864939546
2018-06-13,24.854463027831233
2018-06-14,24.2056553841116
2018-06-15,25.990075546223217
2018-06-16,27.005894071087386
2018-06-17,27.451737657513394
2018-06-18,27.664688321558135
2018-06-19,27.146970098097114
2018-06-20,25.974957657469048
2018-06-21,24.5744877862708
2018-06-22,22.212786679124758
2018-06-23,22.97266839844322
2018-06-24,24.916378607432804
2018-06-25,24.5744877862708
2018-06-26,24.939839300944616
2018-06-27,25.622174419315204
2018-06-28,26.02770674834652
2018-06-29,27.04312485128979
2018-06-30,27.285602031349534
2018-07-01,26.95787768325435
2018-07-02,25.934460175053896
2018-07-03,26.582719741570696
2018-07-04,27.322462405013724
2018-07-05,27.297277322909228
2018-07-06,24.95738916046496
2018-07-07,22.48332090646866
2018-07-08,24.373199387853095
2018-07-09,26.86462249583018
2018-07-10,27.35325092404814
2018-07-11,25.896251389233885
2018-07-12,25.880902059827783
2018-07-13,26.716847237417202
2018-07-14,27.024547464920396
2018-07-15,26.92840536679232
2018-07-16,26.74325033912983
2018-07-17,25.850090374532055
2018-07-18,24.3355336318616
2018-07-19,23.353360862023035
2018-07-20,25.995106530502028
2018-07-21,25.03298666712087
2018-07-22,24.632454150663413
2018-07-23,25.31970973005286
2018-07-24,26.222065647769934
2018-07-25,25.793210053291098
2018-07-26,24.86038042946847
2018-07-27,23.67119098332045
2018-07-28,24.103011784496175
2018-07-29,21.430524092380946
2018-07-30,22.438596283306435
2018-07-31,22.356221212539317
2018-08-01,23.504891885344428
2018-08-02,25.289016708992865
2018-08-03,26.521204969332043
2018-08-04,26.428738625912132
2018-08-05,27.132859715139677
2018-08-06,27.28949740886644
2018-08-07,25.511986249589285
2018-08-08,25.844940426509133
2018-08-09,26.374844789359447
2018-08-10,26.0675897713667
2018-08-11,26.0601318731319
2018-08-12,26.782592912265287
2018-08-13,26.400686458643648
2018-08-14,25.934460175053896
2018-08-15,25.51469507149259
2018-08-16,26.845319895298005
2018-08-17,25.96485827082944
2018-08-18,25.6328287895924
2018-08-19,25.145008313836698
2018-08-20,25.353044609967746
2018-08-21,23.66782303172942
2018-08-22,22.44979118402083
2018-08-23,22.393725244657304
2018-08-24,21.56160873081825
2018-08-25,26.674755318587515
2018-08-26,26.868901423586088
2018-08-27,27.069825047848187
2018-08-28,27.196995846125255
2018-08-29,23.71152203545772
2018-08-30,22.965502179434605
2018-08-31,25.102118039739736
2018-09-01,25.96991004450678
2018-09-02,26.493632718123028
2018-09-03,26.868901423586088
2018-09-04,26.723461145890155
2018-09-05,27.094331466468436
2018-09-06,25.297400447309723
2018-09-07,22.879180146456388
2018-09-08,19.29126289633221
2018-09-09,19.805116723763366
2018-09-10,20.61087573342788
2018-09-11,22.4535207827556
2018-09-12,22.144339310154336
2018-09-13,23.688014520335564
2018-09-14,25.67263156146328
2018-09-15,24.928117653156768
2018-09-16,25.75413625467254
2018-09-17,26.456646377912374
2018-09-18,26.59403219400352
2018-09-19,26.24380168811863
2018-09-20,27.061626417605392
2018-09-21,23.5424496603386
2018-09-22,17.47058899670599
2018-09-23,19.030874964171
2018-09-24,22.52418945575726
2018-09-25,24.38884701440708
2018-09-26,17.203322048284324
2018-09-27,17.5211498484152
2018-09-28,16.330862746431656
2018-09-29,15.10310149018144
2018-09-30,22.38623253685142
2018-10-01,24.199272900802868
2018-10-02,24.534599406385695
2018-10-03,26.410053250252385
2018-10-04,20.253900178529804
2018-10-05,23.213807885155358
2018-10-06,23.976405141531206
2018-10-07,23.171609679424414
2018-10-08,24.90462215977487
2018-10-09,25.08489372021876
2018-10-10,20.481365037908308
2018-10-11,9.418415943213828
2018-10-12,6.246967520474187
2018-10-13,7.672445559741301
2018-10-14,11.095491611913069
2018-10-15,6.603921720194622
2018-10-16,8.09707384530355
2018-10-17,9.06109315079827
2018-10-18,8.923525359239836
2018-10-19,11.20700320963007
2018-10-20,8.61129861509945
2018-10-21,6.447780253824879
2018-10-22,11.903795464769432
2018-10-23,9.19606332208549
2018-10-24,8.331563727468662
2018-10-25,9.936990768404936
2018-10-26,9.19993719583213
2018-10-27,10.292572337941518
2018-10-28,11.903795464769432
2018-10-29,11.232807886545354
2018-10-30,17.992336649282773
2018-10-31,13.069448049293669
2018-11-01,9.442002640434126
2018-11-02,8.4817344497584
2018-11-03,9.383100195781548
2018-11-04,11.095491611913069
2018-11-05,9.02658095475215
2018-11-06,8.828750990602225
2018-11-07,4.917777175378954
2018-11-08,4.370735029290362
2018-11-09,3.3952572424209353
2018-11-10,2.2299001610091262
2018-11-11,4.082356273554836
2018-11-12,3.428680962341901
2018-11-13,2.0923369353523005
2018-11-14,2.7077959239727964
2018-11-15,2.857028288622002
2018-11-16,3.895677003679208
2018-11-17,4.300797773643942
2018-11-18,3.8561267977440563
2018-11-19,3.665671766315094
2018-11-20,2.946056295059739
2018-11-21,4.383958924641472
2018-11-22,6.062602356695635
2018-11-23,7.326679715610023
2018-11-24,9.576304070665609
2018-11-25,8.712102702068455
2018-11-26,2.6271279919747452
2018-11-27,1.7558461189453696
2018-11-28,2.514459460845394
2018-11-29,4.155452308893203
2018-11-30,4.9765586314786905
2018-12-01,11.254331984341503
2018-12-02,6.2203653890763215
2018-12-03,3.7916637293359208
2018-12-04,2.8914219999021613
2018-12-05,3.2460620915433696
2018-12-06,3.058304914584764
2018-12-07,2.2900830044325686
2018-12-08,2.02260492285181
2018-12-09,1.9964231092095446
2018-12-10,2.25213291637056
2018-12-11,3.939605191478448
2018-12-12,5.202288465145399
2018-12-13,5.253595834708956
2018-12-14,6.103199693019716
2018-12-15,4.861998616482587
2018-12-16,4.6628496253701615
2018-12-17,4.210503566616043
2018-12-18,4.185015360651207
2018-12-19,6.71585012363602
2018-12-20,6.98896550805516
2018-12-21,3.9155892724922094
2018-12-22,3.9155892724922094
2018-12-23,3.6319812679317214
2018-12-24,3.9839792135375602
2018-12-25,5.428538683361281
2018-12-26,5.253595834708956
2018-12-27,9.949140747285059
2018-12-28,3.457064286772995
2018-12-29,2.2722145102244515
2018-12-30,3.6041232619103467
2018-12-31,3.2343290820145696
2019-01-01,3.559959090615841
2019-01-02,2.983027703443961
2019-01-03,3.4641941265968743
2019-01-04,4.591147266115356
2019-01-05,5.706765484776703
2019-01-06,7.008321342215839
2019-01-07,11.331969570819394
2019-01-08,6.7881013321807835
2019-01-09,2.2368970318592374
2019-01-10,2.271028270210607
2019-01-11,2.8689463765697654
2019-01-12,3.2376772926488924
2019-01-13,2.536870811153488
2019-01-14,1.883348560591263
2019-01-15,2.5157723507414738
2019-01-16,3.222635992913849
2019-01-17,3.3258820979072046
2019-01-18,3.0662495876729268
2019-01-19,2.3840485059174745
2019-01-20,0.6519128271466614
2019-01-21,0.9564555849371708
2019-01-22,3.158215034842324
2019-01-23,2.392779458282477
2019-01-24,1.23863620380464
2019-01-25,0.9046583215859971
2019-01-26,1.579343982076387
2019-01-27,1.2231737722825486
2019-01-28,2.0814510306072505
2019-01-29,0.7080752696714624
2019-01-30,0.341786631052037
2019-01-31,0.6145189686450196
2019-02-01,1.8813907446900466
2019-02-02,4.922653058140871
2019-02-03,7.983263193523453
2019-02-04,7.976185966240681
2019-02-05,3.3258820979072046
2019-02-06,4.821117835617683
2019-02-07,3.0694329510007012
2019-02-08,1.0689307014053018
2019-02-09,1.4123310323881113
2019-02-10,2.4935450249583226
2019-02-11,3.680737069188677
2019-02-12,3.0934085156616034
2019-02-13,2.288887393160292
2019-02-14,5.55948874077433
2019-02-15,1.2779396831577232
2019-02-16,1.9169569170152254
2019-02-17,2.966027665302204
2019-02-18,2.4483928212901223
2019-02-19,2.667164099669269
2019-02-20,4.082356273554836
2019-02-21,3.8404087543735557
2019-02-22,4.098962094564299
2019-02-23,7.572998393391557
2019-02-24,2.975288887608424
2019-02-25,2.259200067156425
2019-02-26,3.5108713533884672
2019-02-27,3.0032387947912746
2019-02-28,1.954237274091891
2019-03-01,3.4838715691573547
2019-03-02,3.5398843699205593
2019-03-03,1.601469092541536
2019-03-04,0.8614925834548324
2019-03-05,1.1326134015356084
2019-03-06,1.8198464670561427
2019-03-07,3.104657886827684
2019-03-08,4.333457332414333
2019-03-09,5.77322458369837
2019-03-10,4.679173540626266
2019-03-11,5.078349431283582
2019-03-12,5.98777122346457
2019-03-13,13.844092995640219
2019-03-14,12.2852120539339
2019-03-15,5.078349431283582
2019-03-16,5.073343702810767
2019-03-17,5.156469315573079
2019-03-18,5.383701952373998
2019-03-19,7.220523436018467
2019-03-20,8.61129861509945
2019-03-21,7.018013980957102
2019-03-22,7.174429818749422
2019-03-23,7.423842778479102
2019-03-24,10.329732429889516
2019-03-25,6.94395460871231
2019-03-26,5.2510205164415105
2019-03-27,9.122644974449782
2019-03-28,15.359908924923692
2019-03-29,14.515949466268067
2019-03-30,6.56692694413596
2019-03-31,3.9677914444951177
2019-04-01,6.08577478671469
2019-04-02,8.633635429280684
2019-04-03,10.06700493328159
2019-04-04,11.202705009580363
2019-04-05,13.439372066493254
2019-04-06,15.714914288812606
2019-04-07,19.658048016289225
2019-04-08,18.36867812158263
2019-04-09,16.391420711285335
2019-04-10,13.765703311274788
2019-04-11,19.592904376509033
2019-04-12,9.111084866273353
2019-04-13,8.93113427409329
2019-04-14,5.164082366580827
2019-04-15,8.93113427409329
2019-04-16,19.514525759588235
2019-04-17,21.781704360265557
2019-04-18,13.563258338847266
2019-04-19,9.99782127242799
2019-04-20,11.675423169983643
2019-04-21,17.534931695811974
2019-04-22,21.56160873081825
2019-04-23,15.593465878415747
2019-04-24,14.641571822190794
2019-04-25,15.96706993861216
2019-04-26,13.320337427158508
2019-04-27,13.101307184186014
2019-04-28,9.234845784143793
2019-04-29,15.429971726820916
2019-04-30,17.548710298150244
2019-05-01,20.581700833605158
2019-05-02,17.951338608505395
2019-05-03,14.3161769801227
2019-05-04,13.987267476872809
2019-05-05,16.948938719886055
2019-05-06,19.645031902640763
2019-05-07,18.795152958056676
2019-05-08,21.370605507432245
2019-05-09,16.600830284220415
2019-05-10,12.44616465577864
2019-05-11,10.391819249765623
2019-05-12,10.671437863848876
2019-05-13,13.904098921993508
2019-05-14,15.462669577635085
2019-05-15,19.636350979032677
2019-05-16,23.394893410544015
2019-05-17,24.925184522940008
2019-05-18,24.14484550932306
2019-05-19,21.374606541765253
2019-05-20,13.982644530046835
2019-05-21,16.074409206509827
2019-05-22,23.583273136455382
2019-05-23,23.157509625078518
2019-05-24,25.305774498227258
2019-05-25,25.39449571083341
2019-05-26,23.86798306607571
2019-05-27,24.608095311023995
2019-05-28,25.76196997189219
2019-05-29,24.68398468753134
2019-05-30,22.144339310154336
2019-05-31,22.539020076517193
2019-06-01,23.704811013329756
2019-06-02,21.24611878187728
2019-06-03,21.26625661790489
2019-06-04,23.525394091027973
2019-06-05,25.430224796837546
2019-06-06,24.26923999639993
2019-06-07,24.212033500408328
2019-06-08,22.83217065196441
2019-06-09,24.714149428778654
2019-06-10,21.17748074787821
2019-06-11,22.102351735690288
2019-06-12,19.163549791902824
2019-06-13,17.805287847023017
2019-06-14,19.89553573499481
2019-06-15,23.213807885155358
2019-06-16,25.044551928271904
2019-06-17,21.797310835276647
2019-06-18,24.07394199891167
2019-06-19,23.71152203545772
2019-06-20,21.719124806015316
2019-06-21,22.382484663469498
2019-06-22,24.592835545783505
2019-06-23,24.494526396354512
2019-06-24,23.453467001022435
2019-06-25,24.444952275217208
2019-06-26,25.555199432339112
2019-06-27,25.34472539905034
2019-06-28,25.408259102026435
2019-06-29,26.29180865209299
2019-06-30,26.738859544792895
2019-07-01,26.56456843056419
2019-07-02,26.6703040698946
2019-07-03,26.374844789359447
2019-07-04,26.377199066840664
2019-07-05,26.575920416104147
2019-07-06,26.771695901301868
2019-07-07,24.97198415795659
2019-07-08,25.153557154464913
2019-07-09,26.08247767870677
2019-07-10,26.841019877728616
2019-07-11,25.364121853106074
2019-07-12,25.45758554074738
2019-07-13,26.260650415532663
2019-07-14,26.195387053327078
2019-07-15,24.759191994071223
2019-07-16,25.793210053291098
2019-07-17,26.828096771673827
2019-07-18,27.266070852616927
2019-07-19,27.6752922225329
2019-07-20,27.560601503698535
2019-07-21,26.690303878728884
2019-07-22,23.374146408534944
2019-07-23,22.646051077289606
2019-07-24,23.937115979927725
2019-07-25,23.745012184474504
2019-07-26,24.595889683047556
2019-07-27,25.400004283873038
2019-07-28,25.97747990412372
2019-07-29,25.139303678617505
2019-07-30,24.224776631066675
2019-07-31,22.72301520627449
2019-08-01,22.464703470638813
2019-08-02,24.3260926091487
2019-08-03,24.208844988150783
2019-08-04,25.63016678887377
2019-08-05,25.934460175053896
2019-08-06,25.15925097446006
2019-08-07,24.913441127103802
2019-08-08,25.6168408653524
2019-08-09,24.432515036218867
2019-08-10,24.46667537330507
2019-08-11,25.806182037851112
2019-08-12,26.374844789359447
2019-08-13,26.010174567427622
2019-08-14,24.68398468753134
2019-08-15,24.16409119302781
2019-08-16,25.249764424541084
2019-08-17,25.72270647213539
2019-08-18,26.050173536543795
2019-08-19,27.100437138096193
2019-08-20,26.60757457362114
2019-08-21,26.087432056503086
2019-08-22,23.940396061614393
2019-08-23,22.40869849658357
2019-08-24,21.262230868514973
2019-08-25,21.33054458385888
2019-08-26,25.04744053195834
2019-08-27,23.79837104467193
2019-08-28,21.60112979993558
2019-08-29,24.644607365532828
2019-08-30,22.947568245337436
2019-08-31,22.587106357684622
2019-09-01,23.930552552960286
2019-09-02,24.173699302213766
2019-09-03,25.95221062426349
2019-09-04,22.814043110634017
2019-09-05,21.60507671892535
2019-09-06,23.610402521619985
2019-09-07,22.853889276134957
2019-09-08,20.9904564461349
2019-09-09,25.218775113966007
2019-09-10,26.456646377912374
2019-09-11,26.708015055559947
2019-09-12,26.982991986403544
2019-09-13,24.601994681206836
2019-09-14,23.325586895676732
2019-09-15,25.07051032650276
2019-09-16,26.042693923440915
2019-09-17,24.635494092071802
2019-09-18,24.69908069766475
2019-09-19,25.790612501700625
2019-09-20,26.183219508671314
2019-09-21,25.116441857385244
2019-09-22,25.012705689753716
2019-09-23,22.067909119787306
2019-09-24,22.148150405910478
2019-09-25,23.339482432717894
2019-09-26,20.20303752128259
2019-09-27,23.487777129848848
2019-09-28,23.821628242688238
2019-09-29,25.511986249589285
2019-09-30,25.967384677845715
2019-10-01,26.173467039457158
2019-10-02,25.65939046569241
2019-10-03,19.216461854393987
2019-10-04,14.883839780480711
2019-10-05,17.567076682479644
2019-10-06,16.985991401352518
2019-10-07,15.976405556797431
2019-10-08,16.805208511367745
2019-10-09,17.47058899670599
2019-10-10,20.045507644347914
2019-10-11,10.575031354613634
2019-10-12,9.049580210223901
2019-10-13,10.742970672394106
2019-10-14,11.448862380090524
2019-10-15,14.385820952815655
2019-10-16,9.43020501209106
2019-10-17,9.763735397338628
2019-10-18,11.692927128470442
2019-10-19,14.311535827656707
2019-10-20,15.117104041214025
2019-10-21,16.66590373444549
2019-10-22,10.890969884248976
2019-10-23,14.052018337069853
2019-10-24,9.084145613170977
2019-10-25,9.485333675001252
2019-10-26,9.43020501209106
2019-10-27,10.604326704551346
2019-10-28,10.408407927207795
2019-10-29,6.7033436996010325
2019-10-30,4.9397509361469245
2019-10-31,3.012611050989782
2019-11-01,4.163879900156847
2019-11-02,5.624560178927303
2019-11-03,7.069873751241668
2019-11-04,7.930287323401861
2019-11-05,6.366266828539376
2019-11-06,7.7832272352385035
2019-11-07,3.276416681545816
2019-11-08,2.386539819441482
2019-11-09,5.970606491085274
2019-11-10,7.634617841694172
2019-11-11,2.610733949028026
2019-11-12,1.3449830702173977
2019-11-13,2.2287361633565608
2019-11-14,3.1143310913465436
2019-11-15,3.442845453663048
2019-11-16,3.992095335855777
2019-11-17,4.259740612493739
2019-11-18,4.852353132341448
2019-11-19,6.2292229687250575
2019-11-20,7.383526937413768
2019-11-21,10.679841387321972
2019-11-22,4.057560222442992
2019-11-23,4.266200228659286
2019-11-24,6.135246888955077
2019-11-25,8.581573345342072
2019-11-26,9.807896484995352
2019-11-27,6.375284595709448
2019-11-28,3.5746247825509334
2019-11-29,5.048377203723525
2019-11-30,7.310019550473956
2019-12-01,5.043396322320484
2019-12-02,3.4145706683396115
2019-12-03,4.399431132472587
2019-12-04,5.739917710723121
2019-12-05,6.876839318253629
2019-12-06,5.0508691959010585
2019-12-07,3.680737069188677
2019-12-08,6.953581799342492
2019-12-09,6.342267439363617
2019-12-10,1.9985047808104994
2019-12-11,2.8421978076038026
2019-12-12,4.370735029290362
2019-12-13,4.87891748188549
2019-12-14,3.384765585049522
2019-12-15,2.4216916197953573
2019-12-16,2.580938420640453
2019-12-17,2.105476698120158
2019-12-18,1.7631438334907648
2019-12-19,2.7865173366819276
2019-12-20,4.018575360275695
2019-12-21,4.272668495341107
2019-12-22,4.660521648004598
2019-12-23,5.484347826334613
2019-12-24,6.772345381132385
2019-12-25,10.692452739398009
2019-12-26,13.356935099112553
2019-12-27,5.164082366580827
2019-12-28,9.520871472595195
2019-12-29,13.206137797421091
2019-12-30,3.883773595059116
2019-12-31,3.6694327878627835
2020-01-01,5.080853850284956
2020-01-02,7.330015001292014
2020-01-03,5.339170521295938
2020-01-04,3.3500113879302846
2020-01-05,4.484259557120613
2020-01-06,3.842370329498998
2020-01-07,4.208374304277671
2020-01-08,2.79523828501195
2020-01-09,7.891590107472289
2020-01-10,12.706961128882291
2020-01-11,4.115628164577498
2020-01-12,2.6602190151817813
2020-01-13,3.7626873196246757
2020-01-14,5.407400967753357
2020-01-15,5.575698976088365
2020-01-16,1.7769130991547
2020-01-17,2.7347431099439916
2020-01-18,2.536870811153488
2020-01-19,0.7540025225586349
2020-01-20,1.2097467631786776
2020-01-21,1.7144970379096809
2020-01-22,2.7262054063413372
2020-01-23,3.9076133640582174
2020-01-24,3.5709531478488343
2020-01-25,3.135387815391872
2020-01-26,2.5105248485530876
2020-01-27,2.7219462825077168
2020-01-28,2.772040977026708
2020-01-29,2.9262138747881687
2020-01-30,3.412810685136261
2020-01-31,4.26835535605783
2020-02-01,4.214764955783647
2020-02-02,7.223823989522363
2020-02-03,9.45380881793751
2020-02-04,4.538567237025373
2020-02-05,3.112716907825139
2020-02-06,2.7433068061757773
2020-02-07,3.056718332278595
2020-02-08,2.8259701069236463
2020-02-09,3.9677914444951177
2020-02-10,3.1877952667798617
2020-02-11,3.781982443209555
2020-02-12,3.6059743340139976
2020-02-13,1.1751410445415302
2020-02-14,0.7818191239333383
2020-02-15,2.792328369180636
2020-02-16,4.142839364107667
2020-02-17,5.352236353140725
2020-02-18,3.749234124074464
2020-02-19,2.9338303547886717
2020-02-20,1.8882523654796688
2020-02-21,2.302073642956263
2020-02-22,4.1723226793456325
2020-02-23,7.154740658500808
2020-02-24,6.2292229687250575
2020-02-25,4.572798975906975
2020-02-26,3.09983198117683
2020-02-27,3.1451517232903403
2020-02-28,2.92925818693475
2020-02-29,3.2159721134146437
2020-03-01,8.533409407538327
2020-03-02,7.079628516151531
2020-03-03,6.62557466558477
2020-03-04,7.336688824613909
2020-03-05,7.32334551403076
2020-03-06,4.65121975618456
2020-03-07,5.643655246682145
2020-03-08,10.780934858923588
2020-03-09,13.320337427158508
2020-03-10,6.886397741918325
2020-03-11,8.335205710353819
2020-03-12,10.646246755062984
2020-03-13,6.653492840939426
2020-03-14,4.742598573981206
2020-03-15,4.637296947425612
2020-03-16,5.701255135030751
2020-03-17,7.118745604763319
2020-03-18,8.923525359239836
2020-03-19,15.981073248144558
2020-03-20,8.029368343271381
2020-03-21,4.10104205576919
2020-03-22,3.8227953993686032
2020-03-23,5.893847023062966
2020-03-24,6.579241055034316
2020-03-25,9.596145972063566
2020-03-26,12.33878167412398
2020-03-27,15.373920948303034
2020-03-28,20.78506137733068
2020-03-29,12.085074262050394
2020-03-30,10.692452739398009
2020-03-31,8.327922783728352
2020-04-01,8.346137891596065
2020-04-02,12.031909258878466
2020-04-03,14.098301956117401
2020-04-04,7.832038465097696
2020-04-05,10.01407668340887
2020-04-06,15.135775222321854
2020-04-07,22.28845947207024
2020-04-08,20.253900178529804
2020-04-09,8.375336040082457
2020-04-10,7.079628516151531
2020-04-11,12.499975522845322
2020-04-12,14.001138027264036
2020-04-13,5.68474981779943
2020-04-14,5.341781579453273
2020-04-15,5.320922611682958
2020-04-16,5.489687387257877
2020-04-17,5.548703235052132
2020-04-18,7.969112975740572
2020-04-19,12.129445287509368
2020-04-20,13.051252626535616
2020-04-21,10.747185719082514
2020-04-22,15.028434304560871
2020-04-23,14.288333489338417
2020-04-24,16.074409206509827
2020-04-25,10.667237317112317
2020-04-26,12.774691908726075
2020-04-27,15.803652851642646
2020-04-28,20.24543091726745
2020-04-29,12.513440462089948
2020-04-30,13.950291966770079
2020-05-01,15.873697938588355
2020-05-02,22.151960507551205
2020-05-03,18.57578795043635
2020-05-04,13.033064390940224
2020-05-05,10.529077301721298
2020-05-06,11.522725416964336
2020-05-07,14.422984244161874
2020-05-08,10.309079382554494
2020-05-09,10.583397350057396
2020-05-10,9.544605751984859
2020-05-11,9.532734377934915
2020-05-12,12.173876348904734
2020-05-13,13.110413771844264
2020-05-14,21.801210046770777
2020-05-15,21.964102363747124
2020-05-16,21.636618024598167
2020-05-17,20.35528434708074
2020-05-18,16.2376498067133
2020-05-19,18.115114788468023
2020-05-20,17.175613049991533
2020-05-21,17.046165922526097
2020-05-22,20.826313306105536
2020-05-23,24.304025317826625
2020-05-24,24.960310333138658
2020-05-25,24.89873740899624
2020-05-26,24.780127889761346
2020-05-27,23.569682556889305
2020-05-28,23.13986068781631
2020-05-29,20.727165189038676
2020-05-30,18.82192118406663
2020-05-31,19.62766724970814
2020-06-01,21.1450903554453
2020-06-02,24.671888235664465
2020-06-03,25.36688847927258
2020-06-04,24.90462215977487
2020-06-05,25.210300825430924
2020-06-06,25.73582067929505
2020-06-07,24.218407249466576
2020-06-08,24.571426003506826
2020-06-09,26.13183594506552
2020-06-10,22.01417283621819
2020-06-11,22.341191286313308
2020-06-12,24.351246818000437
2020-06-13,21.390601461607595
2020-06-14,20.09245076357405
2020-06-15,20.164816701220097
2020-06-16,22.810414475414394
2020-06-17,23.98620294183357
2020-06-18,24.878106506635817
2020-06-19,25.52822317845753
2020-06-20,25.430224796837546
2020-06-21,25.460315729835486
2020-06-22,24.65674311273711
2020-06-23,21.541812902722654
2020-06-24,22.83217065196441
2020-06-25,24.64764293985695
2020-06-26,25.839786284347827
2020-06-27,25.49842613035753
2020-06-28,25.9875584960342
2020-06-29,26.426406466324185
2020-06-30,24.80101037157558
2020-07-01,25.555199432339112
2020-07-02,26.365417599172225
2020-07-03,26.19052310633995
2020-07-04,26.270255864373162
2020-07-05,26.853908415562415
2020-07-06,27.351333363083498
2020-07-07,27.47970318585667
2020-07-08,27.268028046765394
2020-07-09,26.841019877728616
2020-07-10,25.249764424541084
2020-07-11,26.294198327957197
2020-07-12,25.193323098631172
2020-07-13,24.031796417150417
2020-07-14,25.024301330396504
2020-07-15,25.36688847927258
2020-07-16,25.16494046962461
2020-07-17,26.192955591514988
2020-07-18,27.007970429667562
2020-07-19,26.351246549841036
2020-07-20,25.60348839563138
2020-07-21,25.832047204224278
2020-07-22,25.873213273593734
2020-07-23,24.895793401658665
2020-07-24,25.096380932601086
2020-07-25,26.403029664214408
2020-07-26,27.196995846125255
2020-07-27,25.4110085641757
2020-07-28,25.021404048064582
2020-07-29,25.58475030699029
2020-07-30,23.94695296107099
2020-07-31,23.143392596062377
2020-08-01,22.54272517238604
2020-08-02,24.18969098820424
2020-08-03,21.964102363747124
2020-08-04,20.493932901321617
2020-08-05,20.953645770670946
2020-08-06,22.155769614762047
2020-08-07,23.38452472951947
2020-08-08,25.107850815066488
2020-08-09,25.893695781641508
2020-08-10,26.69252119232554
2020-08-11,24.901680328348373
2020-08-12,25.021404048064582
2020-08-13,25.603488395631384
2020-08-14,25.608832570192035
2020-08-15,25.15925097446006
2020-08-16,23.956780149509505
2020-08-17,24.98364060063679
2020-08-18,23.976405141531206
2020-08-19,22.08705379542943
2020-08-20,22.954744969958043
2020-08-21,24.148055851311387
2020-08-22,24.589780316367374
2020-08-23,26.185655065114474
2020-08-24,27.196995846125255
2020-08-25,27.022478622481163
2020-08-26,26.907239747450703
2020-08-27,26.468232074581785
2020-08-28,27.20097311458894
2020-08-29,24.812919242668595
2020-08-30,22.144339310154336
2020-08-31,24.86038042946847
2020-09-01,24.00251083208892
2020-09-02,24.895793401658665
2020-09-03,24.385719674509502
2020-09-04,22.28845947207024
2020-09-05,24.370066584451894
2020-09-06,24.925184522940008
2020-09-07,26.222065647769934
2020-09-08,24.540748096772173
2020-09-09,24.304025317826625
2020-09-10,22.8575053926027
2020-09-11,23.791716366767368
2020-09-12,22.69008641366209
2020-09-13,21.390601461607595
2020-09-14,21.254176642139395
2020-09-15,21.229992173689137
2020-09-16,22.060244335533906
2020-09-17,21.063863865788587
2020-09-18,16.95357121092305
2020-09-19,14.953791725222509
2020-09-20,16.55897720393127
2020-09-21,18.616178720708135
2020-09-22,19.88263854171104
2020-09-23,20.109498057487166
2020-09-24,20.270829247057193
2020-09-25,21.338564115538922
2020-09-26,23.122185249388593
2020-09-27,21.306464002404574
2020-09-28,15.724255812077406
2020-09-29,13.68740755039589
2020-09-30,16.097737412613874
2020-10-01,12.93315977160199
2020-10-02,12.040763968716842
2020-10-03,11.987672757226589
2020-10-04,10.549953125199819
2020-10-05,11.375202631422246
2020-10-06,17.45219269820064
2020-10-07,21.0394265374262
2020-10-08,20.253900178529804
2020-10-09,21.971816294320984
2020-10-10,23.143392596062377
2020-10-11,22.59079811825869
2020-10-12,18.36416364726293
2020-10-13,16.805208511367745
2020-10-14,19.891237408251207
2020-10-15,11.930258469669749
2020-10-16,9.387020350390703
2020-10-17,13.540296126346588
2020-10-18,11.018589038380295
2020-10-19,9.434136604328344
2020-10-20,11.492286804530332
2020-10-21,13.046704891907007
2020-10-22,22.23931775287126
2020-10-23,11.723584726061075
2020-10-24,7.410386854254123
2020-10-25,8.544508795458379
2020-10-26,4.9324171216462185
2020-10-27,5.953480716764121
2020-10-28,7.9797240503731075
2020-10-29,7.627754034823193
2020-10-30,6.441714938254275
2020-10-31,10.046630183708894
2020-11-01,5.692997652550119
2020-11-02,5.7288497954357895
2020-11-03,11.640447456513966
2020-11-04,15.434642789051324
2020-11-05,16.540370971757227
2020-11-06,16.032412407312847
2020-11-07,16.279602317282563
2020-11-08,19.959921680514164
2020-11-09,21.593233129048013
2020-11-10,18.70577750503794
2020-11-11,6.542351161532635
2020-11-12,8.036477300453136
2020-11-13,4.641933882143109
2020-11-14,7.947919439066305
2020-11-15,8.74586843018636
2020-11-16,7.793669173145409
2020-11-17,5.06334467889841
2020-11-18,6.71897946142663
2020-11-19,13.692010511643197
2020-11-20,14.785954086312895
2020-11-21,8.298832670207675
2020-11-22,6.456886414758514
2020-11-23,5.333951566208862
2020-11-24,8.233623720976041
2020-11-25,10.132352311402338
2020-11-26,7.47445653744214
2020-11-27,5.896675918859321
2020-11-28,5.463032049931118
2020-11-29,5.48701707574308
2020-11-30,3.119178405724045
2020-12-01,2.8200913462597788
2020-12-02,4.23827094939548
2020-12-03,4.5567963897939485
2020-12-04,4.799594041044277
2020-12-05,4.309485723893845
2020-12-06,4.199866797421453
2020-12-07,4.22757205709733
2020-12-08,4.56364868432647
2020-12-09,7.28674087199223
2020-12-10,8.125695210686855
2020-12-11,9.584238024256011
2020-12-12,6.091578746524323
2020-12-13,3.6041232619103467
2020-12-14,2.61209628062034
2020-12-15,2.753330719202346
2020-12-16,2.8824114827107703
2020-12-17,2.9399372299835416
2020-12-18,3.7994249767706436
2020-12-19,4.742598573981206
2020-12-20,3.8877377401697046
2020-12-21,5.868435535787174
2020-12-22,4.87891748188549
2020-12-23,7.099167457648073
2020-12-24,1.4466457938938468
2020-12-25,1.2091404134724644
2020-12-26,2.747598420802682
2020-12-27,5.095902142399632
2020-12-28,2.7547656074149995
2020-12-29,2.8644714887506635
2020-12-30,3.764612790754186
2020-12-31,2.51971508175263
