datetime,water_discharge
2015-01-01,10558.020833333334
2015-01-02,10255.625
2015-01-03,10882.291666666666
2015-01-04,12597.916666666666
2015-01-05,12596.041666666666
2015-01-06,10891.041666666666
2015-01-07,8362.8125
2015-01-08,6385.106382978724
2015-01-09,6647.604166666667
2015-01-10,6771.145833333333
2015-01-11,6111.041666666667
2015-01-12,6121.875
2015-01-13,6250.208333333333
2015-01-14,6609.6875
2015-01-15,6358.75
2015-01-16,6008.645833333333
2015-01-17,6685.729166666667
2015-01-18,7333.020833333333
2015-01-19,8871.875
2015-01-20,9369.583333333334
2015-01-21,12083.333333333334
2015-01-22,13516.666666666666
2015-01-23,12975.9375
2015-01-24,14447.916666666666
2015-01-25,15054.166666666666
2015-01-26,11994.166666666666
2015-01-27,12587.5
2015-01-28,11506.041666666666
2015-01-29,12945.833333333334
2015-01-30,11635.625
2015-01-31,10075.833333333334
2015-02-01,11938.4375
2015-02-02,8634.166666666666
2015-02-03,8999.166666666666
2015-02-04,9100.208333333334
2015-02-05,8220.833333333334
2015-02-06,8488.854166666666
2015-02-07,9290.3125
2015-02-08,10460.104166666666
2015-02-09,10404.791666666666
2015-02-10,11262.083333333334
2015-02-11,14028.125
2015-02-12,14837.234042553191
2015-02-13,13371.875
2015-02-14,13374.583333333334
2015-02-15,9986.875
2015-02-16,8517.916666666666
2015-02-17,
2015-02-18,
2015-02-19,
2015-02-20,
2015-02-21,
2015-02-22,
2015-02-23,
2015-02-24,
2015-02-25,
2015-02-26,
2015-02-27,
2015-02-28,
2015-03-01,
2015-03-02,
2015-03-03,
2015-03-04,
2015-03-05,
2015-03-06,
2015-03-07,
2015-03-08,
2015-03-09,8711.145833333334
2015-03-10,17257.291666666668
2015-03-11,30813.541666666668
2015-03-12,38679.166666666664
2015-03-13,38335.416666666664
2015-03-14,36291.666666666664
2015-03-15,32823.958333333336
2015-03-16,29467.708333333332
2015-03-17,27259.375
2015-03-18,24028.125
2015-03-19,22783.333333333332
2015-03-20,20817.708333333332
2015-03-21,20680.208333333332
2015-03-22,19270.526315789473
2015-03-23,17884.375
2015-03-24,17348.958333333332
2015-03-25,17408.333333333332
2015-03-26,17522.916666666668
2015-03-27,17122.916666666668
2015-03-28,16953.125
2015-03-29,14968.75
2015-03-30,16606.25
2015-03-31,16194.791666666666
2015-04-01,12310.625
2015-04-02,13335.416666666666
2015-04-03,14084.375
2015-04-04,12581.25
2015-04-05,12226.041666666666
2015-04-06,12418.854166666666
2015-04-07,12282.395833333334
2015-04-08,11627.8125
2015-04-09,10882.1875
2015-04-10,17540.625
2015-04-11,20077.083333333332
2015-04-12,19520.833333333332
2015-04-13,20737.5
2015-04-14,19336.458333333332
2015-04-15,18489.583333333332
2015-04-16,16888.541666666668
2015-04-17,15903.125
2015-04-18,14346.875
2015-04-19,14306.25
2015-04-20,14286.458333333334
2015-04-21,14852.083333333334
2015-04-22,14753.125
2015-04-23,13655.208333333334
2015-04-24,12493.645833333334
2015-04-25,14785.416666666666
2015-04-26,16865.625
2015-04-27,19490.625
2015-04-28,19537.5
2015-04-29,18062.5
2015-04-30,16662.5
2015-05-01,14466.666666666666
2015-05-02,12506.25
2015-05-03,10640.729166666666
2015-05-04,12206.25
2015-05-05,13745.729166666666
2015-05-06,17004.21052631579
2015-05-07,20138.541666666668
2015-05-08,21422.916666666668
2015-05-09,26585.416666666668
2015-05-10,29814.583333333332
2015-05-11,31527.083333333332
2015-05-12,
2015-05-13,30429.166666666668
2015-05-14,28085.416666666668
2015-05-15,26222.916666666668
2015-05-16,23885.416666666668
2015-05-17,21940.625
2015-05-18,22508.333333333332
2015-05-19,20334.375
2015-05-20,18441.052631578947
2015-05-21,16627.083333333332
2015-05-22,15848.958333333334
2015-05-23,14308.333333333334
2015-05-24,13349.583333333334
2015-05-25,12979.0625
2015-05-26,13166.666666666666
2015-05-27,15001.041666666666
2015-05-28,14234.375
2015-05-29,13391.666666666666
2015-05-30,14935.416666666666
2015-05-31,14366.666666666666
2015-06-01,18480.208333333332
2015-06-02,21365.625
2015-06-03,22071.875
2015-06-04,22189.583333333332
2015-06-05,21966.666666666668
2015-06-06,19932.291666666668
2015-06-07,18093.75
2015-06-08,25051.041666666668
2015-06-09,31888.541666666668
2015-06-10,34634.375
2015-06-11,31544.791666666668
2015-06-12,33792.708333333336
2015-06-13,36175.0
2015-06-14,51805.208333333336
2015-06-15,70131.25
2015-06-16,80318.75
2015-06-17,90445.83333333333
2015-06-18,
2015-06-19,82198.95833333333
2015-06-20,71982.29166666667
2015-06-21,67542.70833333333
2015-06-22,67579.16666666667
2015-06-23,77663.54166666667
2015-06-24,82565.625
2015-06-25,75155.20833333333
2015-06-26,68077.08333333333
2015-06-27,65164.583333333336
2015-06-28,68911.45833333333
2015-06-29,68594.79166666667
2015-06-30,64917.708333333336
2015-07-01,63388.541666666664
2015-07-02,56359.375
2015-07-03,46646.875
2015-07-04,41601.041666666664
2015-07-05,37345.833333333336
2015-07-06,37021.875
2015-07-07,39238.541666666664
2015-07-08,40343.75
2015-07-09,37575.0
2015-07-10,41185.416666666664
2015-07-11,47400.0
2015-07-12,44569.791666666664
2015-07-13,48434.375
2015-07-14,56137.5
2015-07-15,59121.875
2015-07-16,55643.75
2015-07-17,49758.333333333336
2015-07-18,48068.75
2015-07-19,48848.958333333336
2015-07-20,45752.083333333336
2015-07-21,42343.75
2015-07-22,37159.375
2015-07-23,35143.75
2015-07-24,31232.291666666668
2015-07-25,29186.458333333332
2015-07-26,26262.5
2015-07-27,25167.708333333332
2015-07-28,23802.083333333332
2015-07-29,22629.166666666668
2015-07-30,21455.208333333332
2015-07-31,19848.958333333332
2015-08-01,17366.666666666668
2015-08-02,14927.083333333334
2015-08-03,16409.375
2015-08-04,15048.958333333334
2015-08-05,13341.666666666666
2015-08-06,12178.125
2015-08-07,11046.979166666666
2015-08-08,11019.166666666666
2015-08-09,9906.25
2015-08-10,9707.5
2015-08-11,8960.0
2015-08-12,8576.25
2015-08-13,5599.270833333333
2015-08-14,4830.9375
2015-08-15,5141.666666666667
2015-08-16,5948.229166666667
2015-08-17,6198.75
2015-08-18,8379.270833333334
2015-08-19,13467.8125
2015-08-20,16718.75
2015-08-21,14346.875
2015-08-22,12680.208333333334
2015-08-23,12342.395833333334
2015-08-24,10201.354166666666
2015-08-25,8883.894736842105
2015-08-26,7924.526315789473
2015-08-27,6213.229166666667
2015-08-28,5186.5625
2015-08-29,5720.0
2015-08-30,5372.604166666667
2015-08-31,7011.875
2015-09-01,6647.916666666667
2015-09-02,5596.145833333333
2015-09-03,5420.833333333333
2015-09-04,6143.333333333333
2015-09-05,5455.0
2015-09-06,5042.5
2015-09-07,5240.9375
2015-09-08,6116.145833333333
2015-09-09,8835.104166666666
2015-09-10,10493.645833333334
2015-09-11,10244.895833333334
2015-09-12,9228.541666666666
2015-09-13,9761.354166666666
2015-09-14,7763.229166666667
2015-09-15,8424.166666666666
2015-09-16,6815.416666666667
2015-09-17,6728.333333333333
2015-09-18,9265.520833333334
2015-09-19,19130.208333333332
2015-09-20,23570.833333333332
2015-09-21,25863.541666666668
2015-09-22,25148.958333333332
2015-09-23,22973.958333333332
2015-09-24,20330.208333333332
2015-09-25,17039.583333333332
2015-09-26,14481.052631578947
2015-09-27,12539.583333333334
2015-09-28,9383.645833333334
2015-09-29,9562.604166666666
2015-09-30,7942.916666666667
2015-10-01,7270.520833333333
2015-10-02,6863.229166666667
2015-10-03,5552.1875
2015-10-04,5369.375
2015-10-05,5168.229166666667
2015-10-06,5215.625
2015-10-07,4841.875
2015-10-08,4596.354166666667
2015-10-09,5185.416666666667
2015-10-10,4295.864583333333
2015-10-11,4000.0
2015-10-12,5844.8421052631575
2015-10-13,4915.104166666667
2015-10-14,4466.5625
2015-10-15,3978.2291666666665
2015-10-16,3948.2291666666665
2015-10-17,3856.4270833333335
2015-10-18,4228.854166666667
2015-10-19,2833.9270833333335
2015-10-20,4569.375
2015-10-21,4542.8125
2015-10-22,4131.354166666667
2015-10-23,4490.520833333333
2015-10-24,4848.229166666667
2015-10-25,4957.395833333333
2015-10-26,4920.416666666667
2015-10-27,4765.208333333333
2015-10-28,6824.6875
2015-10-29,7004.375
2015-10-30,6322.5
2015-10-31,6580.833333333333
2015-11-01,9458.75
2015-11-02,9625.208333333334
2015-11-03,9635.833333333334
2015-11-04,8788.020833333334
2015-11-05,6534.6875
2015-11-06,9884.6875
2015-11-07,8185.416666666667
2015-11-08,8102.210526315789
2015-11-09,7832.210526315789
2015-11-10,7212.083333333333
2015-11-11,
2015-11-12,9130.0
2015-11-13,9598.842105263158
2015-11-14,8152.604166666667
2015-11-15,8212.604166666666
2015-11-16,7610.3125
2015-11-17,7801.354166666667
2015-11-18,14106.875
2015-11-19,21607.291666666668
2015-11-20,22840.625
2015-11-21,20262.5
2015-11-22,18164.583333333332
2015-11-23,17763.541666666668
2015-11-24,17691.666666666668
2015-11-25,14445.833333333334
2015-11-26,17146.875
2015-11-27,27868.75
2015-11-28,35507.291666666664
2015-11-29,38028.125
2015-11-30,36197.916666666664
2015-12-01,33781.25
2015-12-02,34352.083333333336
2015-12-03,32912.5
2015-12-04,30183.333333333332
2015-12-05,28109.375
2015-12-06,24975.0
2015-12-07,23167.708333333332
2015-12-08,21383.333333333332
2015-12-09,21001.052631578947
2015-12-10,18207.291666666668
2015-12-11,19579.166666666668
2015-12-12,17568.75
2015-12-13,16084.375
2015-12-14,23161.458333333332
2015-12-15,33764.583333333336
2015-12-16,34420.833333333336
2015-12-17,33402.083333333336
2015-12-18,29695.833333333332
2015-12-19,26384.375
2015-12-20,22680.208333333332
2015-12-21,23452.083333333332
2015-12-22,26272.916666666668
2015-12-23,28081.25
2015-12-24,34833.333333333336
2015-12-25,40125.0
2015-12-26,38520.833333333336
2015-12-27,36996.875
2015-12-28,43978.125
2015-12-29,70358.33333333333
2015-12-30,95694.79166666667
2015-12-31,97283.33333333333
2016-01-01,82642.70833333333
2016-01-02,71638.54166666667
2016-01-03,62310.416666666664
2016-01-04,52313.541666666664
2016-01-05,44231.25
2016-01-06,41103.125
2016-01-07,37946.875
2016-01-08,33347.916666666664
2016-01-09,35854.166666666664
2016-01-10,37277.083333333336
2016-01-11,37878.125
2016-01-12,36354.166666666664
2016-01-13,31460.416666666668
2016-01-14,26800.0
2016-01-15,30426.041666666668
2016-01-16,28322.916666666668
2016-01-17,25750.0
2016-01-18,21793.75
2016-01-19,20164.583333333332
2016-01-20,19373.958333333332
2016-01-21,19421.875
2016-01-22,19127.083333333332
2016-01-23,17894.736842105263
2016-01-24,18996.875
2016-01-25,18415.625
2016-01-26,19139.583333333332
2016-01-27,16104.166666666666
2016-01-28,17350.0
2016-01-29,15616.666666666666
2016-01-30,15815.625
2016-01-31,14909.375
2016-02-01,14782.291666666666
2016-02-02,14987.5
2016-02-03,21383.333333333332
2016-02-04,28856.25
2016-02-05,28465.625
2016-02-06,25914.583333333332
2016-02-07,23401.041666666668
2016-02-08,21733.333333333332
2016-02-09,19904.166666666668
2016-02-10,18065.625
2016-02-11,15859.375
2016-02-12,15726.041666666666
2016-02-13,13597.916666666666
2016-02-14,12538.541666666666
2016-02-15,11808.75
2016-02-16,12576.041666666666
2016-02-17,11695.833333333334
2016-02-18,10732.5
2016-02-19,10651.979166666666
2016-02-20,13537.5
2016-02-21,12582.5
2016-02-22,11651.041666666666
2016-02-23,11981.458333333334
2016-02-24,13194.6875
2016-02-25,11366.666666666666
2016-02-26,10995.520833333334
2016-02-27,10757.1875
2016-02-28,10541.458333333334
2016-02-29,11134.375
2016-03-01,14616.666666666666
2016-03-02,13943.75
2016-03-03,14190.625
2016-03-04,13469.791666666666
2016-03-05,14577.083333333334
2016-03-06,12362.291666666666
2016-03-07,13643.75
2016-03-08,13720.833333333334
2016-03-09,15189.583333333334
2016-03-10,13726.041666666666
2016-03-11,13203.125
2016-03-12,13747.916666666666
2016-03-13,14190.625
2016-03-14,19215.625
2016-03-15,26807.291666666668
2016-03-16,28983.333333333332
2016-03-17,30646.875
2016-03-18,29560.416666666668
2016-03-19,26357.291666666668
2016-03-20,23977.083333333332
2016-03-21,21440.625
2016-03-22,20141.666666666668
2016-03-23,20463.541666666668
2016-03-24,19277.083333333332
2016-03-25,22031.25
2016-03-26,25163.541666666668
2016-03-27,24572.916666666668
2016-03-28,23291.666666666668
2016-03-29,22316.666666666668
2016-03-30,20234.375
2016-03-31,22528.125
2016-04-01,23053.125
2016-04-02,25215.625
2016-04-03,22984.375
2016-04-04,25457.291666666668
2016-04-05,21960.416666666668
2016-04-06,21975.0
2016-04-07,22290.526315789473
2016-04-08,22636.458333333332
2016-04-09,22627.083333333332
2016-04-10,22901.041666666668
2016-04-11,24588.541666666668
2016-04-12,
2016-04-13,
2016-04-14,23048.958333333332
2016-04-15,21648.958333333332
2016-04-16,20579.166666666668
2016-04-17,19352.083333333332
2016-04-18,17696.875
2016-04-19,17364.583333333332
2016-04-20,15507.291666666666
2016-04-21,16130.208333333334
2016-04-22,15971.875
2016-04-23,14111.458333333334
2016-04-24,14848.958333333334
2016-04-25,12498.229166666666
2016-04-26,13081.25
2016-04-27,12032.291666666666
2016-04-28,13062.395833333334
2016-04-29,14393.75
2016-04-30,14854.166666666666
2016-05-01,17990.625
2016-05-02,21651.041666666668
2016-05-03,23925.0
2016-05-04,24520.833333333332
2016-05-05,23573.958333333332
2016-05-06,21510.416666666668
2016-05-07,19655.208333333332
2016-05-08,18297.916666666668
2016-05-09,16815.625
2016-05-10,17617.708333333332
2016-05-11,28014.583333333332
2016-05-12,36611.458333333336
2016-05-13,40009.375
2016-05-14,38723.958333333336
2016-05-15,37222.916666666664
2016-05-16,33088.541666666664
2016-05-17,30477.083333333332
2016-05-18,27137.5
2016-05-19,24072.916666666668
2016-05-20,22440.625
2016-05-21,20721.875
2016-05-22,18666.666666666668
2016-05-23,17279.166666666668
2016-05-24,15919.791666666666
2016-05-25,15166.666666666666
2016-05-26,17494.791666666668
2016-05-27,17155.208333333332
2016-05-28,16952.083333333332
2016-05-29,16648.958333333332
2016-05-30,15408.333333333334
2016-05-31,14816.666666666666
2016-06-01,16700.0
2016-06-02,16376.041666666666
2016-06-03,14773.958333333334
2016-06-04,13812.5
2016-06-05,13552.083333333334
2016-06-06,11902.1875
2016-06-07,12309.270833333334
2016-06-08,10020.104166666666
2016-06-09,10083.958333333334
2016-06-10,8841.041666666666
2016-06-11,8886.041666666666
2016-06-12,9177.684210526315
2016-06-13,7575.625
2016-06-14,8621.979166666666
2016-06-15,
2016-06-16,22575.0
2016-06-17,20078.125
2016-06-18,17200.0
2016-06-19,13850.0
2016-06-20,12163.125
2016-06-21,9116.145833333334
2016-06-22,8342.291666666666
2016-06-23,17472.916666666668
2016-06-24,23502.083333333332
2016-06-25,25891.666666666668
2016-06-26,22582.291666666668
2016-06-27,18612.5
2016-06-28,15173.958333333334
2016-06-29,12497.916666666666
2016-06-30,9956.770833333334
2016-07-01,8601.458333333334
2016-07-02,6650.104166666667
2016-07-03,6676.875
2016-07-04,5881.25
2016-07-05,5416.458333333333
2016-07-06,7857.083333333333
2016-07-07,13089.583333333334
2016-07-08,12813.541666666666
2016-07-09,12414.583333333334
2016-07-10,10926.770833333334
2016-07-11,8589.0625
2016-07-12,7796.666666666667
2016-07-13,6111.666666666667
2016-07-14,10562.916666666666
2016-07-15,8995.9375
2016-07-16,9988.4375
2016-07-17,8099.375
2016-07-18,11477.1875
2016-07-19,21838.541666666668
2016-07-20,29484.375
2016-07-21,29184.375
2016-07-22,26382.291666666668
2016-07-23,27134.375
2016-07-24,26784.375
2016-07-25,31503.125
2016-07-26,29422.916666666668
2016-07-27,24818.75
2016-07-28,21195.833333333332
2016-07-29,19267.708333333332
2016-07-30,19614.583333333332
2016-07-31,18675.0
2016-08-01,16703.157894736843
2016-08-02,13304.166666666666
2016-08-03,11397.604166666666
2016-08-04,7911.875
2016-08-05,6742.1875
2016-08-06,5918.541666666667
2016-08-07,5768.315789473684
2016-08-08,5116.5625
2016-08-09,4068.6458333333335
2016-08-10,4213.75
2016-08-11,3316.15625
2016-08-12,4749.270833333333
2016-08-13,14759.479166666666
2016-08-14,16776.041666666668
2016-08-15,13640.625
2016-08-16,12781.979166666666
2016-08-17,19688.541666666668
2016-08-18,23497.916666666668
2016-08-19,25500.0
2016-08-20,26960.416666666668
2016-08-21,31243.75
2016-08-22,34260.416666666664
2016-08-23,31976.041666666668
2016-08-24,28611.458333333332
2016-08-25,28535.416666666668
2016-08-26,30536.458333333332
2016-08-27,31350.0
2016-08-28,36356.25
2016-08-29,42866.666666666664
2016-08-30,46028.125
2016-08-31,47386.458333333336
2016-09-01,40944.791666666664
2016-09-02,33357.291666666664
2016-09-03,27934.375
2016-09-04,24172.916666666668
2016-09-05,20096.875
2016-09-06,17618.75
2016-09-07,15753.125
2016-09-08,18989.583333333332
2016-09-09,26035.416666666668
2016-09-10,30494.791666666668
2016-09-11,34077.083333333336
2016-09-12,32980.208333333336
2016-09-13,29405.208333333332
2016-09-14,26221.875
2016-09-15,23444.791666666668
2016-09-16,20041.666666666668
2016-09-17,20081.25
2016-09-18,18615.625
2016-09-19,17510.416666666668
2016-09-20,16925.0
2016-09-21,14473.125
2016-09-22,14940.625
2016-09-23,14259.375
2016-09-24,12942.708333333334
2016-09-25,11865.9375
2016-09-26,11655.157894736842
2016-09-27,9630.729166666666
2016-09-28,7744.895833333333
2016-09-29,9975.0
2016-09-30,10500.0
2016-10-01,9787.604166666666
2016-10-02,13195.833333333334
2016-10-03,14947.916666666666
2016-10-04,14857.291666666666
2016-10-05,13881.25
2016-10-06,13933.333333333334
2016-10-07,20005.208333333332
2016-10-08,24794.791666666668
2016-10-09,21822.916666666668
2016-10-10,18202.083333333332
2016-10-11,15903.125
2016-10-12,14461.458333333334
2016-10-13,14400.0
2016-10-14,13387.5
2016-10-15,10921.875
2016-10-16,11413.020833333334
2016-10-17,10037.916666666666
2016-10-18,15011.458333333334
2016-10-19,13630.208333333334
2016-10-20,13282.291666666666
2016-10-21,12100.0
2016-10-22,11399.583333333334
2016-10-23,11041.979166666666
2016-10-24,10597.395833333334
2016-10-25,9538.645833333334
2016-10-26,10684.375
2016-10-27,13113.541666666666
2016-10-28,14595.833333333334
2016-10-29,16433.333333333332
2016-10-30,15852.083333333334
2016-10-31,13990.625
2016-11-01,13658.333333333334
2016-11-02,12901.041666666666
2016-11-03,15163.541666666666
2016-11-04,19997.916666666668
2016-11-05,19671.875
2016-11-06,17756.25
2016-11-07,16872.916666666668
2016-11-08,15734.375
2016-11-09,14344.791666666666
2016-11-10,12019.0625
2016-11-11,12405.9375
2016-11-12,11085.78947368421
2016-11-13,10299.583333333334
2016-11-14,10753.229166666666
2016-11-15,10577.1875
2016-11-16,9823.75
2016-11-17,8171.5625
2016-11-18,9062.291666666666
2016-11-19,11210.104166666666
2016-11-20,9921.770833333334
2016-11-21,9231.458333333334
2016-11-22,7795.473684210527
2016-11-23,9000.9375
2016-11-24,9027.8125
2016-11-25,11411.979166666666
2016-11-26,11959.583333333334
2016-11-27,11944.583333333334
2016-11-28,12289.375
2016-11-29,19288.541666666668
2016-11-30,26952.083333333332
2016-12-01,27836.458333333332
2016-12-02,24961.052631578947
2016-12-03,21663.541666666668
2016-12-04,19634.375
2016-12-05,18200.0
2016-12-06,17896.875
2016-12-07,16760.416666666668
2016-12-08,16644.791666666668
2016-12-09,15793.75
2016-12-10,14472.916666666666
2016-12-11,13818.541666666666
2016-12-12,12167.368421052632
2016-12-13,12441.666666666666
2016-12-14,10735.729166666666
2016-12-15,7697.1875
2016-12-16,8223.020833333334
2016-12-17,
2016-12-18,
2016-12-19,
2016-12-20,
2016-12-21,
2016-12-22,
2016-12-23,9438.75
2016-12-24,9547.5
2016-12-25,9364.479166666666
2016-12-26,12205.9375
2016-12-27,19990.625
2016-12-28,25504.166666666668
2016-12-29,25505.208333333332
2016-12-30,22644.21052631579
2016-12-31,20697.916666666668
2017-01-01,18857.894736842107
2017-01-02,17616.666666666668
2017-01-03,17365.625
2017-01-04,16335.416666666666
2017-01-05,17635.416666666668
2017-01-06,15240.625
2017-01-07,12940.625
2017-01-08,
2017-01-09,
2017-01-10,
2017-01-11,
2017-01-12,16035.416666666666
2017-01-13,16936.458333333332
2017-01-14,19621.875
2017-01-15,20140.625
2017-01-16,18545.833333333332
2017-01-17,25869.791666666668
2017-01-18,37144.791666666664
2017-01-19,37831.25
2017-01-20,36018.75
2017-01-21,42050.0
2017-01-22,48131.25
2017-01-23,47231.25
2017-01-24,42830.52631578947
2017-01-25,38846.8085106383
2017-01-26,37108.333333333336
2017-01-27,33249.38271604938
2017-01-28,28300.0
2017-01-29,25500.0
2017-01-30,22600.0
2017-01-31,23268.08510638298
2017-02-01,22235.106382978724
2017-02-02,20046.315789473683
2017-02-03,18530.208333333332
2017-02-04,16496.774193548386
2017-02-05,17219.14893617021
2017-02-06,15786.170212765957
2017-02-07,15382.105263157895
2017-02-08,17905.31914893617
2017-02-09,18586.17021276596
2017-02-10,17212.08791208791
2017-02-11,17476.59574468085
2017-02-12,16981.25
2017-02-13,16947.916666666668
2017-02-14,18287.36842105263
2017-02-15,17440.860215053763
2017-02-16,16440.860215053763
2017-02-17,15108.421052631578
2017-02-18,14241.489361702128
2017-02-19,13008.333333333334
2017-02-20,10646.774193548386
2017-02-21,11773.020833333334
2017-02-22,10859.468085106382
2017-02-23,11643.157894736842
2017-02-24,12101.78947368421
2017-02-25,11238.4375
2017-02-26,10107.78947368421
2017-02-27,11708.510638297872
2017-02-28,10978.191489361701
2017-03-01,18578.125
2017-03-02,27936.17021276596
2017-03-03,28285.263157894737
2017-03-04,24127.36842105263
2017-03-05,21040.860215053763
2017-03-06,17852.083333333332
2017-03-07,20965.263157894737
2017-03-08,18804.166666666668
2017-03-09,19079.166666666668
2017-03-10,16634.375
2017-03-11,15342.708333333334
2017-03-12,14048.936170212766
2017-03-13,13438.541666666666
2017-03-14,13086.315789473685
2017-03-15,10832.631578947368
2017-03-16,10093.854166666666
2017-03-17,10571.041666666666
2017-03-18,10589.565217391304
2017-03-19,9787.09677419355
2017-03-20,12697.916666666666
2017-03-21,15140.425531914894
2017-03-22,15098.958333333334
2017-03-23,14196.875
2017-03-24,14082.291666666666
2017-03-25,15968.421052631578
2017-03-26,16810.526315789473
2017-03-27,19064.583333333332
2017-03-28,18853.125
2017-03-29,18154.736842105263
2017-03-30,22868.42105263158
2017-03-31,39115.05376344086
2017-04-01,51256.25
2017-04-02,55772.916666666664
2017-04-03,48965.26315789474
2017-04-04,43567.708333333336
2017-04-05,43418.75
2017-04-06,47097.89473684211
2017-04-07,59968.75
2017-04-08,63525.0
2017-04-09,57359.375
2017-04-10,53400.0
2017-04-11,49084.375
2017-04-12,43437.5
2017-04-13,41501.041666666664
2017-04-14,37167.02127659575
2017-04-15,33758.333333333336
2017-04-16,35358.94736842105
2017-04-17,34752.083333333336
2017-04-18,33256.25
2017-04-19,32417.708333333332
2017-04-20,29500.0
2017-04-21,27573.958333333332
2017-04-22,25446.315789473683
2017-04-23,23020.833333333332
2017-04-24,21725.0
2017-04-25,20041.666666666668
2017-04-26,20400.0
2017-04-27,19726.041666666668
2017-04-28,19569.14893617021
2017-04-29,21310.526315789473
2017-04-30,45112.5
2017-05-01,67415.625
2017-05-02,87841.66666666667
2017-05-03,84317.70833333333
2017-05-04,70229.16666666667
2017-05-05,59720.833333333336
2017-05-06,52914.583333333336
2017-05-07,49530.208333333336
2017-05-08,47665.625
2017-05-09,46711.458333333336
2017-05-10,48619.791666666664
2017-05-11,53534.375
2017-05-12,58053.125
2017-05-13,55037.5
2017-05-14,48559.375
2017-05-15,42121.50537634409
2017-05-16,36926.96629213483
2017-05-17,30135.416666666668
2017-05-18,36241.666666666664
2017-05-19,31031.25
2017-05-20,26561.458333333332
2017-05-21,26622.58064516129
2017-05-22,24838.947368421053
2017-05-23,26296.842105263157
2017-05-24,26500.0
2017-05-25,26855.78947368421
2017-05-26,26892.708333333332
2017-05-27,26621.875
2017-05-28,26913.684210526317
2017-05-29,27223.40425531915
2017-05-30,26232.978723404256
2017-05-31,24575.0
2017-06-01,21664.583333333332
2017-06-02,20913.541666666668
2017-06-03,19281.052631578947
2017-06-04,18125.531914893618
2017-06-05,17722.340425531915
2017-06-06,15874.736842105263
2017-06-07,14692.631578947368
2017-06-08,14017.894736842105
2017-06-09,13153.191489361701
2017-06-10,11665.157894736842
2017-06-11,12019.479166666666
2017-06-12,11914.736842105263
2017-06-13,10513.936170212766
2017-06-14,11360.208333333334
2017-06-15,12996.041666666666
2017-06-16,18791.666666666668
2017-06-17,23289.473684210527
2017-06-18,25894.791666666668
2017-06-19,29444.68085106383
2017-06-20,32486.458333333332
2017-06-21,29794.68085106383
2017-06-22,25063.157894736843
2017-06-23,23677.083333333332
2017-06-24,22068.42105263158
2017-06-25,21544.086021505376
2017-06-26,18682.105263157893
2017-06-27,15849.473684210527
2017-06-28,12919.89247311828
2017-06-29,16002.127659574468
2017-06-30,15357.291666666666
2017-07-01,15235.483870967742
2017-07-02,16357.446808510638
2017-07-03,16858.064516129034
2017-07-04,15102.173913043478
2017-07-05,14555.913978494624
2017-07-06,12884.04255319149
2017-07-07,12890.531914893618
2017-07-08,11592.708333333334
2017-07-09,9494.631578947368
2017-07-10,10296.21052631579
2017-07-11,10981.25
2017-07-12,11152.395833333334
2017-07-13,16663.541666666668
2017-07-14,20828.125
2017-07-15,22835.869565217392
2017-07-16,23619.14893617021
2017-07-17,23665.263157894737
2017-07-18,22573.684210526317
2017-07-19,21955.434782608696
2017-07-20,21715.05376344086
2017-07-21,25356.25
2017-07-22,32169.791666666668
2017-07-23,46310.416666666664
2017-07-24,49289.47368421053
2017-07-25,49919.791666666664
2017-07-26,44930.52631578947
2017-07-27,39211.95652173913
2017-07-28,35375.78947368421
2017-07-29,32708.510638297874
2017-07-30,28509.574468085106
2017-07-31,24915.78947368421
2017-08-01,22237.63440860215
2017-08-02,20410.63829787234
2017-08-03,18535.416666666668
2017-08-04,18441.666666666668
2017-08-05,18716.129032258064
2017-08-06,16781.25
2017-08-07,15948.958333333334
2017-08-08,13819.148936170213
2017-08-09,12566.559139784946
2017-08-10,11024.888888888889
2017-08-11,9151.304347826086
2017-08-12,7326.853932584269
2017-08-13,7419.662921348315
2017-08-14,6788.645833333333
2017-08-15,6719.565217391304
2017-08-16,3852.7263157894736
2017-08-17,6111.276595744681
2017-08-18,5394.574468085107
2017-08-19,5729.780219780219
2017-08-20,5929.239130434783
2017-08-21,4921.770833333333
2017-08-22,7033.478260869565
2017-08-23,6424.375
2017-08-24,7626.774193548387
2017-08-25,6997.872340425532
2017-08-26,7500.54347826087
2017-08-27,6716.888888888889
2017-08-28,6426.458333333333
2017-08-29,4934.375
2017-08-30,5879.893617021276
2017-08-31,5793.368421052632
2017-09-01,5267.096774193548
2017-09-02,4117.912087912088
2017-09-03,4299.473684210527
2017-09-04,4191.538461538462
2017-09-05,4565.63829787234
2017-09-06,3733.440860215054
2017-09-07,3447.3118279569894
2017-09-08,3731.4444444444443
2017-09-09,3192.391304347826
2017-09-10,2847.282608695652
2017-09-11,4513.010752688172
2017-09-12,3825.5913978494623
2017-09-13,3261.7894736842104
2017-09-14,3964.0625
2017-09-15,3074.0
2017-09-16,3608.6458333333335
2017-09-17,3740.108695652174
2017-09-18,4525.212765957447
2017-09-19,4818.924731182796
2017-09-20,4054.8936170212764
2017-09-21,4778.804347826087
2017-09-22,3964.3478260869565
2017-09-23,4985.632183908046
2017-09-24,4694.418604651163
2017-09-25,4601.318681318681
2017-09-26,4312.5
2017-09-27,3822.446808510638
2017-09-28,3569.468085106383
2017-09-29,3362.6881720430106
2017-09-30,2826.3440860215055
2017-10-01,2792.2065217391305
2017-10-02,2626.021739130435
2017-10-03,2235.9583333333335
2017-10-04,3855.05376344086
2017-10-05,3652.4239130434785
2017-10-06,4263.723404255319
2017-10-07,3703.306818181818
2017-10-08,5825.494505494506
2017-10-09,4738.297872340426
2017-10-10,6160.63829787234
2017-10-11,9865.376344086022
2017-10-12,8386.27659574468
2017-10-13,9761.578947368422
2017-10-14,12009.375
2017-10-15,29233.684210526317
2017-10-16,42835.48387096774
2017-10-17,43104.166666666664
2017-10-18,37126.59574468085
2017-10-19,29833.333333333332
2017-10-20,23788.297872340427
2017-10-21,19515.78947368421
2017-10-22,18762.105263157893
2017-10-23,18135.78947368421
2017-10-24,21926.88172043011
2017-10-25,27307.44680851064
2017-10-26,30725.531914893618
2017-10-27,29384.21052631579
2017-10-28,25982.105263157893
2017-10-29,23405.434782608696
2017-10-30,20903.157894736843
2017-10-31,18725.0
2017-11-01,16645.054945054944
2017-11-02,16153.125
2017-11-03,14998.924731182795
2017-11-04,13351.063829787234
2017-11-05,13076.595744680852
2017-11-06,13601.075268817205
2017-11-07,13721.052631578947
2017-11-08,12518.478260869566
2017-11-09,12353.684210526315
2017-11-10,12000.95744680851
2017-11-11,10870.439560439561
2017-11-12,10718.152173913044
2017-11-13,10601.935483870968
2017-11-14,9604.45652173913
2017-11-15,10419.052631578947
2017-11-16,11033.936170212766
2017-11-17,10586.666666666666
2017-11-18,14471.739130434782
2017-11-19,20808.42105263158
2017-11-20,26478.947368421053
2017-11-21,30806.382978723403
2017-11-22,29205.31914893617
2017-11-23,27322.58064516129
2017-11-24,25265.217391304348
2017-11-25,23977.894736842107
2017-11-26,20172.63157894737
2017-11-27,18027.36842105263
2017-11-28,16667.708333333332
2017-11-29,15697.894736842105
2017-11-30,13922.916666666666
2017-12-01,12330.967741935483
2017-12-02,9991.720430107527
2017-12-03,8534.270833333334
2017-12-04,6763.333333333333
2017-12-05,10943.936170212766
2017-12-06,10540.744680851063
2017-12-07,9151.720430107527
2017-12-08,7879.784946236559
2017-12-09,9030.322580645161
2017-12-10,7211.720430107527
2017-12-11,8186.105263157895
2017-12-12,7181.595744680851
2017-12-13,6970.0
2017-12-14,6820.537634408603
2017-12-15,6225.473684210527
2017-12-16,6785.368421052632
2017-12-17,6818.723404255319
2017-12-18,6429.569892473119
2017-12-19,7376.702127659574
2017-12-20,7056.236559139785
2017-12-21,6883.4375
2017-12-22,6705.4838709677415
2017-12-23,6590.967741935484
2017-12-24,6698.854166666667
2017-12-25,6122.8125
2017-12-26,5203.645833333333
2017-12-27,3991.413043478261
2017-12-28,3516.9473684210525
2017-12-29,4144.166666666667
2017-12-30,4012.2105263157896
2017-12-31,3556.5934065934066
2018-01-01,3403.936170212766
2018-01-02,3529.2708333333335
2018-01-03,2573.084210526316
2018-01-04,3021.6666666666665
2018-01-05,3160.425531914894
2018-01-06,3080.677966101695
2018-01-07,3547.717391304348
2018-01-08,3443.5789473684213
2018-01-09,3799.5833333333335
2018-01-10,4032.4210526315787
2018-01-11,6968.75
2018-01-12,8492.291666666666
2018-01-13,6668.645833333333
2018-01-14,7435.9375
2018-01-15,7810.104166666667
2018-01-16,7316.5625
2018-01-17,7412.0
2018-01-18,7240.0
2018-01-19,7223.516483516483
2018-01-20,7654.148936170212
2018-01-21,8284.105263157895
2018-01-22,9158.08510638298
2018-01-23,14652.083333333334
2018-01-24,19079.787234042553
2018-01-25,19931.57894736842
2018-01-26,19374.736842105263
2018-01-27,20027.956989247312
2018-01-28,18152.083333333332
2018-01-29,15812.5
2018-01-30,13020.31914893617
2018-01-31,11858.333333333334
2018-02-01,11773.4375
2018-02-02,9776.105263157895
2018-02-03,8370.736842105263
2018-02-04,10415.0
2018-02-05,6466.631578947368
2018-02-06,5278.736842105263
2018-02-07,6900.625
2018-02-08,6235.9375
2018-02-09,6942.878787878788
2018-02-10,6920.0
2018-02-11,7333.333333333333
2018-02-12,6800.0
2018-02-13,7140.0
2018-02-14,8924.318181818182
2018-02-15,9846.842105263158
2018-02-16,11352.043010752688
2018-02-17,12795.744680851063
2018-02-18,13438.947368421053
2018-02-19,15334.375
2018-02-20,33614.583333333336
2018-02-21,63384.375
2018-02-22,99321.875
2018-02-23,105590.625
2018-02-24,94484.375
2018-02-25,83208.33333333333
2018-02-26,75656.25
2018-02-27,67568.75
2018-02-28,63505.208333333336
2018-03-01,58369.791666666664
2018-03-02,54073.958333333336
2018-03-03,52955.78947368421
2018-03-04,51370.833333333336
2018-03-05,49312.5
2018-03-06,46914.583333333336
2018-03-07,43937.5
2018-03-08,39868.75
2018-03-09,34897.916666666664
2018-03-10,32551.041666666668
2018-03-11,30610.526315789473
2018-03-12,29004.21052631579
2018-03-13,27442.105263157893
2018-03-14,24162.105263157893
2018-03-15,24448.958333333332
2018-03-16,23306.25
2018-03-17,21835.106382978724
2018-03-18,20922.916666666668
2018-03-19,21417.021276595744
2018-03-20,19385.106382978724
2018-03-21,17978.947368421053
2018-03-22,17392.55319148936
2018-03-23,17588.541666666668
2018-03-24,16667.708333333332
2018-03-25,15746.236559139785
2018-03-26,15821.052631578947
2018-03-27,16272.916666666666
2018-03-28,17873.684210526317
2018-03-29,19764.893617021276
2018-03-30,19967.021276595744
2018-03-31,18909.375
2018-04-01,19049.473684210527
2018-04-02,17106.315789473683
2018-04-03,17004.21052631579
2018-04-04,16277.659574468085
2018-04-05,15460.0
2018-04-06,16275.78947368421
2018-04-07,15737.234042553191
2018-04-08,15095.744680851063
2018-04-09,14546.875
2018-04-10,14137.234042553191
2018-04-11,13571.27659574468
2018-04-12,13373.936170212766
2018-04-13,13459.673913043478
2018-04-14,14603.157894736842
2018-04-15,16157.291666666666
2018-04-16,22103.125
2018-04-17,26586.458333333332
2018-04-18,26855.78947368421
2018-04-19,25693.684210526317
2018-04-20,23552.68817204301
2018-04-21,22051.57894736842
2018-04-22,20748.936170212764
2018-04-23,19344.791666666668
2018-04-24,18453.191489361703
2018-04-25,17653.125
2018-04-26,16942.55319148936
2018-04-27,16139.583333333334
2018-04-28,16081.25
2018-04-29,14671.578947368422
2018-04-30,13460.416666666666
2018-05-01,13650.526315789473
2018-05-02,12476.041666666666
2018-05-03,13485.416666666666
2018-05-04,15915.78947368421
2018-05-05,17945.263157894737
2018-05-06,18526.315789473683
2018-05-07,17420.43010752688
2018-05-08,15798.91304347826
2018-05-09,14725.263157894737
2018-05-10,14467.368421052632
2018-05-11,14178.72340425532
2018-05-12,13661.458333333334
2018-05-13,13813.684210526315
2018-05-14,15630.526315789473
2018-05-15,18462.76595744681
2018-05-16,22123.157894736843
2018-05-17,22228.72340425532
2018-05-18,21676.842105263157
2018-05-19,20310.526315789473
2018-05-20,19155.434782608696
2018-05-21,19432.608695652172
2018-05-22,24266.315789473683
2018-05-23,26537.5
2018-05-24,25948.42105263158
2018-05-25,24217.894736842107
2018-05-26,22375.78947368421
2018-05-27,20383.333333333332
2018-05-28,18641.052631578947
2018-05-29,16933.684210526317
2018-05-30,16317.894736842105
2018-05-31,18837.362637362636
2018-06-01,21333.695652173912
2018-06-02,20013.978494623654
2018-06-03,18527.36842105263
2018-06-04,17029.787234042553
2018-06-05,16015.053763440861
2018-06-06,13762.921348314607
2018-06-07,13439.583333333334
2018-06-08,13179.569892473119
2018-06-09,12661.458333333334
2018-06-10,21142.55319148936
2018-06-11,30531.25
2018-06-12,31778.947368421053
2018-06-13,29494.68085106383
2018-06-14,27851.57894736842
2018-06-15,25117.021276595744
2018-06-16,22840.0
2018-06-17,21006.382978723403
2018-06-18,19778.125
2018-06-19,18240.0
2018-06-20,18169.473684210527
2018-06-21,21235.416666666668
2018-06-22,30769.473684210527
2018-06-23,43876.59574468085
2018-06-24,50277.083333333336
2018-06-25,48009.47368421053
2018-06-26,41127.083333333336
2018-06-27,37069.47368421053
2018-06-28,35205.37634408602
2018-06-29,32753.191489361703
2018-06-30,29701.052631578947
2018-07-01,26704.21052631579
2018-07-02,25469.791666666668
2018-07-03,22240.0
2018-07-04,21212.222222222223
2018-07-05,21214.736842105263
2018-07-06,21834.042553191488
2018-07-07,20736.458333333332
2018-07-08,19631.57894736842
2018-07-09,17361.702127659573
2018-07-10,15716.666666666666
2018-07-11,13471.875
2018-07-12,11722.765957446809
2018-07-13,10000.326086956522
2018-07-14,10354.842105263158
2018-07-15,9595.95744680851
2018-07-16,8290.752688172042
2018-07-17,8601.489361702128
2018-07-18,7296.526315789473
2018-07-19,5905.0526315789475
2018-07-20,5882.978723404255
2018-07-21,7400.421052631579
2018-07-22,7611.458333333333
2018-07-23,8641.170212765957
2018-07-24,7308.0
2018-07-25,6704.574468085107
2018-07-26,6408.315789473684
2018-07-27,5683.854166666667
2018-07-28,5371.979166666667
2018-07-29,4991.914893617021
2018-07-30,5088.645833333333
2018-07-31,4874.36170212766
2018-08-01,5276.770833333333
2018-08-02,5208.020833333333
2018-08-03,5056.914893617021
2018-08-04,3493.157894736842
2018-08-05,4066.4583333333335
2018-08-06,5397.894736842105
2018-08-07,3533.0208333333335
2018-08-08,4622.872340425532
2018-08-09,5413.0526315789475
2018-08-10,7815.591397849463
2018-08-11,7271.578947368421
2018-08-12,5544.526315789473
2018-08-13,5036.914893617021
2018-08-14,4573.263157894737
2018-08-15,4221.290322580645
2018-08-16,5961.368421052632
2018-08-17,5985.3125
2018-08-18,7781.578947368421
2018-08-19,7124.8387096774195
2018-08-20,5574.736842105263
2018-08-21,7367.311827956989
2018-08-22,8777.263157894737
2018-08-23,7801.397849462365
2018-08-24,5572.978723404255
2018-08-25,6794.8421052631575
2018-08-26,4787.391304347826
2018-08-27,3906.1702127659573
2018-08-28,6754.623655913979
2018-08-29,9585.625
2018-08-30,11352.021276595744
2018-08-31,11474.468085106382
2018-09-01,11343.020833333334
2018-09-02,11574.838709677419
2018-09-03,11434.21052631579
2018-09-04,13432.659574468085
2018-09-05,15381.91489361702
2018-09-06,17026.88172043011
2018-09-07,16214.893617021276
2018-09-08,18906.81818181818
2018-09-09,17756.989247311827
2018-09-10,15714.130434782608
2018-09-11,14258.947368421053
2018-09-12,11827.640449438202
2018-09-13,11372.395833333334
2018-09-14,11427.52688172043
2018-09-15,10284.838709677419
2018-09-16,9650.31914893617
2018-09-17,8942.340425531915
2018-09-18,7747.395833333333
2018-09-19,7356.702127659574
2018-09-20,5442.765957446809
2018-09-21,8085.1578947368425
2018-09-22,6274.270833333333
2018-09-23,5642.708333333333
2018-09-24,6160.520833333333
2018-09-25,6529.893617021276
2018-09-26,8045.0
2018-09-27,5680.520833333333
2018-09-28,6380.54347826087
2018-09-29,6867.340425531915
2018-09-30,5674.395604395604
2018-10-01,5696.526315789473
2018-10-02,7606.458333333333
2018-10-03,8524.347826086956
2018-10-04,12230.860215053763
2018-10-05,10857.157894736842
2018-10-06,13479.569892473119
2018-10-07,15301.052631578947
2018-10-08,16627.659574468085
2018-10-09,18853.191489361703
2018-10-10,19681.31868131868
2018-10-11,21318.75
2018-10-12,20006.382978723403
2018-10-13,18610.416666666668
2018-10-14,17954.736842105263
2018-10-15,16864.583333333332
2018-10-16,15616.129032258064
2018-10-17,15717.708333333334
2018-10-18,12911.627906976744
2018-10-19,11694.942528735632
2018-10-20,12695.368421052632
2018-10-21,10262.150537634408
2018-10-22,10964.68085106383
2018-10-23,10133.225806451614
2018-10-24,8865.384615384615
2018-10-25,8848.736842105263
2018-10-26,8581.075268817205
2018-10-27,7991.875
2018-10-28,8730.0
2018-10-29,8592.282608695652
2018-10-30,8297.978723404256
2018-10-31,8905.78947368421
2018-11-01,10990.0
2018-11-02,9635.425531914894
2018-11-03,9615.652173913044
2018-11-04,8931.770833333334
2018-11-05,11789.36170212766
2018-11-06,13551.612903225807
2018-11-07,15131.578947368422
2018-11-08,14978.260869565218
2018-11-09,14527.368421052632
2018-11-10,13250.526315789473
2018-11-11,12832.258064516129
2018-11-12,12317.021276595744
2018-11-13,11140.21052631579
2018-11-14,10823.684210526315
2018-11-15,9595.684210526315
2018-11-16,10014.0
2018-11-17,9861.145833333334
2018-11-18,9321.145833333334
2018-11-19,9536.593406593407
2018-11-20,9367.127659574468
2018-11-21,9389.560439560439
2018-11-22,8703.541666666666
2018-11-23,7340.95744680851
2018-11-24,9548.736842105263
2018-11-25,11928.020833333334
2018-11-26,10405.208333333334
2018-11-27,15728.72340425532
2018-11-28,18868.42105263158
2018-11-29,19256.521739130436
2018-11-30,19685.555555555555
2018-12-01,19205.263157894737
2018-12-02,25145.263157894737
2018-12-03,34277.89473684211
2018-12-04,34898.913043478264
2018-12-05,33119.14893617021
2018-12-06,30854.736842105263
2018-12-07,28148.387096774193
2018-12-08,25235.106382978724
2018-12-09,23298.958333333332
2018-12-10,21070.212765957447
2018-12-11,19733.333333333332
2018-12-12,18807.52688172043
2018-12-13,18437.5
2018-12-14,17634.375
2018-12-15,17588.88888888889
2018-12-16,17825.531914893618
2018-12-17,17806.593406593405
2018-12-18,16914.736842105263
2018-12-19,15643.617021276596
2018-12-20,16361.702127659575
2018-12-21,15440.625
2018-12-22,14154.166666666666
2018-12-23,13576.08695652174
2018-12-24,13028.260869565218
2018-12-25,11209.893617021276
2018-12-26,11079.89247311828
2018-12-27,10291.08695652174
2018-12-28,13694.68085106383
2018-12-29,18060.21505376344
2018-12-30,19054.166666666668
2018-12-31,19760.0
2019-01-01,23302.105263157893
2019-01-02,30357.894736842107
2019-01-03,31470.652173913044
2019-01-04,30171.57894736842
2019-01-05,28013.978494623654
2019-01-06,26100.0
2019-01-07,23039.36170212766
2019-01-08,24067.391304347828
2019-01-09,23257.608695652172
2019-01-10,21605.31914893617
2019-01-11,19486.021505376346
2019-01-12,18936.559139784946
2019-01-13,17489.473684210527
2019-01-14,16129.166666666666
2019-01-15,15681.91489361702
2019-01-16,15796.875
2019-01-17,15327.956989247312
2019-01-18,14618.08510638298
2019-01-19,15489.583333333334
2019-01-20,12304.301075268817
2019-01-21,10858.311688311689
2019-01-22,9914.42857142857
2019-01-23,11525.760869565218
2019-01-24,11340.531914893618
2019-01-25,8914.791666666666
2019-01-26,8768.541666666666
2019-01-27,8793.157894736842
2019-01-28,8723.75
2019-01-29,8473.958333333334
2019-01-30,8277.8125
2019-01-31,7984.895833333333
2019-02-01,7823.958333333333
2019-02-02,9270.3125
2019-02-03,11096.0
2019-02-04,14033.333333333334
2019-02-05,21835.164835164836
2019-02-06,33177.083333333336
2019-02-07,43486.458333333336
2019-02-08,47291.57894736842
2019-02-09,50017.89473684211
2019-02-10,45791.666666666664
2019-02-11,41198.958333333336
2019-02-12,38425.8064516129
2019-02-13,37383.09859154929
2019-02-14,37367.36842105263
2019-02-15,37132.97872340425
2019-02-16,36974.73684210526
2019-02-17,33996.84210526316
2019-02-18,29784.042553191488
2019-02-19,27282.291666666668
2019-02-20,25369.791666666668
2019-02-21,23616.666666666668
2019-02-22,23195.604395604394
2019-02-23,23285.416666666668
2019-02-24,32624.21052631579
2019-02-25,41969.89247311828
2019-02-26,38362.10526315789
2019-02-27,32594.791666666668
2019-02-28,29155.913978494624
2019-03-01,25727.956989247312
2019-03-02,23872.916666666668
2019-03-03,21842.105263157893
2019-03-04,18873.91304347826
2019-03-05,17491.489361702126
2019-03-06,15813.684210526315
2019-03-07,16635.106382978724
2019-03-08,16185.416666666666
2019-03-09,16318.08510638298
2019-03-10,26261.052631578947
2019-03-11,30507.36842105263
2019-03-12,27998.947368421053
2019-03-13,27180.208333333332
2019-03-14,29011.956521739132
2019-03-15,39264.583333333336
2019-03-16,40745.833333333336
2019-03-17,37829.166666666664
2019-03-18,34172.916666666664
2019-03-19,32304.166666666668
2019-03-20,30685.416666666668
2019-03-21,29843.157894736843
2019-03-22,29827.083333333332
2019-03-23,27995.744680851065
2019-03-24,27173.684210526317
2019-03-25,25912.76595744681
2019-03-26,23507.291666666668
2019-03-27,21571.875
2019-03-28,22047.872340425532
2019-03-29,20873.684210526317
2019-03-30,20971.57894736842
2019-03-31,23909.473684210527
2019-04-01,26038.297872340427
2019-04-02,28157.291666666668
2019-04-03,27519.791666666668
2019-04-04,26433.333333333332
2019-04-05,24128.125
2019-04-06,22253.125
2019-04-07,21026.315789473683
2019-04-08,20309.473684210527
2019-04-09,19434.375
2019-04-10,19698.958333333332
2019-04-11,17422.916666666668
2019-04-12,16303.125
2019-04-13,20054.255319148935
2019-04-14,18895.833333333332
2019-04-15,18282.105263157893
2019-04-16,24736.559139784946
2019-04-17,27921.875
2019-04-18,28758.333333333332
2019-04-19,29184.375
2019-04-20,27814.736842105263
2019-04-21,26268.08510638298
2019-04-22,25004.21052631579
2019-04-23,23604.21052631579
2019-04-24,21222.105263157893
2019-04-25,20141.052631578947
2019-04-26,18192.63157894737
2019-04-27,18600.0
2019-04-28,17608.333333333332
2019-04-29,22446.236559139787
2019-04-30,34723.40425531915
2019-05-01,51552.0
2019-05-02,98176.4705882353
2019-05-03,104264.21052631579
2019-05-04,93421.875
2019-05-05,74810.41666666667
2019-05-06,62342.708333333336
2019-05-07,58350.0
2019-05-08,52055.31914893617
2019-05-09,53062.5
2019-05-10,58658.333333333336
2019-05-11,55011.458333333336
2019-05-12,48445.833333333336
2019-05-13,43670.833333333336
2019-05-14,38643.75
2019-05-15,36939.583333333336
2019-05-16,35626.041666666664
2019-05-17,40428.125
2019-05-18,39763.541666666664
2019-05-19,43547.916666666664
2019-05-20,44349.47368421053
2019-05-21,40340.86021505376
2019-05-22,40639.36170212766
2019-05-23,48443.15789473684
2019-05-24,49338.94736842105
2019-05-25,46735.78947368421
2019-05-26,40464.583333333336
2019-05-27,37965.625
2019-05-28,42643.75
2019-05-29,53241.666666666664
2019-05-30,61738.541666666664
2019-05-31,62317.708333333336
2019-06-01,53679.166666666664
2019-06-02,47406.25
2019-06-03,40769.791666666664
2019-06-04,37048.958333333336
2019-06-05,40884.375
2019-06-06,40788.541666666664
2019-06-07,38352.083333333336
2019-06-08,35598.958333333336
2019-06-09,31371.875
2019-06-10,33172.916666666664
2019-06-11,28671.875
2019-06-12,27628.125
2019-06-13,27323.958333333332
2019-06-14,22908.333333333332
2019-06-15,26084.375
2019-06-16,30754.736842105263
2019-06-17,30803.125
2019-06-18,28679.166666666668
2019-06-19,25577.894736842107
2019-06-20,25676.041666666668
2019-06-21,33144.565217391304
2019-06-22,35056.25
2019-06-23,31521.27659574468
2019-06-24,28504.21052631579
2019-06-25,27301.063829787236
2019-06-26,27006.315789473683
2019-06-27,25930.526315789473
2019-06-28,27521.052631578947
2019-06-29,29083.870967741936
2019-06-30,27425.8064516129
2019-07-01,29566.666666666668
2019-07-02,29379.787234042553
2019-07-03,32815.05376344086
2019-07-04,36281.914893617024
2019-07-05,37322.916666666664
2019-07-06,34536.84210526316
2019-07-07,30903.191489361703
2019-07-08,28360.63829787234
2019-07-09,25049.462365591397
2019-07-10,22773.40425531915
2019-07-11,21675.78947368421
2019-07-12,19523.655913978495
2019-07-13,18417.021276595744
2019-07-14,17353.191489361703
2019-07-15,16363.440860215054
2019-07-16,16927.36842105263
2019-07-17,16079.787234042553
2019-07-18,15374.736842105263
2019-07-19,18951.063829787236
2019-07-20,20827.956989247312
2019-07-21,20365.263157894737
2019-07-22,21088.297872340427
2019-07-23,21949.473684210527
2019-07-24,21489.130434782608
2019-07-25,19012.90322580645
2019-07-26,16358.333333333334
2019-07-27,14949.462365591398
2019-07-28,13889.473684210527
2019-07-29,13468.421052631578
2019-07-30,13036.842105263158
2019-07-31,10098.351648351649
2019-08-01,9201.573033707866
2019-08-02,8131.458333333333
2019-08-03,7178.571428571428
2019-08-04,6576.881720430108
2019-08-05,6061.666666666667
2019-08-06,7785.591397849463
2019-08-07,6669.791666666667
2019-08-08,6540.104166666667
2019-08-09,6570.0
2019-08-10,6512.954545454545
2019-08-11,6443.225806451613
2019-08-12,7741.170212765957
2019-08-13,8270.54945054945
2019-08-14,7840.869565217391
2019-08-15,7346.702127659574
2019-08-16,6463.870967741936
2019-08-17,6459.450549450549
2019-08-18,7396.105263157895
2019-08-19,11532.90322580645
2019-08-20,11040.0
2019-08-21,10851.894736842105
2019-08-22,9717.934782608696
2019-08-23,8140.108695652174
2019-08-24,7222.391304347826
2019-08-25,6990.0
2019-08-26,7951.145833333333
2019-08-27,8482.391304347826
2019-08-28,9706.631578947368
2019-08-29,8207.41935483871
2019-08-30,8908.804347826086
2019-08-31,6697.021276595745
2019-09-01,7576.373626373626
2019-09-02,7098.863636363636
2019-09-03,6973.493975903614
2019-09-04,10599.354838709678
2019-09-05,9328.070175438597
2019-09-06,9079.368421052632
2019-09-07,7325.869565217391
2019-09-08,6922.421052631579
2019-09-09,6077.684210526316
2019-09-10,6086.145833333333
2019-09-11,5219.0625
2019-09-12,7335.376344086021
2019-09-13,8931.684210526315
2019-09-14,13049.473684210527
2019-09-15,18410.416666666668
2019-09-16,22775.0
2019-09-17,22935.78947368421
2019-09-18,20210.63829787234
2019-09-19,19524.7311827957
2019-09-20,19142.105263157893
2019-09-21,18150.0
2019-09-22,20140.0
2019-09-23,23756.25
2019-09-24,23530.208333333332
2019-09-25,22326.315789473683
2019-09-26,19835.416666666668
2019-09-27,17387.5
2019-09-28,37904.166666666664
2019-09-29,57147.916666666664
2019-09-30,67300.0
2019-10-01,62541.48936170213
2019-10-02,49423.655913978495
2019-10-03,43122.916666666664
2019-10-04,44723.15789473684
2019-10-05,37806.31578947369
2019-10-06,36531.25
2019-10-07,33710.416666666664
2019-10-08,30825.263157894737
2019-10-09,28117.708333333332
2019-10-10,25737.894736842107
2019-10-11,23780.208333333332
2019-10-12,23034.48275862069
2019-10-13,26203.125
2019-10-14,23666.304347826088
2019-10-15,21463.157894736843
2019-10-16,20332.978723404256
2019-10-17,18521.27659574468
2019-10-18,17090.526315789473
2019-10-19,16573.11827956989
2019-10-20,16566.666666666668
2019-10-21,13938.91304347826
2019-10-22,15955.056179775282
2019-10-23,15423.655913978495
2019-10-24,13684.21052631579
2019-10-25,12553.684210526315
2019-10-26,12871.578947368422
2019-10-27,22759.375
2019-10-28,38634.04255319149
2019-10-29,44557.142857142855
2019-10-30,41604.34782608696
2019-10-31,43335.416666666664
2019-11-01,51907.291666666664
2019-11-02,53459.574468085106
2019-11-03,46762.5
2019-11-04,39975.78947368421
2019-11-05,34778.125
2019-11-06,32475.2688172043
2019-11-07,30193.75
2019-11-08,26280.0
2019-11-09,24643.617021276597
2019-11-10,24115.625
2019-11-11,22736.458333333332
2019-11-12,19785.263157894737
2019-11-13,17829.473684210527
2019-11-14,17991.57894736842
2019-11-15,17075.78947368421
2019-11-16,16472.340425531915
2019-11-17,15161.052631578947
2019-11-18,15087.5
2019-11-19,15062.765957446809
2019-11-20,14780.208333333334
2019-11-21,15186.666666666666
2019-11-22,17643.010752688173
2019-11-23,18419.354838709678
2019-11-24,17933.333333333332
2019-11-25,17125.263157894737
2019-11-26,16168.08510638298
2019-11-27,16467.74193548387
2019-11-28,18314.736842105263
2019-11-29,18048.936170212764
2019-11-30,16882.105263157893
2019-12-01,17658.333333333332
2019-12-02,19361.290322580644
2019-12-03,18845.744680851065
2019-12-04,19063.440860215054
2019-12-05,18471.428571428572
2019-12-06,18016.129032258064
2019-12-07,15861.702127659575
2019-12-08,15227.368421052632
2019-12-09,15940.425531914894
2019-12-10,14973.91304347826
2019-12-11,14639.78494623656
2019-12-12,13221.739130434782
2019-12-13,12952.631578947368
2019-12-14,12440.860215053763
2019-12-15,12278.72340425532
2019-12-16,12191.489361702128
2019-12-17,11221.052631578947
2019-12-18,11274.468085106382
2019-12-19,10099.574468085106
2019-12-20,10003.958333333334
2019-12-21,10265.212765957447
2019-12-22,10408.260869565218
2019-12-23,10444.105263157895
2019-12-24,9923.541666666666
2019-12-25,9801.27659574468
2019-12-26,9889.6875
2019-12-27,10001.075268817205
2019-12-28,9763.578947368422
2019-12-29,11483.08510638298
2019-12-30,17992.708333333332
2019-12-31,23277.083333333332
2020-01-01,22768.817204301075
2020-01-02,21315.217391304348
2020-01-03,20835.955056179777
2020-01-04,19831.91489361702
2020-01-05,18386.813186813186
2020-01-06,17767.36842105263
2020-01-07,16912.90322580645
2020-01-08,16424.468085106382
2020-01-09,14024.239130434782
2020-01-10,17034.042553191488
2020-01-11,22309.473684210527
2020-01-12,35572.916666666664
2020-01-13,44798.958333333336
2020-01-14,48204.166666666664
2020-01-15,44838.541666666664
2020-01-16,40400.0
2020-01-17,36026.88172043011
2020-01-18,33243.75
2020-01-19,31074.736842105263
2020-01-20,30416.842105263157
2020-01-21,28181.720430107525
2020-01-22,26969.14893617021
2020-01-23,25977.083333333332
2020-01-24,25085.263157894737
2020-01-25,24351.041666666668
2020-01-26,25495.833333333332
2020-01-27,25352.127659574468
2020-01-28,23265.625
2020-01-29,22186.206896551725
2020-01-30,20284.782608695652
2020-01-31,19647.82608695652
2020-02-01,18964.21052631579
2020-02-02,20113.684210526317
2020-02-03,24113.684210526317
2020-02-04,27333.684210526317
2020-02-05,26554.736842105263
2020-02-06,25237.5
2020-02-07,22922.105263157893
2020-02-08,21920.833333333332
2020-02-09,19817.708333333332
2020-02-10,20155.78947368421
2020-02-11,19564.583333333332
2020-02-12,19184.444444444445
2020-02-13,20118.08510638298
2020-02-14,19006.521739130436
2020-02-15,17325.0
2020-02-16,17818.947368421053
2020-02-17,16786.458333333332
2020-02-18,17272.63157894737
2020-02-19,19418.947368421053
2020-02-20,22047.872340425532
2020-02-21,20354.166666666668
2020-02-22,19845.833333333332
2020-02-23,19240.425531914894
2020-02-24,18454.255319148935
2020-02-25,18486.458333333332
2020-02-26,17764.583333333332
2020-02-27,19721.875
2020-02-28,20420.0
2020-02-29,19069.791666666668
2020-03-01,18022.105263157893
2020-03-02,18294.68085106383
2020-03-03,17702.17391304348
2020-03-04,18975.78947368421
2020-03-05,18408.333333333332
2020-03-06,19225.263157894737
2020-03-07,16287.234042553191
2020-03-08,15652.68817204301
2020-03-09,16659.139784946237
2020-03-10,19496.808510638297
2020-03-11,22656.25
2020-03-12,24167.708333333332
2020-03-13,22936.559139784946
2020-03-14,21456.382978723403
2020-03-15,19907.44680851064
2020-03-16,18842.105263157893
2020-03-17,18695.78947368421
2020-03-18,18137.5
2020-03-19,19078.125
2020-03-20,23527.36842105263
2020-03-21,25982.291666666668
2020-03-22,25998.936170212764
2020-03-23,25277.659574468085
2020-03-24,24014.736842105263
2020-03-25,23414.583333333332
2020-03-26,23320.0
2020-03-27,22515.217391304348
2020-03-28,23033.333333333332
2020-03-29,26355.31914893617
2020-03-30,31219.791666666668
2020-03-31,30904.21052631579
2020-04-01,28256.842105263157
2020-04-02,26882.291666666668
2020-04-03,25256.842105263157
2020-04-04,23575.0
2020-04-05,22187.36842105263
2020-04-06,20868.42105263158
2020-04-07,20377.659574468085
2020-04-08,20505.37634408602
2020-04-09,19572.527472527472
2020-04-10,18104.166666666668
2020-04-11,16905.208333333332
2020-04-12,17991.397849462366
2020-04-13,17812.5
2020-04-14,16549.473684210527
2020-04-15,16740.0
2020-04-16,15187.5
2020-04-17,15333.684210526315
2020-04-18,13903.296703296703
2020-04-19,16155.913978494624
2020-04-20,14270.526315789473
2020-04-21,14523.958333333334
2020-04-22,12928.421052631578
2020-04-23,13210.526315789473
2020-04-24,13238.297872340425
2020-04-25,13917.021276595744
2020-04-26,19658.333333333332
2020-04-27,25447.916666666668
2020-04-28,24881.052631578947
2020-04-29,24951.041666666668
2020-04-30,36955.208333333336
2020-05-01,60434.408602150535
2020-05-02,68509.47368421052
2020-05-03,55615.625
2020-05-04,47997.87234042553
2020-05-05,41391.57894736842
2020-05-06,36925.0
2020-05-07,33864.21052631579
2020-05-08,33166.31578947369
2020-05-09,29079.166666666668
2020-05-10,28909.677419354837
2020-05-11,26454.166666666668
2020-05-12,24250.0
2020-05-13,22650.526315789473
2020-05-14,22652.63157894737
2020-05-15,27694.736842105263
2020-05-16,48577.65957446808
2020-05-17,61926.59574468085
2020-05-18,77217.70833333333
2020-05-19,108702.08333333333
2020-05-20,108413.68421052632
2020-05-21,87662.5
2020-05-22,67639.58333333333
2020-05-23,56435.416666666664
2020-05-24,53414.583333333336
2020-05-25,52858.333333333336
2020-05-26,47365.625
2020-05-27,44745.833333333336
2020-05-28,43723.958333333336
2020-05-29,42547.916666666664
2020-05-30,39748.958333333336
2020-05-31,37097.87234042553
2020-06-01,32991.57894736842
2020-06-02,32869.47368421053
2020-06-03,32090.10989010989
2020-06-04,27844.791666666668
2020-06-05,25991.666666666668
2020-06-06,25012.76595744681
2020-06-07,21384.375
2020-06-08,20698.936170212764
2020-06-09,17355.263157894737
2020-06-10,21061.052631578947
2020-06-11,19734.375
2020-06-12,18100.0
2020-06-13,17397.872340425532
2020-06-14,15111.702127659575
2020-06-15,14757.291666666666
2020-06-16,13729.347826086956
2020-06-17,13643.75
2020-06-18,12724.731182795698
2020-06-19,12946.808510638299
2020-06-20,12049.0625
2020-06-21,12848.421052631578
2020-06-22,11577.608695652174
2020-06-23,15284.21052631579
2020-06-24,16765.217391304348
2020-06-25,15046.875
2020-06-26,13438.04347826087
2020-06-27,16571.27659574468
2020-06-28,19071.590909090908
2020-06-29,23340.625
2020-06-30,25292.708333333332
2020-07-01,25446.739130434784
2020-07-02,24895.78947368421
2020-07-03,21774.736842105263
2020-07-04,19234.736842105263
2020-07-05,16312.631578947368
2020-07-06,14851.041666666666
2020-07-07,12428.125
2020-07-08,10900.0
2020-07-09,6186.25
2020-07-10,8834.166666666666
2020-07-11,7718.924731182796
2020-07-12,12153.645833333334
2020-07-13,9035.3125
2020-07-14,9012.708333333334
2020-07-15,10453.541666666666
2020-07-16,10359.166666666666
2020-07-17,19911.458333333332
2020-07-18,19177.894736842107
2020-07-19,16637.23404255319
2020-07-20,21593.75
2020-07-21,21241.052631578947
2020-07-22,18204.166666666668
2020-07-23,15958.947368421053
2020-07-24,14500.0
2020-07-25,12229.569892473119
2020-07-26,10423.296703296703
2020-07-27,9181.25
2020-07-28,5870.8421052631575
2020-07-29,6693.894736842105
2020-07-30,7929.347826086957
2020-07-31,6516.8421052631575
2020-08-01,6216.914893617021
2020-08-02,5216.741573033708
2020-08-03,5981.354166666667
2020-08-04,4403.854166666667
2020-08-05,6560.416666666667
2020-08-06,5389.270833333333
2020-08-07,5200.421052631579
2020-08-08,4925.268817204301
2020-08-09,5531.086956521739
2020-08-10,6437.741935483871
2020-08-11,6905.263157894737
2020-08-12,4812.9473684210525
2020-08-13,6018.315789473684
2020-08-14,4961.0625
2020-08-15,4934.04255319149
2020-08-16,5363.1578947368425
2020-08-17,5733.645833333333
2020-08-18,5311.145833333333
2020-08-19,4318.125
2020-08-20,4309.6875
2020-08-21,3405.8064516129034
2020-08-22,3020.1195652173915
2020-08-23,2975.442105263158
2020-08-24,3480.0
2020-08-25,2886.9479166666665
2020-08-26,2276.0208333333335
2020-08-27,2622.6458333333335
2020-08-28,3603.5106382978724
2020-08-29,3537.6344086021504
2020-08-30,2852.451612903226
2020-08-31,2056.1875
2020-09-01,3554.7083333333335
2020-09-02,3081.851063829787
2020-09-03,2438.0208333333335
2020-09-04,2304.40625
2020-09-05,2533.8817204301076
2020-09-06,2791.6875
2020-09-07,5854.468085106383
2020-09-08,6829.6875
2020-09-09,8535.520833333334
2020-09-10,9476.354166666666
2020-09-11,10332.8125
2020-09-12,9328.842105263158
2020-09-13,10710.106382978724
2020-09-14,9993.333333333334
2020-09-15,9070.416666666666
2020-09-16,6613.854166666667
2020-09-17,6125.625
2020-09-18,4584.895833333333
2020-09-19,3962.0
2020-09-20,4256.315789473684
2020-09-21,4878.4375
2020-09-22,3665.90625
2020-09-23,3960.8333333333335
2020-09-24,4109.265957446809
2020-09-25,3608.3225806451615
2020-09-26,1752.936170212766
2020-09-27,5722.708333333333
2020-09-28,2252.3473684210526
2020-09-29,2256.9270833333335
2020-09-30,2905.1666666666665
2020-10-01,3522.7659574468084
2020-10-02,3303.159574468085
2020-10-03,3797.7659574468084
2020-10-04,3863.2631578947367
2020-10-05,2431.0526315789475
2020-10-06,3534.1052631578946
2020-10-07,3519.7708333333335
2020-10-08,3162.375
2020-10-09,2495.2526315789473
2020-10-10,3595.6526315789474
2020-10-11,3070.557894736842
2020-10-12,4336.252631578947
2020-10-13,3683.159574468085
2020-10-14,5006.247311827957
2020-10-15,5057.1578947368425
2020-10-16,3556.25
2020-10-17,2720.05376344086
2020-10-18,6706.526315789473
2020-10-19,4489.736842105263
2020-10-20,3503.3333333333335
2020-10-21,4393.789473684211
2020-10-22,5330.744680851064
2020-10-23,12220.3125
2020-10-24,12841.666666666666
2020-10-25,12996.875
2020-10-26,11795.106382978724
2020-10-27,9158.191489361701
2020-10-28,9015.578947368422
2020-10-29,8513.052631578947
2020-10-30,6927.127659574468
2020-10-31,5744.8351648351645
2020-11-01,8096.041666666667
2020-11-02,6235.833333333333
2020-11-03,5242.0
2020-11-04,6143.958333333333
2020-11-05,5262.173913043478
2020-11-06,4975.520833333333
2020-11-07,4268.241758241758
2020-11-08,5011.402173913043
2020-11-09,3189.159574468085
2020-11-10,4219.821052631579
2020-11-11,8869.893617021276
2020-11-12,5497.8494623655915
2020-11-13,6939.263157894737
2020-11-14,3711.8541666666665
2020-11-15,6690.526315789473
2020-11-16,7156.847826086957
2020-11-17,6210.631578947368
2020-11-18,3928.5208333333335
2020-11-19,4483.541666666667
2020-11-20,7371.770833333333
2020-11-21,5738.804347826087
2020-11-22,5084.315789473684
2020-11-23,5110.631578947368
2020-11-24,4965.0526315789475
2020-11-25,7047.173913043478
2020-11-26,7400.326086956522
2020-11-27,9453.578947368422
2020-11-28,8913.111111111111
2020-11-29,8999.89247311828
2020-11-30,7138.0
2020-12-01,7402.978723404255
2020-12-02,5956.95652173913
2020-12-03,4819.010989010989
2020-12-04,5404.086021505376
2020-12-05,4866.421052631579
2020-12-06,5382.526315789473
2020-12-07,4677.1875
2020-12-08,4158.510638297872
2020-12-09,5680.425531914893
2020-12-10,4150.126315789474
2020-12-11,5967.173913043478
2020-12-12,8837.127659574468
2020-12-13,12216.875
2020-12-14,13629.166666666666
2020-12-15,13158.510638297872
2020-12-16,11817.578947368422
2020-12-17,10986.063829787234
2020-12-18,8819.775280898877
2020-12-19,9627.63440860215
2020-12-20,8568.461538461539
2020-12-21,8732.043010752688
2020-12-22,6650.212765957447
2020-12-23,5883.936170212766
2020-12-24,9258.631578947368
2020-12-25,7194.021739130435
2020-12-26,6532.105263157895
2020-12-27,5319.555555555556
2020-12-28,6809.130434782609
2020-12-29,5866.421052631579
2020-12-30,6631.458333333333
2020-12-31,7707.553191489362
