datetime,water_flow
2015-01-01,298971.4759375
2015-01-02,290408.533125
2015-01-03,308153.85312499997
2015-01-04,356735.20625
2015-01-05,356682.111875
2015-01-06,308401.62687499996
2015-01-07,236809.7615625
2015-01-08,180807.05744680853
2015-01-09,188240.2071875
2015-01-10,191738.5365625
2015-01-11,173046.366875
2015-01-12,173353.134375
2015-01-13,176987.14937499998
2015-01-14,187166.5209375
2015-01-15,180060.72375
2015-01-16,170146.8240625
2015-01-17,189319.7928125
2015-01-18,207649.1509375
2015-01-19,251224.884375
2015-01-20,265318.49125
2015-01-21,342163.75
2015-01-22,382751.45
2015-01-23,367439.6221875
2015-01-24,409121.65625
2015-01-25,426288.83749999997
2015-01-26,339638.8175
2015-01-27,356440.2375
2015-01-28,325816.581875
2015-01-29,366587.16250000003
2015-01-30,329485.993125
2015-01-31,285317.3725
2015-02-01,338060.7346875
2015-02-02,244493.69749999998
2015-02-03,254829.4025
2015-02-04,257690.59937500002
2015-02-05,232789.33750000002
2015-02-06,240378.8834375
2015-02-07,263073.7790625
2015-02-08,296198.76968749997
2015-02-09,294632.485625
2015-02-10,318908.41375
2015-02-11,397234.415625
2015-02-12,420145.9563829787
2015-02-13,378651.384375
2015-02-14,378728.07625000004
2015-02-15,282798.339375
2015-02-16,241201.84624999997
2015-02-17,
2015-02-18,
2015-02-19,
2015-02-20,
2015-02-21,
2015-02-22,
2015-02-23,
2015-02-24,
2015-02-25,
2015-02-26,
2015-02-27,
2015-02-28,
2015-03-01,
2015-03-02,
2015-03-03,
2015-03-04,
2015-03-05,
2015-03-06,
2015-03-07,
2015-03-08,
2015-03-09,246673.5165625
2015-03-10,488674.728125
2015-03-11,872547.0593750001
2015-03-12,1095277.9625
2015-03-13,1085543.99375
2015-03-14,1027671.1249999999
2015-03-15,929476.0281250001
2015-03-16,834437.0968749999
2015-03-17,771903.721875
2015-03-18,680404.415625
2015-03-19,645155.65
2015-03-20,589495.046875
2015-03-21,585601.459375
2015-03-22,545683.4936842105
2015-03-23,506431.846875
2015-03-24,491270.45312499994
2015-03-25,492951.77499999997
2015-03-26,496196.43125
2015-03-27,484869.63125000003
2015-03-28,480061.640625
2015-03-29,423870.09375
2015-03-30,470239.18125
2015-03-31,458587.91562499997
2015-04-01,348599.968125
2015-04-02,377618.99374999997
2015-04-03,398827.246875
2015-04-04,356263.25625
2015-04-05,346204.82187499997
2015-04-06,351664.6934375
2015-04-07,347800.60281250003
2015-04-08,329264.7665625
2015-04-09,308150.9034375
2015-04-10,496697.878125
2015-04-11,568522.7687499999
2015-04-12,552771.4375
2015-04-13,587223.7875
2015-04-14,547550.490625
2015-04-15,523569.53124999994
2015-04-16,478232.83437500003
2015-04-17,450328.790625
2015-04-18,406260.459375
2015-04-19,405110.08125
2015-04-20,404549.640625
2015-04-21,420566.44375000003
2015-04-22,417764.240625
2015-04-23,386674.53437500005
2015-04-24,353782.5690625
2015-04-25,418678.64375
2015-04-26,477583.903125
2015-04-27,551916.028125
2015-04-28,553243.3875
2015-04-29,511475.8125
2015-04-30,471832.0125
2015-05-01,409652.6
2015-05-02,354139.48125
2015-05-03,301313.52781249996
2015-05-04,345644.38125
2015-05-05,389237.8128125
2015-05-06,481508.2294736842
2015-05-07,570263.0843750001
2015-05-08,606632.7312500001
2015-05-09,752819.24375
2015-05-10,844259.55625
2015-05-11,892752.41875
2015-05-12,
2015-05-13,861662.7125
2015-05-14,795294.74375
2015-05-15,742554.33125
2015-05-16,676363.34375
2015-05-17,621292.678125
2015-05-18,637368.475
2015-05-19,575808.496875
2015-05-20,522195.28736842104
2015-05-21,470829.11874999997
2015-05-22,448794.953125
2015-05-23,405169.075
2015-05-24,378020.15125
2015-05-25,367528.1128125
2015-05-26,372840.5
2015-05-27,424784.496875
2015-05-28,403074.796875
2015-05-29,379211.825
2015-05-30,422926.19375
2015-05-31,406820.89999999997
2015-06-01,523304.05937499995
2015-06-02,605010.403125
2015-06-03,625009.284375
2015-06-04,628342.43125
2015-06-05,622030.1000000001
2015-06-06,564422.703125
2015-06-07,512360.71875
2015-06-08,709370.346875
2015-06-09,902987.8343750001
2015-06-10,980741.596875
2015-06-11,893253.8656250001
2015-06-12,956908.1218750001
2015-06-13,1024367.475
2015-06-14,1466968.084375
2015-06-15,1985906.60625
2015-06-16,2274386.04375
2015-06-17,2561154.6625
2015-06-18,
2015-06-19,2327627.9031249997
2015-06-20,2038322.553125
2015-06-21,1912606.871875
2015-06-22,1913639.2625000002
2015-06-23,2199198.5093750004
2015-06-24,2338010.803125
2015-06-25,2128170.034375
2015-06-26,1927738.7687499998
2015-06-27,1845265.50625
2015-06-28,1951365.7656249998
2015-06-29,1942398.7156250002
2015-06-30,1838274.7468750002
2015-07-01,1794973.3343749999
2015-07-02,1595928.421875
2015-07-03,1320899.559375
2015-07-04,1178016.696875
2015-07-05,1057521.9625000001
2015-07-06,1048348.434375
2015-07-07,1111117.784375
2015-07-08,1142413.96875
2015-07-09,1064011.275
2015-07-10,1166247.4437499999
2015-07-11,1342225.8
2015-07-12,1262082.790625
2015-07-13,1371516.196875
2015-07-14,1589645.5875
2015-07-15,1674154.134375
2015-07-16,1575664.06875
2015-07-17,1409006.725
2015-07-18,1361162.79375
2015-07-19,1383255.953125
2015-07-20,1295561.7437500001
2015-07-21,1199047.96875
2015-07-22,1052242.021875
2015-07-23,995165.56875
2015-07-24,884404.8031250001
2015-07-25,826472.9406249999
2015-07-26,743675.2125
2015-07-27,712673.996875
2015-07-28,674003.59375
2015-07-29,640790.1125
2015-07-30,607547.134375
2015-07-31,562062.953125
2015-08-01,491771.9
2015-08-02,422690.21875
2015-08-03,464664.271875
2015-08-04,426141.353125
2015-08-05,377795.975
2015-08-06,344847.965625
2015-08-07,312817.30906249996
2015-08-08,312029.7425
2015-08-09,280515.28125
2015-08-10,274887.2775
2015-08-11,253720.32
2015-08-12,242853.67125
2015-08-13,158554.5521875
2015-08-14,136797.6571875
2015-08-15,145596.575
2015-08-16,168436.0053125
2015-08-17,175530.00375
2015-08-18,237275.8121875
2015-08-19,381368.0465625
2015-08-20,473424.84375
2015-08-21,406260.459375
2015-08-22,359065.45937500003
2015-08-23,349499.6228125
2015-08-24,288871.7459375
2015-08-25,251565.2472631579
2015-08-26,224398.81168421052
2015-08-27,175940.0103125
2015-08-28,146867.8903125
2015-08-29,161973.24
2015-08-30,152136.0321875
2015-08-31,198555.264375
2015-09-01,188249.05625000002
2015-09-02,158466.0615625
2015-09-03,153501.7375
2015-09-04,173960.77
2015-09-05,154469.23500000002
2015-09-06,142788.4725
2015-09-07,148407.6271875
2015-09-08,173190.9015625
2015-09-09,250183.6446875
2015-09-10,297148.5690625
2015-09-11,290104.7153125
2015-09-12,261324.61437499998
2015-09-13,276412.2659375
2015-09-14,219831.3603125
2015-09-15,238547.12749999997
2015-09-16,192992.15375
2015-09-17,190526.215
2015-09-18,262371.75343750004
2015-09-19,541710.109375
2015-09-20,667455.2875
2015-09-21,732377.909375
2015-09-22,712143.053125
2015-09-23,650553.578125
2015-09-24,575690.509375
2015-09-25,482509.88125
2015-09-26,410059.967368421
2015-09-27,355083.38125000003
2015-09-28,265716.69906250003
2015-09-29,270784.26218749996
2015-09-30,224919.57125
2015-10-01,205879.3384375
2015-10-02,194346.06031250002
2015-10-03,157221.2934375
2015-10-04,152044.591875
2015-10-05,146348.74531250002
2015-10-06,147690.853125
2015-10-07,137107.374375
2015-10-08,130154.96093750001
2015-10-09,146835.44375
2015-10-10,121645.99740625
2015-10-11,113268.0
2015-10-12,165508.39389473683
2015-10-13,139181.0046875
2015-10-14,126479.6503125
2015-10-15,112651.51531249999
2015-10-16,111802.0053125
2015-10-17,109202.44571875001
2015-10-18,119748.4634375
2015-10-19,80248.31321875
2015-10-20,129390.991875
2015-10-21,128638.8215625
2015-10-22,116987.55593750002
2015-10-23,127158.0784375
2015-10-24,137287.30531250002
2015-10-25,140378.57781249998
2015-10-26,139331.43875
2015-10-27,134936.40437499998
2015-10-28,193254.6759375
2015-10-29,198342.886875
2015-10-30,179034.2325
2015-10-31,186349.4575
2015-11-01,267843.42375
2015-11-02,272557.02437500004
2015-11-03,272857.8925
2015-11-04,248850.38593750002
2015-11-05,185042.7459375
2015-11-06,279904.6959375
2015-11-07,231786.44375
2015-11-08,229430.2954736842
2015-11-09,221784.7054736842
2015-11-10,204224.56375
2015-11-11,
2015-11-12,258534.21
2015-11-13,271810.41189473687
2015-11-14,230857.29218750002
2015-11-15,232556.31218749998
2015-11-16,215501.2190625
2015-11-17,220910.94593750002
2015-11-18,399464.379375
2015-11-19,611853.6781250001
2015-11-20,646777.978125
2015-11-21,573773.2125
2015-11-22,514366.50625
2015-11-23,503010.20937500003
2015-11-24,500974.92500000005
2015-11-25,409062.66250000003
2015-11-26,485548.059375
2015-11-27,789159.39375
2015-11-28,1005459.9781249999
2015-11-29,1076842.415625
2015-11-30,1025016.4062499999
2015-12-01,956583.65625
2015-12-02,972747.9437500001
2015-12-03,931983.2625
2015-12-04,854701.45
2015-12-05,795973.171875
2015-12-06,707217.075
2015-12-07,656039.996875
2015-12-08,605511.85
2015-12-09,594686.807368421
2015-12-10,515575.87812500005
2015-12-11,554423.2625000001
2015-12-12,497494.29375
2015-12-13,455461.246875
2015-12-14,655863.015625
2015-12-15,956111.70625
2015-12-16,974694.7375
2015-12-17,945846.7937500001
2015-12-18,840896.9125
2015-12-19,747126.346875
2015-12-20,642235.459375
2015-12-21,664092.6437499999
2015-12-22,743970.18125
2015-12-23,795176.75625
2015-12-24,986375.5000000001
2015-12-25,1136219.625
2015-12-26,1090794.4375
2015-12-27,1047640.509375
2015-12-28,1245328.565625
2015-12-29,1992336.9249999998
2015-12-30,2709789.4156250004
2015-12-31,2754772.15
2016-01-01,2340193.571875
2016-01-02,2028588.584375
2016-01-03,1764444.0687499999
2016-01-04,1481362.559375
2016-01-05,1252496.30625
2016-01-06,1163917.190625
2016-01-07,1074541.659375
2016-01-08,944312.9562499999
2016-01-09,1015282.4374999999
2016-01-10,1055575.1687500002
2016-01-11,1072594.865625
2016-01-12,1029440.9374999999
2016-01-13,890864.61875
2016-01-14,758895.6
2016-01-15,861574.221875
2016-01-16,802020.03125
2016-01-17,729162.75
2016-01-18,617133.61875
2016-01-19,571000.50625
2016-01-20,548612.3781249999
2016-01-21,549969.234375
2016-01-22,541621.61875
2016-01-23,506725.2631578947
2016-01-24,537934.509375
2016-01-25,521475.253125
2016-01-26,541975.5812499999
2016-01-27,456021.6875
2016-01-28,491299.95
2016-01-29,442217.14999999997
2016-01-30,447851.053125
2016-01-31,422188.771875
2016-02-01,418590.153125
2016-02-02,424401.0375
2016-02-03,605511.85
2016-02-04,817122.43125
2016-02-05,806061.103125
2016-02-06,733823.25625
2016-02-07,662647.296875
2016-02-08,615422.7999999999
2016-02-09,563626.2875000001
2016-02-10,511564.303125
2016-02-11,449089.921875
2016-02-12,445314.32187499997
2016-02-13,385052.20625
2016-02-14,355053.88437499997
2016-02-15,334388.37375
2016-02-16,356115.771875
2016-02-17,331190.91250000003
2016-02-18,303912.2025
2016-02-19,301632.0940625
2016-02-20,383341.3875
2016-02-21,356298.6525
2016-02-22,329922.546875
2016-02-23,339278.955625
2016-02-24,373633.9659375
2016-02-25,321869.89999999997
2016-02-26,311360.1634375
2016-02-27,304611.2784375
2016-02-28,298502.475625
2016-02-29,315292.096875
2016-03-01,413900.14999999997
2016-03-02,394845.16875
2016-03-03,401835.928125
2016-03-04,381424.090625
2016-03-05,412779.26875000005
2016-03-06,350063.013125
2016-03-07,386350.06875
2016-03-08,388532.8375
2016-03-09,430123.43125
2016-03-10,388680.32187499997
2016-03-11,373872.890625
2016-03-12,389299.75625
2016-03-13,401835.928125
2016-03-14,544128.853125
2016-03-15,759102.078125
2016-03-16,820721.0499999999
2016-03-17,867827.559375
2016-03-18,837062.3187500001
2016-03-19,746359.4281250001
2016-03-20,678959.06875
2016-03-21,607134.178125
2016-03-22,570351.5750000001
2016-03-23,579466.109375
2016-03-24,545869.16875
2016-03-25,623858.90625
2016-03-26,712556.009375
2016-03-27,695831.28125
2016-03-28,659550.125
2016-03-29,631941.05
2016-03-30,572976.796875
2016-03-31,637928.915625
2016-04-01,652795.340625
2016-04-02,714030.853125
2016-04-03,650848.546875
2016-04-04,720874.128125
2016-04-05,621853.11875
2016-04-06,622266.075
2016-04-07,631200.8336842105
2016-04-08,640996.590625
2016-04-09,640731.11875
2016-04-10,648488.796875
2016-04-11,696273.734375
2016-04-12,
2016-04-13,
2016-04-14,652677.353125
2016-04-15,613033.553125
2016-04-16,582740.2625000001
2016-04-17,547992.94375
2016-04-18,501122.409375
2016-04-19,491712.90624999994
2016-04-20,439119.97812499997
2016-04-21,456759.109375
2016-04-22,452275.584375
2016-04-23,399594.165625
2016-04-24,420477.953125
2016-04-25,353912.3553125
2016-04-26,370421.75625
2016-04-27,340718.403125
2016-04-28,369887.86281250004
2016-04-29,407587.81875
2016-04-30,420625.4375
2016-05-01,509440.528125
2016-05-02,613092.546875
2016-05-03,677484.225
2016-05-04,694356.4375
2016-05-05,667543.778125
2016-05-06,609110.46875
2016-05-07,556576.5343749999
2016-05-08,518142.10625
2016-05-09,476168.053125
2016-05-10,498880.646875
2016-05-11,793288.9562499999
2016-05-12,1036726.665625
2016-05-13,1132945.471875
2016-05-14,1096546.328125
2016-05-15,1054041.33125
2016-05-16,936968.2343749999
2016-05-17,863019.56875
2016-05-18,768452.5875
2016-05-19,681672.78125
2016-05-20,635451.178125
2016-05-21,586781.334375
2016-05-22,528584.0
2016-05-23,489294.16250000003
2016-05-24,450800.740625
2016-05-25,429474.5
2016-05-26,495400.01562500006
2016-05-27,485784.034375
2016-05-28,480032.14375
2016-05-29,471448.553125
2016-05-30,436317.775
2016-05-31,419563.55
2016-06-01,472893.9
2016-06-02,463720.371875
2016-06-03,418354.17812500003
2016-06-04,391128.5625
2016-06-05,383754.34375
2016-06-06,337034.24343750003
2016-06-07,348561.6221875
2016-06-08,283739.2896875
2016-06-09,285547.448125
2016-06-10,250351.77687499998
2016-06-11,251626.041875
2016-06-12,259884.48378947366
2016-06-13,214518.973125
2016-06-14,244148.58406249998
2016-06-15,
2016-06-16,639256.275
2016-06-17,568552.265625
2016-06-18,487052.4
2016-06-19,392190.45
2016-06-20,344423.210625
2016-06-21,258141.90156250002
2016-06-22,236228.67312499997
2016-06-23,494780.58125000005
2016-06-24,665508.49375
2016-06-25,733174.3250000001
2016-06-26,639462.753125
2016-06-27,527050.1625
2016-06-28,429680.978125
2016-06-29,353903.50625
2016-06-30,281945.8796875
2016-07-01,243567.495625
2016-07-02,188310.9996875
2016-07-03,189069.069375
2016-07-04,166539.35625
2016-07-05,153377.850625
2016-07-06,222489.02875
2016-07-07,370657.73125
2016-07-08,362841.059375
2016-07-09,351543.75625000003
2016-07-10,309413.3696875
2016-07-11,243216.4828125
2016-07-12,220778.21000000002
2016-07-13,173064.065
2016-07-14,299110.11124999996
2016-07-15,254737.9621875
2016-07-16,282842.5846875
2016-07-17,229350.001875
2016-07-18,324999.5184375
2016-07-19,618401.984375
2016-07-20,834909.046875
2016-07-21,826413.946875
2016-07-22,747067.353125
2016-07-23,768364.096875
2016-07-24,758453.146875
2016-07-25,892073.990625
2016-07-26,833168.7312500001
2016-07-27,702792.54375
2016-07-28,600202.4125
2016-07-29,545603.696875
2016-07-30,555426.15625
2016-07-31,528819.975
2016-08-01,472983.3221052632
2016-08-02,376734.08749999997
2016-08-03,322745.95718749997
2016-08-04,224040.564375
2016-08-05,190918.5234375
2016-08-06,167595.34437500002
2016-08-07,163341.39821052633
2016-08-08,144885.7003125
2016-08-09,115211.84406250001
2016-08-10,119320.75875
2016-08-11,93903.59653125
2016-08-12,134485.1021875
2016-08-13,417944.1715625
2016-08-14,475047.17187500006
2016-08-15,386261.578125
2016-08-16,361947.3040625
2016-08-17,557520.4343750001
2016-08-18,665390.5062500001
2016-08-19,722083.5
2016-08-20,763438.11875
2016-08-21,884729.26875
2016-08-22,970152.2187499999
2016-08-23,905465.571875
2016-08-24,810190.665625
2016-08-25,808037.39375
2016-08-26,864700.890625
2016-08-27,887737.95
2016-08-28,1029499.93125
2016-08-29,1213855.4
2016-08-30,1303378.415625
2016-08-31,1341842.3406250002
2016-09-01,1159433.665625
2016-09-02,944578.428125
2016-09-03,791017.696875
2016-09-04,684504.4812500001
2016-09-05,569083.209375
2016-09-06,498910.14375
2016-09-07,446081.240625
2016-09-08,537728.03125
2016-09-09,737244.89375
2016-09-10,863521.015625
2016-09-11,964960.76875
2016-09-12,933900.5593750001
2016-09-13,832667.2843749999
2016-09-14,742524.834375
2016-09-15,663886.165625
2016-09-16,567519.875
2016-09-17,568640.75625
2016-09-18,527138.653125
2016-09-19,495842.46875000006
2016-09-20,479265.225
2016-09-21,409835.480625
2016-09-22,423073.678125
2016-09-23,403782.721875
2016-09-24,366498.671875
2016-09-25,336007.7521875
2016-09-26,330039.10610526317
2016-09-27,272713.3578125
2016-09-28,219312.2153125
2016-09-29,282462.075
2016-09-30,297328.5
2016-10-01,277155.5871875
2016-10-02,373666.41250000003
2016-10-03,423280.15625
2016-10-04,420713.928125
2016-10-05,393075.35625
2016-10-06,394550.2
2016-10-07,566487.484375
2016-10-08,702114.1156250001
2016-10-09,617959.53125
2016-10-10,515428.39375
2016-10-11,450328.790625
2016-10-12,409505.11562500003
2016-10-13,407764.8
2016-10-14,379093.8375
2016-10-15,309274.734375
2016-10-16,323182.51093750005
2016-10-17,284243.68624999997
2016-10-18,425079.465625
2016-10-19,385966.609375
2016-10-20,376114.653125
2016-10-21,342635.7
2016-10-22,322802.00125000003
2016-10-23,312675.7240625
2016-10-24,300086.4578125
2016-10-25,270105.83406250004
2016-10-26,302549.446875
2016-10-27,371336.159375
2016-10-28,413310.2125
2016-10-29,465342.69999999995
2016-10-30,448883.44375000003
2016-10-31,396172.528125
2016-11-01,386763.025
2016-11-02,365318.796875
2016-11-03,429386.00937499997
2016-11-04,566281.0062500001
2016-11-05,557048.484375
2016-11-06,502803.73125
2016-11-07,477790.38125000003
2016-11-08,445550.296875
2016-11-09,406201.465625
2016-11-10,340343.7928125
2016-11-11,351298.9321875
2016-11-12,313916.30052631575
2016-11-13,291653.30125
2016-11-14,304499.1903125
2016-11-15,299514.2184375
2016-11-16,278179.12875
2016-11-17,231394.1353125
2016-11-18,256616.913125
2016-11-19,317436.51968749997
2016-11-20,280954.78468750004
2016-11-21,261407.20562500003
2016-11-22,220744.4283157895
2016-11-23,254879.5471875
2016-11-24,255640.5665625
2016-11-25,323153.0140625
2016-11-26,338659.52125
2016-11-27,338234.76625000004
2016-11-28,347998.231875
2016-11-29,546193.634375
2016-11-30,763202.1437499999
2016-12-01,788244.990625
2016-12-02,706822.1273684211
2016-12-03,613446.509375
2016-12-04,555986.596875
2016-12-05,515369.4
2016-12-06,506785.809375
2016-12-07,474604.71875000006
2016-12-08,471330.56562500005
2016-12-09,447231.61875
2016-12-10,409829.58125
2016-12-11,391299.644375
2016-12-12,344543.37157894735
2016-12-13,352310.675
2016-12-14,304003.6428125
2016-12-15,217961.25843750002
2016-12-16,232851.2809375
2016-12-17,
2016-12-18,
2016-12-19,
2016-12-20,
2016-12-21,
2016-12-22,
2016-12-23,267277.08375
2016-12-24,270356.5575
2016-12-25,265173.9565625
2016-12-26,345635.5321875
2016-12-27,566074.528125
2016-12-28,722201.4875
2016-12-29,722230.984375
2016-12-30,641216.1094736842
2016-12-31,586102.90625
2017-01-01,533999.0052631579
2017-01-02,498851.15
2017-01-03,491742.403125
2017-01-04,462569.99374999997
2017-01-05,499382.09375000006
2017-01-06,431568.778125
2017-01-07,366439.678125
2017-01-08,
2017-01-09,
2017-01-10,
2017-01-11,
2017-01-12,454074.89375
2017-01-13,479589.690625
2017-01-14,555632.634375
2017-01-15,570322.078125
2017-01-16,525162.3624999999
2017-01-17,732554.890625
2017-01-18,1051829.065625
2017-01-19,1071267.50625
2017-01-20,1019942.94375
2017-01-21,1190729.85
2017-01-22,1362932.60625
2017-01-23,1337447.30625
2017-01-24,1212832.0136842106
2017-01-25,1100025.0765957448
2017-01-26,1050796.675
2017-01-27,941522.7703703704
2017-01-28,801371.1
2017-01-29,722083.5
2017-01-30,639964.2
2017-01-31,658882.3659574469
2017-02-01,629631.5074468085
2017-02-02,567651.5242105263
2017-02-03,524719.9093749999
2017-02-04,467139.1548387097
2017-02-05,487594.6404255319
2017-02-06,447016.9819148936
2017-02-07,435575.0747368421
2017-02-08,507024.92234042555
2017-02-09,526304.5819148937
2017-02-10,487394.69340659335
2017-02-11,494884.76170212764
2017-02-12,480858.05625
2017-02-13,479914.15625000006
2017-02-14,517843.4115789473
2017-02-15,493872.8387096774
2017-02-16,465555.8387096774
2017-02-17,427825.1589473684
2017-02-18,403276.2542553192
2017-02-19,368356.97500000003
2017-02-20,301484.7048387097
2017-02-21,333376.63093750004
2017-02-22,307507.55776595743
2017-02-23,329699.30210526317
2017-02-24,342686.3725263158
2017-02-25,318238.8346875
2017-02-26,286222.2745263158
2017-02-27,331549.89574468083
2017-02-28,310869.4484042553
2017-03-01,526076.765625
2017-03-02,791068.5319148937
2017-03-03,800953.7968421052
2017-03-04,683214.6915789474
2017-03-05,595814.0387096774
2017-03-06,505517.44375
2017-03-07,593673.3568421053
2017-03-08,532477.5875
2017-03-09,540264.7625000001
2017-03-10,471035.596875
2017-03-11,434459.47187500005
2017-03-12,397823.7255319149
2017-03-13,380539.184375
2017-03-14,370565.20421052637
2017-03-15,306747.62842105265
2017-03-16,285827.66843749996
2017-03-17,299340.18687499996
2017-03-18,299864.71826086956
2017-03-19,277141.2193548387
2017-03-20,359566.90625
2017-03-21,428731.42978723405
2017-03-22,427557.203125
2017-03-23,402012.909375
2017-03-24,398768.253125
2017-03-25,452177.7789473684
2017-03-26,476023.6736842105
2017-03-27,539851.80625
2017-03-28,533863.940625
2017-03-29,514087.68315789476
2017-03-30,647565.0789473684
2017-03-31,1107620.977419355
2017-04-01,1451423.23125
2017-04-02,1579321.68125
2017-04-03,1386549.3568421053
2017-04-04,1233706.796875
2017-04-05,1229488.74375
2017-04-06,1333671.085263158
2017-04-07,1698135.09375
2017-04-08,1798837.425
2017-04-09,1624245.421875
2017-04-10,1512127.8
2017-04-11,1389922.246875
2017-04-12,1230019.6875
2017-04-13,1175184.996875
2017-04-14,1052458.5414893618
2017-04-15,955934.7250000001
2017-04-16,1001259.312631579
2017-04-17,984074.74375
2017-04-18,941717.23125
2017-04-19,917972.246875
2017-04-20,835351.5
2017-04-21,780811.778125
2017-04-22,720563.3242105263
2017-04-23,651880.9375
2017-04-24,615186.825
2017-04-25,567519.875
2017-04-26,577666.8
2017-04-27,558582.321875
2017-04-28,554139.5904255318
2017-04-29,603450.1736842105
2017-04-30,1277450.6625
2017-05-01,1909008.253125
2017-05-02,2487412.475
2017-05-03,2387624.546875
2017-05-04,1988679.3125000002
2017-05-05,1691114.8375000001
2017-05-06,1498382.25625
2017-05-07,1402546.909375
2017-05-08,1349747.503125
2017-05-09,1322728.365625
2017-05-10,1376766.640625
2017-05-11,1515932.896875
2017-05-12,1643890.340625
2017-05-13,1558496.8875
2017-05-14,1375055.821875
2017-05-15,1192754.6677419355
2017-05-16,1045660.904494382
2017-05-17,853344.59375
2017-05-18,1026255.2749999999
2017-05-19,878711.90625
2017-05-20,752140.8156249999
2017-05-21,753871.6161290323
2017-05-22,703364.4726315789
2017-05-23,744647.6778947368
2017-05-24,750400.5
2017-05-25,760475.3905263158
2017-05-26,761520.821875
2017-05-27,753851.634375
2017-05-28,762114.7957894737
2017-05-29,770885.1382978724
2017-05-30,742839.2585106384
2017-05-31,695890.275
2017-06-01,613476.00625
2017-06-02,592208.759375
2017-06-03,545981.567368421
2017-06-04,513260.68723404256
2017-06-05,501843.5138297872
2017-06-06,449524.92315789475
2017-06-07,416051.24842105265
2017-06-08,396944.7252631579
2017-06-09,372458.9234042553
2017-06-10,330322.27610526315
2017-06-11,340355.5915625
2017-06-12,337389.60315789474
2017-06-13,297723.1305319149
2017-06-14,321687.01937500003
2017-06-15,368008.911875
2017-06-16,532123.625
2017-06-17,659488.0263157894
2017-06-18,733262.815625
2017-06-19,833785.0276595744
2017-06-20,919919.040625
2017-06-21,843695.9776595745
2017-06-22,709713.4421052632
2017-06-23,670463.96875
2017-06-24,624911.4789473685
2017-06-25,610063.8838709678
2017-06-26,529021.174736842
2017-06-27,448809.5463157895
2017-06-28,365852.5951612903
2017-06-29,453132.2489361702
2017-06-30,434872.428125
2017-07-01,431423.19677419355
2017-07-02,463193.82127659576
2017-07-03,477369.8129032259
2017-07-04,427648.2586956522
2017-07-05,412179.8161290323
2017-07-06,364837.43297872343
2017-07-07,365021.19223404257
2017-07-08,328270.72187500005
2017-07-09,268859.48242105264
2017-07-10,291557.7934736842
2017-07-11,310956.05625
2017-07-12,315802.3928125
2017-07-13,471861.509375
2017-07-14,589790.015625
2017-07-15,646643.3184782609
2017-07-16,668823.4404255319
2017-07-17,670129.2568421053
2017-07-18,639219.0157894737
2017-07-19,621712.0467391304
2017-07-20,614905.1774193549
2017-07-21,718012.93125
2017-07-22,910951.9906250001
2017-07-23,1311372.0687499999
2017-07-24,1395730.0263157894
2017-07-25,1413578.7406249999
2017-07-26,1272297.7136842106
2017-07-27,1110364.972826087
2017-07-28,1001736.2305263159
2017-07-29,926206.8957446809
2017-07-30,807305.620212766
2017-07-31,705540.4105263158
2017-08-01,629703.093548387
2017-08-02,577968.044680851
2017-08-03,524867.39375
2017-08-04,522212.67500000005
2017-08-05,529984.6258064517
2017-08-06,475194.65625
2017-08-07,451626.653125
2017-08-08,391316.84042553196
2017-08-09,355847.2551612903
2017-08-10,312191.77866666665
2017-08-11,259137.48521739128
2017-08-12,207474.52280898875
2017-08-13,210102.59494382024
2017-08-14,192234.08406249998
2017-08-15,190277.92826086955
2017-08-16,109097.65108421052
2017-08-17,173053.01936170214
2017-08-18,152758.16521276598
2017-08-19,162250.18648351647
2017-08-20,167898.26445652175
2017-08-21,139369.78468749998
2017-08-22,199167.00391304347
2017-08-23,181919.026875
2017-08-24,215967.36483870968
2017-08-25,198158.75106382978
2017-08-26,212392.88967391304
2017-08-27,190202.14266666665
2017-08-28,181978.020625
2017-08-29,139726.696875
2017-08-30,166500.94755319148
2017-08-31,164050.81357894736
2017-09-01,149148.37935483872
2017-09-02,116606.91659340661
2017-09-03,121748.19631578948
2017-09-04,118691.79461538463
2017-09-05,129285.17968085107
2017-09-06,105719.84483870967
2017-09-07,97617.52903225807
2017-09-08,105663.31233333334
2017-09-09,90398.94456521739
2017-09-10,80626.50163043478
2017-09-11,127794.92548387097
2017-09-12,108329.27161290322
2017-09-13,92364.09252631578
2017-09-14,112250.3578125
2017-09-15,87046.458
2017-09-16,102186.0240625
2017-09-17,105908.6579347826
2017-09-18,128140.44989361703
2017-09-19,136457.49161290322
2017-09-20,114822.42255319149
2017-09-21,135321.40271739132
2017-09-22,112258.43739130435
2017-09-23,141178.14655172412
2017-09-24,132931.851627907
2017-09-25,130295.5410989011
2017-09-26,122117.0625
2017-09-27,108240.22627659574
2017-09-28,101076.62776595746
2017-09-29,95221.24096774193
2017-09-30,80033.58548387098
2017-10-01,79066.91207608696
2017-10-02,74361.05758695652
2017-10-03,63315.632125000004
2017-10-04,109163.55741935484
2017-10-05,103425.68794565219
2017-10-06,120735.85563829787
2017-10-07,104866.53917045455
2017-10-08,164960.5279120879
2017-10-09,134174.38085106385
2017-10-10,174450.79468085108
2017-10-11,279357.8619354839
2017-10-12,237474.19436170213
2017-10-13,276418.6310526316
2017-10-14,340069.471875
2017-10-15,827810.2357894738
2017-10-16,1212972.3967741935
2017-10-17,1220580.6875
2017-10-18,1051313.8117021278
2017-10-19,844790.5
2017-10-20,673613.2308510639
2017-10-21,552628.6105263158
2017-10-22,531286.534736842
2017-10-23,513551.1505263158
2017-10-24,620903.5096774194
2017-10-25,773264.9712765957
2017-10-26,870054.8872340426
2017-10-27,832072.6894736842
2017-10-28,735735.274736842
2017-10-29,662771.6967391304
2017-10-30,591914.7221052632
2017-10-31,530235.825
2017-11-01,471338.02087912086
2017-11-02,457408.040625
2017-11-03,424724.5516129032
2017-11-04,378062.0744680851
2017-11-05,370289.96170212765
2017-11-06,385141.6483870968
2017-11-07,388539.04736842104
2017-11-08,354485.7489130435
2017-11-09,349819.2757894737
2017-11-10,339831.1120212766
2017-11-11,307818.23703296704
2017-11-12,303505.9151086957
2017-11-13,300215.0070967742
2017-11-14,271969.39532608696
2017-11-15,295036.31336842105
2017-11-16,312447.9705319149
2017-11-17,299782.63999999996
2017-11-18,409796.23695652175
2017-11-19,589232.0589473684
2017-11-20,749804.3526315789
2017-11-21,872344.3468085106
2017-11-22,827007.0223404255
2017-11-23,773693.5161290322
2017-11-24,715435.1608695652
2017-11-25,678982.0452631579
2017-11-26,571228.4084210527
2017-11-27,510480.99157894735
2017-11-28,471979.49687499995
2017-11-29,444517.2852631579
2017-11-30,394255.23125
2017-12-01,349176.0135483871
2017-12-02,282935.54741935484
2017-12-03,241664.94718750002
2017-12-04,191517.31
2017-12-05,309899.4405319149
2017-12-06,298482.2671276596
2017-12-07,259149.26741935484
2017-12-08,223131.87032258065
2017-12-09,255711.64451612902
2017-12-10,204214.28741935483
2017-12-11,231805.94273684212
2017-12-12,203361.24670212765
2017-12-13,197369.49
2017-12-14,193137.1641935484
2017-12-15,176286.7383157895
2017-12-16,192141.27757894737
2017-12-17,193085.79063829788
2017-12-18,182066.1306451613
2017-12-19,208886.07414893617
2017-12-20,199811.4506451613
2017-12-21,194918.2996875
2017-12-22,189879.18677419354
2017-12-23,186636.4335483871
2017-12-24,189691.45343750002
2017-12-25,173379.6815625
2017-12-26,147351.6390625
2017-12-27,113024.84315217391
2017-12-28,99589.39863157894
2017-12-29,117350.36750000001
2017-12-30,113613.76547368421
2017-12-31,100712.05549450549
2018-01-01,96389.26053191489
2018-01-02,99938.36218750001
2018-01-03,72862.02558947369
2018-01-04,85564.535
2018-01-05,89493.76978723405
2018-01-06,87235.5579661017
2018-01-07,100460.71336956522
2018-01-08,97511.82505263158
2018-01-09,107592.80125
2018-01-10,114186.06694736841
2018-01-11,197334.09375
2018-01-12,240476.223125
2018-01-13,188836.0440625
2018-01-14,210563.4421875
2018-01-15,221158.7196875
2018-01-16,207183.1003125
2018-01-17,209885.604
2018-01-18,205015.08
2018-01-19,204548.31626373625
2018-01-20,216742.5354255319
2018-01-21,234581.0087368421
2018-01-22,259329.49595744684
2018-01-23,414903.04375
2018-01-24,540282.335106383
2018-01-25,564402.5210526315
2018-01-26,548634.4231578948
2018-01-27,567131.6580645161
2018-01-28,514012.54374999995
2018-01-29,447762.5625
2018-01-30,368696.37734042556
2018-01-31,335792.42500000005
2018-02-01,333388.4296875
2018-02-02,276829.9727368421
2018-02-03,237034.15515789474
2018-02-04,294921.555
2018-02-05,183115.60642105262
2018-02-06,149477.99115789475
2018-02-07,195404.998125
2018-02-08,176583.0421875
2018-02-09,196601.49863636363
2018-02-10,195953.64
2018-02-11,207658.0
2018-02-12,192555.6
2018-02-13,202183.38
2018-02-14,252709.91795454547
2018-02-15,278833.02789473685
2018-02-16,321455.8019354839
2018-02-17,362337.10212765954
2018-02-18,380550.672631579
2018-02-19,434223.496875
2018-02-20,951864.1562500001
2018-02-21,1794855.346875
2018-02-22,2812497.534375
2018-02-23,2990009.728125
2018-02-24,2675514.046875
2018-02-25,2356210.375
2018-02-26,2142358.03125
2018-02-27,1913344.29375
2018-02-28,1798276.984375
2018-03-01,1652857.390625
2018-03-02,1531212.2781250002
2018-03-03,1499549.0905263158
2018-03-04,1454667.8875000002
2018-03-05,1396382.0625
2018-03-06,1328480.25625
2018-03-07,1244178.1875
2018-03-08,1128963.39375
2018-03-09,988204.3062499999
2018-03-10,921747.846875
2018-03-11,866798.2736842105
2018-03-12,821312.2294736842
2018-03-13,777078.0947368421
2018-03-14,684198.3347368421
2018-03-15,692321.153125
2018-03-16,659963.08125
2018-03-17,618304.7074468085
2018-03-18,592474.2312500001
2018-03-19,606465.7914893617
2018-03-20,548928.0574468086
2018-03-21,509109.852631579
2018-03-22,492504.92872340424
2018-03-23,498054.73437500006
2018-03-24,471979.49687499995
2018-03-25,445886.1806451613
2018-03-26,448004.74736842106
2018-03-27,460800.18124999997
2018-03-28,506129.1157894737
2018-03-29,559682.4925531915
2018-03-30,565406.1414893616
2018-03-31,535456.771875
2018-04-01,539423.9463157895
2018-04-02,484399.5442105263
2018-04-03,481508.2294736842
2018-04-04,460934.4861702128
2018-04-05,437780.82
2018-04-06,460881.5305263158
2018-04-07,445631.2563829787
2018-04-08,427466.2021276596
2018-04-09,411923.859375
2018-04-10,400324.05638297874
2018-04-11,384297.83936170215
2018-04-12,378709.7505319149
2018-04-13,381137.5861956522
2018-04-14,413517.6221052632
2018-04-15,457526.028125
2018-04-16,625894.190625
2018-04-17,752848.740625
2018-04-18,760475.3905263158
2018-04-19,727568.0557894737
2018-04-20,666941.4709677419
2018-04-21,624434.5610526316
2018-04-22,587547.6255319149
2018-04-23,547786.4656250001
2018-04-24,522539.02340425533
2018-04-25,499883.540625
2018-04-26,479762.2787234043
2018-04-27,457024.58125000005
2018-04-28,455372.75625
2018-04-29,415455.1010526316
2018-04-30,381158.61874999997
2018-05-01,386541.95368421054
2018-05-02,353284.07187499997
2018-05-03,381866.54375
2018-05-04,450687.4105263158
2018-05-05,508156.01684210525
2018-05-06,524609.6842105263
2018-05-07,493294.3193548387
2018-05-08,447377.8206521739
2018-05-09,416975.27684210526
2018-05-10,409672.4715789474
2018-05-11,401498.91063829785
2018-05-12,386851.515625
2018-05-13,391162.0957894737
2018-05-14,442609.6136842105
2018-05-15,522810.14361702127
2018-05-16,626461.4621052633
2018-05-17,629450.7606382979
2018-05-18,613823.1378947368
2018-05-19,575133.1736842105
2018-05-20,542424.4467391304
2018-05-21,550273.1804347825
2018-05-22,687149.2642105262
2018-05-23,751462.3875
2018-05-24,734781.4389473684
2018-05-25,685778.125263158
2018-05-26,633615.2305263157
2018-05-27,577194.85
2018-05-28,527858.687368421
2018-05-29,479511.1357894737
2018-05-30,462073.8252631579
2018-05-31,533417.5978021978
2018-06-01,604106.2597826087
2018-06-02,566735.829032258
2018-06-03,524639.4915789473
2018-06-04,482232.485106383
2018-06-05,453498.2774193549
2018-06-06,389724.64382022474
2018-06-07,380568.68125
2018-06-08,373205.8806451613
2018-06-09,358534.515625
2018-06-10,598693.6787234043
2018-06-11,864553.40625
2018-06-12,899884.452631579
2018-06-13,835200.8776595745
2018-06-14,788673.1610526316
2018-06-15,711238.6914893617
2018-06-16,646760.28
2018-06-17,594837.7468085106
2018-06-18,560057.165625
2018-06-19,516502.08
2018-06-20,514504.9863157895
2018-06-21,601323.2937500001
2018-06-22,871299.1863157895
2018-06-23,1242453.5617021278
2018-06-24,1423696.1687500002
2018-06-25,1359484.2663157894
2018-06-26,1164595.6187500001
2018-06-27,1049696.2863157894
2018-06-28,996910.6419354838
2018-06-29,927472.1234042554
2018-06-30,841044.707368421
2018-07-01,756183.1294736842
2018-07-02,721228.0906250001
2018-07-03,629770.08
2018-07-04,600666.4966666667
2018-07-05,600737.7031578948
2018-07-06,618274.5829787233
2018-07-07,587194.290625
2018-07-08,555907.4210526316
2018-07-09,491631.31914893613
2018-07-10,445048.85
2018-07-11,381483.084375
2018-07-12,331953.5636170213
2018-07-13,283179.2338043478
2018-07-14,293218.0638947369
2018-07-15,271728.7270212766
2018-07-16,234769.24387096774
2018-07-17,243568.37425531916
2018-07-18,206615.73568421052
2018-07-19,167213.37536842105
2018-07-20,166588.30851063828
2018-07-21,209557.72294736843
2018-07-22,215533.665625
2018-07-23,244692.0169148936
2018-07-24,206940.636
2018-07-25,189853.43521276597
2018-07-26,181464.2782105263
2018-07-27,160949.69843750002
2018-07-28,152118.3340625
2018-07-29,141356.05404255318
2018-07-30,144095.1840625
2018-07-31,138027.30031914893
2018-08-01,149422.31968749998
2018-08-02,147475.5259375
2018-08-03,143196.6590425532
2018-08-04,98915.75210526316
2018-08-05,115149.90062500001
2018-08-06,152852.18526315788
2018-08-07,100044.55093750001
2018-08-08,130905.87606382978
2018-08-09,153281.41136842105
2018-08-10,221314.10161290324
2018-08-11,205909.30105263158
2018-08-12,157004.35168421053
2018-08-13,142630.3190425532
2018-08-14,129501.09284210525
2018-08-15,119534.27806451613
2018-08-16,168808.06957894738
2018-08-17,169486.0940625
2018-08-18,220350.97105263156
2018-08-19,201754.05774193548
2018-08-20,157859.82315789475
2018-08-21,208620.16903225807
2018-08-22,248545.76084210526
2018-08-23,220912.1829032258
2018-08-24,157810.0385106383
2018-08-25,192409.54389473682
2018-08-26,135564.55956521738
2018-08-27,110611.02191489362
2018-08-28,191270.67806451613
2018-08-29,271436.143125
2018-08-30,321455.1864893617
2018-08-31,324922.51276595745
2018-09-01,321200.32093750004
2018-09-02,327764.70774193545
2018-09-03,323782.5394736842
2018-09-04,380372.62117021275
2018-09-05,435569.6840425532
2018-09-06,482150.2096774194
2018-09-07,459157.1425531915
2018-09-08,535384.3704545454
2018-09-09,502824.664516129
2018-09-10,444977.0315217391
2018-09-11,403770.612631579
2018-09-12,334923.2946067416
2018-09-13,322032.1328125
2018-09-14,323593.27870967746
2018-09-15,291235.77774193545
2018-09-16,273268.0873404255
2018-09-17,253220.25382978722
2018-09-18,219383.0078125
2018-09-19,208319.73414893617
2018-09-20,154122.8036170213
2018-09-21,228947.41610526317
2018-09-22,177668.5271875
2018-09-23,159784.571875
2018-09-24,174447.4684375
2018-09-25,184906.9975531915
2018-09-26,227810.265
2018-09-27,160855.3084375
2018-09-28,180677.84967391306
2018-09-29,194462.47882978723
2018-09-30,160681.8603296703
2018-10-01,161308.5356842105
2018-10-02,215392.080625
2018-10-03,241383.95739130434
2018-10-04,346341.2687096774
2018-10-05,307442.14010526316
2018-10-06,381700.9806451613
2018-10-07,433279.90736842103
2018-10-08,470845.43617021275
2018-10-09,533865.8234042553
2018-10-10,557315.901098901
2018-10-11,603683.04375
2018-10-12,566520.7468085106
2018-10-13,526991.1687500001
2018-10-14,508424.28315789474
2018-10-15,477554.40624999994
2018-10-16,442201.9258064516
2018-10-17,445078.34687500005
2018-10-18,365618.56744186045
2018-10-19,331165.6875862069
2018-10-20,359494.7475789474
2018-10-21,290593.31677419355
2018-10-22,310486.86765957443
2018-10-23,286942.55516129034
2018-10-24,251041.09615384616
2018-10-25,250569.68115789475
2018-10-26,242990.3083870968
2018-10-27,226305.924375
2018-10-28,247207.41
2018-10-29,243307.66663043477
2018-10-30,234973.86351063833
2018-10-31,252185.24052631579
2018-11-01,311203.83
2018-11-02,272846.34478723403
2018-11-03,272286.4226086957
2018-11-04,252920.95468750002
2018-11-05,333839.355319149
2018-11-06,383741.02258064516
2018-11-07,428480.9210526316
2018-11-08,424139.4130434783
2018-11-09,411371.49157894735
2018-11-10,375215.1536842105
2018-11-11,363371.05161290325
2018-11-12,348781.09148936166
2018-11-13,315457.34147368424
2018-11-14,306494.26578947366
2018-11-15,271720.98978947365
2018-11-16,283566.438
2018-11-17,279238.0665625
2018-11-18,263946.88656250003
2018-11-19,270047.71549450554
2018-11-20,265248.9539361702
2018-11-21,265884.18296703295
2018-11-22,246458.189375
2018-11-23,207873.89202127658
2018-11-24,270391.58115789475
2018-11-25,337765.7659375
2018-11-26,294644.28437500005
2018-11-27,445390.2606382979
2018-11-28,534297.0789473684
2018-11-29,545286.9260869565
2018-11-30,557435.8766666666
2018-12-01,543835.4368421052
2018-12-02,712038.4168421052
2018-12-03,970647.1452631579
2018-12-04,988232.520652174
2018-12-05,937834.9404255319
2018-12-06,873713.5831578948
2018-12-07,797077.8774193549
2018-12-08,714582.5074468085
2018-12-09,659756.603125
2018-12-10,596645.2148936171
2018-12-11,558788.7999999999
2018-12-12,532572.7387096775
2018-12-13,522094.6875
2018-12-14,499352.596875
2018-12-15,498064.5666666667
2018-12-16,504765.5872340426
2018-12-17,504229.30549450545
2018-12-18,478974.60315789474
2018-12-19,442980.30319148937
2018-12-20,463314.3191489362
2018-12-21,437232.178125
2018-12-22,400803.5375
2018-12-23,384434.0543478261
2018-12-24,368921.2630434783
2018-12-25,317430.5575531915
2018-12-26,313749.31516129035
2018-12-27,291412.70934782614
2018-12-28,387792.27765957447
2018-12-29,511411.10967741936
2018-12-30,539556.8375
2018-12-31,559543.92
2019-01-01,659845.7147368421
2019-01-02,859644.5052631579
2019-01-03,891154.4576086957
2019-01-04,854368.6010526315
2019-01-05,793271.829032258
2019-01-06,739073.7
2019-01-07,652405.6053191489
2019-01-08,681516.3195652175
2019-01-09,658585.7054347825
2019-01-10,611797.8223404256
2019-01-11,551785.670967742
2019-01-12,536226.5451612903
2019-01-13,495249.42631578946
2019-01-14,456729.6125
2019-01-15,444064.78404255316
2019-01-16,447320.109375
2019-01-17,434041.7580645161
2019-01-18,413940.3159574468
2019-01-19,438618.53125
2019-01-20,348420.8935483871
2019-01-21,307474.8120779221
2019-01-22,280746.8738571428
2019-01-23,326374.97054347827
2019-01-24,321129.8422340426
2019-01-25,252440.15562499998
2019-01-26,248298.794375
2019-01-27,248995.85210526315
2019-01-28,247030.42875
2019-01-29,239957.07812500003
2019-01-30,234402.8165625
2019-01-31,226108.2953125
2019-02-01,221551.02812499998
2019-02-02,262507.4390625
2019-02-03,314205.43200000003
2019-02-04,397381.9
2019-02-05,618306.3626373627
2019-02-06,939475.4687500001
2019-02-07,1231406.0406250001
2019-02-08,1339155.6410526317
2019-02-09,1416356.7252631579
2019-02-10,1296682.625
2019-02-11,1166630.9031250002
2019-02-12,1088103.5612903226
2019-02-13,1058577.2028169013
2019-02-14,1058131.7715789473
2019-02-15,1051494.5585106383
2019-02-16,1047013.6231578946
2019-02-17,962688.5778947369
2019-02-18,843394.7329787234
2019-02-19,772552.6531250001
2019-02-20,718396.390625
2019-02-21,668753.15
2019-02-22,656829.9296703297
2019-02-23,659373.14375
2019-02-24,923819.7694736843
2019-02-25,1188461.4451612902
2019-02-26,1086299.734736842
2019-02-27,922986.7156250001
2019-02-28,825608.0161290322
2019-03-01,728538.5580645162
2019-03-02,676009.3812500001
2019-03-03,618502.894736842
2019-03-04,534452.5956521739
2019-03-05,495306.50425531913
2019-03-06,447796.0957894737
2019-03-07,471056.3074468085
2019-03-08,458322.44375
2019-03-09,462079.21595744684
2019-03-10,743634.227368421
2019-03-11,863877.1515789473
2019-03-12,792846.192631579
2019-03-13,769661.959375
2019-03-14,821531.572826087
2019-03-15,1111855.20625
2019-03-16,1153799.7625000002
2019-03-17,1071208.5125
2019-03-18,967674.48125
2019-03-19,914757.0875
2019-03-20,868918.9437500001
2019-03-21,845068.7021052632
2019-03-22,844613.5187499999
2019-03-23,792755.5021276596
2019-03-24,769477.2157894737
2019-03-25,733771.7936170213
2019-03-26,665655.978125
2019-03-27,610850.784375
2019-03-28,624329.6010638298
2019-03-29,591080.1157894738
2019-03-30,593852.2010526316
2019-03-31,677044.5663157895
2019-04-01,737326.4808510639
2019-04-02,797330.0281250001
2019-04-03,779277.940625
2019-04-04,748512.7
2019-04-05,683236.115625
2019-04-06,630141.740625
2019-04-07,595402.1842105263
2019-04-08,575103.3663157895
2019-04-09,550323.196875
2019-04-10,557815.403125
2019-04-11,493364.73125
2019-04-12,461655.590625
2019-04-13,567876.3478723404
2019-04-14,535073.3125
2019-04-15,517694.37473684206
2019-04-16,700465.1451612903
2019-04-17,790663.734375
2019-04-18,814349.725
2019-04-19,826413.946875
2019-04-20,787629.9031578947
2019-04-21,743833.3659574469
2019-04-22,708044.2294736842
2019-04-23,668400.4294736843
2019-04-24,600946.3547368421
2019-04-25,570334.187368421
2019-04-26,515160.7484210527
2019-04-27,526696.2
2019-04-28,498615.175
2019-04-29,635610.0806451613
2019-04-30,983262.6382978723
2019-05-01,1459797.984
2019-05-02,2780063.1176470593
2019-05-03,2952449.6494736844
2019-05-04,2645427.234375
2019-05-05,2118406.56875
2019-05-06,1765358.471875
2019-05-07,1652296.95
2019-05-08,1474050.4723404255
2019-05-09,1502570.8125
2019-05-10,1661028.0250000001
2019-05-11,1557759.4656250002
2019-05-12,1371840.6625
2019-05-13,1236626.9875
2019-05-14,1094275.06875
2019-05-15,1046018.18125
2019-05-16,1008822.621875
2019-05-17,1144803.215625
2019-05-18,1125984.2093749999
2019-05-19,1233146.35625
2019-05-20,1255844.0463157895
2019-05-21,1142332.1387096774
2019-05-22,1150784.8053191488
2019-05-23,1371764.9021052632
2019-05-24,1397130.972631579
2019-05-25,1323417.3505263159
2019-05-26,1145835.6062500002
2019-05-27,1075072.603125
2019-05-28,1207543.06875
2019-05-29,1507644.275
2019-05-30,1748250.284375
2019-05-31,1764650.546875
2019-06-01,1520032.9625
2019-06-02,1342402.78125
2019-06-03,1154478.190625
2019-06-04,1049115.3531250001
2019-06-05,1157722.846875
2019-06-06,1155009.134375
2019-06-07,1086015.94375
2019-06-08,1008055.7031250001
2019-06-09,888357.384375
2019-06-10,939357.48125
2019-06-11,811901.484375
2019-06-12,782345.615625
2019-06-13,773732.528125
2019-06-14,648695.275
2019-06-15,738631.246875
2019-06-16,870881.8831578947
2019-06-17,872252.090625
2019-06-18,812107.9625
2019-06-19,724289.245263158
2019-06-20,727068.471875
2019-06-21,938554.6532608696
2019-06-22,992687.83125
2019-06-23,892587.9893617021
2019-06-24,807153.7294736842
2019-06-25,773084.2244680851
2019-06-26,764737.8442105263
2019-06-27,734274.7136842106
2019-06-28,779313.6473684211
2019-06-29,823567.9741935484
2019-06-30,776616.5612903226
2019-07-01,837239.3
2019-07-02,831947.4351063829
2019-07-03,929223.8774193549
2019-07-04,1027394.9840425532
2019-07-05,1056873.03125
2019-07-06,977979.757894737
2019-07-07,875085.6734042553
2019-07-08,803088.1946808511
2019-07-09,709325.6258064515
2019-07-10,644874.4882978724
2019-07-11,613793.3305263157
2019-07-12,552851.364516129
2019-07-13,521514.79148936167
2019-07-14,491390.3234042553
2019-07-15,463363.5548387097
2019-07-16,479332.29157894733
2019-07-17,455331.33510638296
2019-07-18,435366.42315789475
2019-07-19,536637.2744680851
2019-07-20,589785.2580645161
2019-07-21,576683.1568421052
2019-07-22,597157.3308510638
2019-07-23,621543.2463157895
2019-07-24,608507.7065217391
2019-07-25,538388.3806451613
2019-07-26,463218.92500000005
2019-07-27,423323.92580645165
2019-07-28,393308.2263157895
2019-07-29,381385.2789473684
2019-07-30,369164.25789473683
2019-07-31,285955.0236263736
2019-08-01,260560.94359550564
2019-08-02,230258.505625
2019-08-03,203275.60714285713
2019-08-04,186237.55967741937
2019-08-05,171648.215
2019-08-06,220464.59161290323
2019-08-07,188868.490625
2019-08-08,185196.1296875
2019-08-09,186042.69
2019-08-10,184427.33386363636
2019-08-11,182452.82516129033
2019-08-12,219206.71691489362
2019-08-13,234197.14879120878
2019-08-14,222029.90347826085
2019-08-15,208036.56414893616
2019-08-16,183037.4341935484
2019-08-17,182912.2612087912
2019-08-18,209435.51273684212
2019-08-19,326577.2206451613
2019-08-20,312619.68
2019-08-21,307293.1032631579
2019-08-22,275182.7592391304
2019-08-23,230503.4579347826
2019-08-24,204516.4545652174
2019-08-25,197935.83
2019-08-26,225152.5965625
2019-08-27,240195.87456521738
2019-08-28,274862.6864210526
2019-08-29,232409.49387096777
2019-08-30,252270.61271739128
2019-08-31,189639.5514893617
2019-09-01,214540.17197802197
2019-09-02,201018.52159090908
2019-09-03,197468.42891566263
2019-09-04,300141.93096774194
2019-09-05,264142.9631578948
2019-09-06,257100.47557894737
2019-09-07,207446.64847826087
2019-09-08,196022.19694736841
2019-09-09,172101.78378947367
2019-09-10,172341.39156249998
2019-09-11,147788.1928125
2019-09-12,207715.85193548386
2019-09-13,252918.50178947367
2019-09-14,369521.9463157895
2019-09-15,521327.76875000005
2019-09-16,644919.675
2019-09-17,649472.7505263158
2019-09-18,572304.6446808511
2019-09-19,552881.8129032258
2019-09-20,542046.9947368421
2019-09-21,513953.55
2019-09-22,570304.38
2019-09-23,672705.73125
2019-09-24,666304.9093749999
2019-09-25,632214.2842105263
2019-09-26,561679.49375
2019-09-27,492361.8375
2019-09-28,1073332.2874999999
2019-09-29,1618257.55625
2019-09-30,1905734.1
2019-10-01,1770987.354255319
2019-10-02,1399529.664516129
2019-10-03,1221111.6312499999
2019-10-04,1266425.6621052632
2019-10-05,1070561.4442105263
2019-10-06,1034455.40625
2019-10-07,954577.8687499999
2019-10-08,872878.9768421053
2019-10-09,796209.146875
2019-10-10,728819.965263158
2019-10-11,673384.1593749999
2019-10-12,652267.448275862
2019-10-13,741993.890625
2019-10-14,670158.7402173913
2019-10-15,607772.2421052632
2019-10-16,575768.9585106383
2019-10-17,524466.9893617021
2019-10-18,483952.4336842105
2019-10-19,469300.9903225806
2019-10-20,469118.30000000005
2019-10-21,394708.2006521739
2019-10-22,451799.32584269665
2019-10-23,436751.66451612907
2019-10-24,387495.7894736842
2019-10-25,355482.67578947364
2019-10-26,364484.5010526316
2019-10-27,644477.221875
2019-10-28,1094000.1829787234
2019-10-29,1261724.6142857142
2019-10-30,1178110.3173913045
2019-10-31,1227128.99375
2019-11-01,1469858.778125
2019-11-02,1513814.770212766
2019-11-03,1324173.7125
2019-11-04,1131994.430526316
2019-11-05,984812.165625
2019-11-06,919602.1870967742
2019-11-07,854996.41875
2019-11-08,744170.76
2019-11-09,697833.3031914894
2019-11-10,682882.153125
2019-11-11,643828.290625
2019-11-12,560259.2968421052
2019-11-13,504877.2063157895
2019-11-14,509467.54105263157
2019-11-15,483535.13052631577
2019-11-16,466447.2638297872
2019-11-17,429315.527368421
2019-11-18,427232.7375
2019-11-19,426532.3436170213
2019-11-20,418531.15937500005
2019-11-21,430040.83999999997
2019-11-22,499597.135483871
2019-11-23,521580.87096774194
2019-11-24,507818.19999999995
2019-11-25,484936.07684210525
2019-11-26,457831.66595744685
2019-11-27,466317.0483870968
2019-11-28,518618.40315789473
2019-11-29,511091.72553191485
2019-11-30,478050.57473684207
2019-12-01,500031.02499999997
2019-12-02,548253.6580645161
2019-12-03,533654.9521276596
2019-12-04,539819.4548387097
2019-12-05,523055.4428571429
2019-12-06,510162.72580645164
2019-12-07,449155.8191489362
2019-12-08,431193.39157894737
2019-12-09,451385.0297872341
2019-12-10,424016.29565217387
2019-12-11,414554.79032258067
2019-12-12,374399.98695652175
2019-12-13,366779.66842105263
2019-12-14,352287.8387096774
2019-12-15,347696.61063829786
2019-12-16,345226.40425531915
2019-12-17,317746.54736842104
2019-12-18,319259.1127659574
2019-12-19,285989.65021276596
2019-12-20,283282.088125
2019-12-21,290680.02989361703
2019-12-22,294730.72304347827
2019-12-23,295745.7287368421
2019-12-24,281004.929375
2019-12-25,277542.7493617021
2019-12-26,280046.2809375
2019-12-27,283200.4483870968
2019-12-28,276475.2650526316
2019-12-29,325166.52095744683
2019-12-30,509499.521875
2019-12-31,659137.16875
2020-01-01,644744.5967741936
2020-01-02,603583.0108695652
2020-01-03,590011.7393258427
2020-01-04,561580.3340425532
2020-01-05,520659.389010989
2020-01-06,503118.5715789473
2020-01-07,478922.68064516125
2020-01-08,465091.6627659574
2020-01-09,397124.3794565217
2020-01-10,482352.98297872336
2020-01-11,631737.3663157895
2020-01-12,1007318.2812499999
2020-01-13,1268572.1031250001
2020-01-14,1364997.3875
2020-01-15,1269692.984375
2020-01-16,1144006.8
2020-01-17,1020173.2096774194
2020-01-18,941363.26875
2020-01-19,879943.3231578948
2020-01-20,861313.7178947368
2020-01-21,798021.7774193548
2020-01-22,763685.3904255319
2020-01-23,735593.06875
2020-01-24,710339.3968421053
2020-01-25,689548.446875
2020-01-26,721965.5125
2020-01-27,717896.1989361702
2020-01-28,658812.703125
2020-01-29,628246.8206896551
2020-01-30,574404.1891304348
2020-01-31,556367.4913043478
2020-02-01,537009.5494736843
2020-02-02,569559.1957894737
2020-02-03,682827.1957894737
2020-02-04,774007.9357894737
2020-02-05,751950.4831578947
2020-02-06,714650.2875
2020-02-07,649085.2547368421
2020-02-08,620732.2374999999
2020-02-09,561178.046875
2020-02-10,570751.4905263158
2020-02-11,554010.30625
2020-02-12,543245.9133333333
2020-02-13,569683.8159574468
2020-02-14,538207.6760869565
2020-02-15,490592.025
2020-02-16,504579.13263157895
2020-02-17,475342.14062499994
2020-02-18,489109.1084210527
2020-02-19,549886.332631579
2020-02-20,624329.6010638298
2020-02-21,576368.9375
2020-02-22,561974.4625
2020-02-23,544831.129787234
2020-02-24,522569.1478723404
2020-02-25,523481.04062499997
2020-02-26,503039.70625
2020-02-27,558464.334375
2020-02-28,578233.14
2020-02-29,539999.290625
2020-03-01,510331.9547368421
2020-03-02,518050.4776595745
2020-03-03,501272.4586956522
2020-03-04,537337.4305263158
2020-03-05,521268.77499999997
2020-03-06,544401.7768421053
2020-03-07,461205.60638297873
2020-03-08,443237.1709677419
2020-03-09,471736.8612903226
2020-03-10,552091.1265957446
2020-03-11,641557.03125
2020-03-12,684356.996875
2020-03-13,649494.5451612903
2020-03-14,607580.3968085106
2020-03-15,563719.1712765958
2020-03-16,533551.894736842
2020-03-17,529408.6705263158
2020-03-18,513599.5875
2020-03-19,540235.265625
2020-03-20,666224.4915789473
2020-03-21,735740.5531250001
2020-03-22,736211.8755319149
2020-03-23,715787.4861702127
2020-03-24,680025.3031578948
2020-03-25,663030.75625
2020-03-26,660352.4400000001
2020-03-27,637563.4108695652
2020-03-28,652234.9
2020-03-29,746303.5723404256
2020-03-30,884050.8406250001
2020-03-31,875114.5294736843
2020-04-01,800148.9978947368
2020-04-02,761225.853125
2020-04-03,715197.9978947368
2020-04-04,667573.275
2020-04-05,628279.7115789474
2020-04-06,590931.0789473684
2020-04-07,577034.1861702128
2020-04-08,580650.7419354839
2020-04-09,554235.2604395604
2020-04-10,512655.68750000006
2020-04-11,478704.784375
2020-04-12,509462.4129032258
2020-04-13,504396.5625
2020-04-14,468631.4463157895
2020-04-15,474026.58
2020-04-16,430064.4375
2020-04-17,434203.93578947365
2020-04-18,393699.6527472527
2020-04-19,457487.01612903224
2020-04-20,404098.4936842105
2020-04-21,411274.92812500003
2020-04-22,366094.0989473684
2020-04-23,374082.4736842105
2020-04-24,374868.8808510638
2020-04-25,394088.29148936167
2020-04-26,556665.025
2020-04-27,720608.65625
2020-04-28,704556.7673684211
2020-04-29,706538.6468750001
2020-04-30,1046460.634375
2020-05-01,1711321.1483870968
2020-05-02,1939982.7663157892
2020-05-03,1574867.653125
2020-05-04,1359155.7510638298
2020-05-05,1172085.3410526316
2020-05-06,1045605.225
2020-05-07,958932.8494736841
2020-05-08,939170.5642105264
2020-05-09,823434.7625000001
2020-05-10,818635.3354838709
2020-05-11,749102.6375000001
2020-05-12,686687.25
2020-05-13,641394.9536842105
2020-05-14,641454.5684210527
2020-05-15,784231.8631578947
2020-05-16,1375573.5861702126
2020-05-17,1753575.4117021277
2020-05-18,2186573.846875
2020-05-19,3078116.89375
2020-05-20,3069950.2957894737
2020-05-21,2482339.0125
2020-05-22,1915350.0812499998
2020-05-23,1598081.6937499999
2020-05-24,1512540.75625
2020-05-25,1496789.425
2020-05-26,1341252.403125
2020-05-27,1267067.7625000002
2020-05-28,1238131.328125
2020-05-29,1204829.35625
2020-05-30,1125571.253125
2020-05-31,1050500.4510638297
2020-06-01,934222.5410526316
2020-06-02,930764.8863157895
2020-06-03,908695.6417582417
2020-06-04,788480.9656250001
2020-06-05,736006.025
2020-06-06,708286.4936170212
2020-06-07,605541.346875
2020-06-08,586131.7755319149
2020-06-09,491448.9868421053
2020-06-10,596385.827368421
2020-06-11,558818.296875
2020-06-12,512537.7
2020-06-13,492655.5510638298
2020-06-14,427918.0691489362
2020-06-15,417882.22812499997
2020-06-16,388773.94239130436
2020-06-17,386350.06875
2020-06-18,360326.2129032258
2020-06-19,366614.7765957447
2020-06-20,341193.3028125
2020-06-21,363828.7389473684
2020-06-22,327843.1454347826
2020-06-23,432802.9894736842
2020-06-24,474740.6608695652
2020-06-25,426082.359375
2020-06-26,380525.0771739131
2020-06-27,469248.8393617021
2020-06-28,540050.2397727272
2020-06-29,660936.478125
2020-06-30,716213.621875
2020-07-01,720575.3119565218
2020-07-02,704974.0705263158
2020-07-03,616595.2231578948
2020-07-04,544670.0431578947
2020-07-05,461924.7884210526
2020-07-06,420536.94687499997
2020-07-07,351927.215625
2020-07-08,308655.3
2020-07-09,175176.04125
2020-07-10,250157.09749999997
2020-07-11,218576.79161290324
2020-07-12,344154.7890625
2020-07-13,255852.9440625
2020-07-14,255212.86187500003
2020-07-15,296012.93937499996
2020-07-16,293340.52249999996
2020-07-17,563832.765625
2020-07-18,543060.445263158
2020-07-19,471116.55638297874
2020-07-20,611470.21875
2020-07-21,601482.8873684211
2020-07-22,515487.3875
2020-07-23,451909.51263157895
2020-07-24,410596.5
2020-07-25,346304.7306451613
2020-07-26,295156.49274725275
2020-07-27,259985.45625
2020-07-28,166244.63589473683
2020-07-29,189551.01726315788
2020-07-30,224535.34239130435
2020-07-31,184537.41789473683
2020-08-01,176044.3790425532
2020-08-02,147722.47112359552
2020-08-03,169374.0059375
2020-08-04,124703.93843750001
2020-08-05,185771.31875
2020-08-06,152607.9821875
2020-08-07,147260.32294736843
2020-08-08,139468.8370967742
2020-08-09,156623.7893478261
2020-08-10,182297.53838709678
2020-08-11,195536.33684210526
2020-08-12,136288.23063157895
2020-08-13,170420.64821052633
2020-08-14,140482.4068125
2020-08-15,139717.2829787234
2020-08-16,151868.54210526316
2020-08-17,162359.6490625
2020-08-18,150395.7165625
2020-08-19,122276.345625
2020-08-20,122037.4209375
2020-08-21,96442.22129032259
2020-08-22,85520.72572826088
2020-08-23,84255.59409473684
2020-08-24,98543.16
2020-08-25,81749.70415625
2020-08-26,64450.08193750001
2020-08-27,74265.46206250001
2020-08-28,102040.61074468086
2020-08-29,100175.19354838709
2020-08-30,80772.87232258065
2020-08-31,58225.0614375
2020-09-01,100658.675875
2020-09-02,87268.77657446808
2020-09-03,69037.4359375
2020-09-04,65253.87178125
2020-09-05,71751.92867741936
2020-09-06,79052.2149375
2020-09-07,165780.97276595744
2020-09-08,193396.2609375
2020-09-09,241700.3434375
2020-09-10,268341.92093749996
2020-09-11,292594.2515625
2020-09-12,264164.82189473684
2020-09-13,303278.0824468085
2020-09-14,282981.22000000003
2020-09-15,256846.98875
2020-09-16,187284.50843750002
2020-09-17,173459.323125
2020-09-18,129830.49531249999
2020-09-19,112191.954
2020-09-20,120526.09421052631
2020-09-21,138142.7146875
2020-09-22,103807.46728125
2020-09-23,112158.91750000001
2020-09-24,116362.0841170213
2020-09-25,102176.87051612904
2020-09-26,49637.893531914895
2020-09-27,162049.93187499998
2020-09-28,63779.72043157895
2020-09-29,63909.40421875
2020-09-30,82265.6045
2020-10-01,99754.16361702127
2020-10-02,93535.56967021276
2020-10-03,107541.33861702128
2020-10-04,109396.02284210526
2020-10-05,68840.11736842105
2020-10-06,100075.25873684211
2020-10-07,99669.3506875
2020-10-08,89548.972875
2020-10-09,70658.06876842106
2020-10-10,101818.09556842105
2020-10-11,86948.98790526316
2020-10-12,122789.66576842105
2020-10-13,104296.02967021277
2020-10-14,141761.90512903224
2020-10-15,143203.54010526318
2020-10-16,100702.33125
2020-10-17,77023.76241935484
2020-10-18,189908.70568421052
2020-10-19,127135.87815789474
2020-10-20,99203.89
2020-10-21,124418.9365263158
2020-10-22,150950.69712765957
2020-10-23,346042.5890625
2020-10-24,363637.475
2020-10-25,368032.509375
2020-10-26,334002.0274468085
2020-10-27,259332.5084042553
2020-10-28,255294.1490526316
2020-10-29,241064.11136842103
2020-10-30,196155.47393617022
2020-10-31,162676.49736263737
2020-11-01,229255.611875
2020-11-02,176580.0925
2020-11-03,148437.714
2020-11-04,173978.46812499998
2020-11-05,149008.97869565216
2020-11-06,140891.8234375
2020-11-07,120863.80186813188
2020-11-08,141907.87535869563
2020-11-09,90307.43167021275
2020-11-10,119492.67274736842
2020-11-11,251168.7775531915
2020-11-12,155682.60322580647
2020-11-13,196499.11484210525
2020-11-14,105108.57443749999
2020-11-15,189455.6336842105
2020-11-16,202660.45989130437
2020-11-17,175866.45442105262
2020-11-18,111243.9244375
2020-11-19,126960.44937500001
2020-11-20,208746.4346875
2020-11-21,162505.7227173913
2020-11-22,143972.57021052632
2020-11-23,144717.75442105264
2020-11-24,140595.39536842107
2020-11-25,199554.82369565216
2020-11-26,209555.03380434783
2020-11-27,267696.9950526316
2020-11-28,252392.56733333334
2020-11-29,254849.95516129033
2020-11-30,202126.746
2020-12-01,209630.1485106383
2020-12-02,168683.13782608695
2020-12-03,136459.93417582416
2020-12-04,153027.50387096775
2020-12-05,137802.44494736844
2020-12-06,152416.9976842105
2020-12-07,132443.9184375
2020-12-08,117756.54574468084
2020-12-09,160852.60978723405
2020-12-10,117519.12688421052
2020-12-11,168972.46369565217
2020-12-12,250240.9439361702
2020-12-13,345945.249375
2020-12-14,385937.1125
2020-12-15,372609.54574468086
2020-12-16,334638.3830526316
2020-12-17,311092.3694680851
2020-12-18,249749.5766292135
2020-12-19,272625.7235483871
2020-12-20,242633.1253846154
2020-12-21,247265.26193548387
2020-12-22,188314.07489361704
2020-12-23,166615.4205319149
2020-12-24,262176.6704210526
2020-12-25,203713.11358695652
2020-12-26,184969.62473684212
2020-12-27,150633.85466666668
2020-12-28,192814.14652173914
2020-12-29,166119.44494736844
2020-12-30,187783.005625
2020-12-31,218254.78372340425
