w_con_coal,w_con_ng,w_con_nuc,w_with_coal,w_with_ng,w_with_nuc,coal_output,ng_output,nuclear_output,wind_output
0.6150211674661891,0.7545068407790985,0.2864644230079056,0.2931253668603313,0.6083643195704473,0.0643663609084594,312.75733498820426,693.5671131886699,956.1720092688888,900.8160104975613
2.687211906930248,0.4642142850123845,0.6177064891945818,0.4234379827797967,0.072641016001031,0.816590724703062,308.28442146397583,698.0400262405578,956.1720092814228,900.816010782529
1.9126134300401,0.2580648507592419,0.999378037871648,0.4394934463639495,0.333942289309097,0.6031502633362893,308.284422939922,698.0400252052365,956.1720090251756,900.8160106005868
2.781400323677958,0.4994624212279579,0.9248211660268087,0.3261624121772021,0.2162836562165114,0.3020269798114713,308.2844214728569,698.0400261915747,956.17200932661,900.8160107775316
1.251038428454436,0.4789854712968193,0.654898104410362,0.1319205526104012,0.5681402163040219,0.6645220978335762,308.2844259476057,698.0400233845579,956.1720079944756,900.8160105737628
3.843996558302081,0.559145077727536,0.3808223517566971,0.4444828095018125,0.170971249502844,0.9595031528639382,308.28442033579944,698.0400270737028,956.172009394218,900.8160109609076
2.4821340833981838,0.5692379715780816,0.0892690678800617,0.0234064951127875,0.5500927436049312,0.951317782968124,308.28442135508567,698.0400263267411,956.1720093225626,900.8160108936668
2.542713742596729,0.5644269002518679,0.3393811428312634,0.1041633939845868,0.9448181970382152,0.4355521403335854,308.2844220069044,698.0400257089509,956.1720093464338,900.8160107504116
0.4901244667102872,0.0247138009929828,0.5672782458288778,0.2186019209256866,0.3917496726828975,0.927452662011481,1264.4564462525873,698.0400128270203,-8.838956110432889e-07,900.8160095803992
4.719439153494182,0.6490488957262246,0.9415004933116726,0.086306216448151,0.0534432910041518,0.203947141348372,308.2844200452718,698.0400272793859,956.17200943092,900.8160110076176
1.9451513611404825,0.1796646415227747,1.0,0.0,1.0,0.0,455.6926818036919,632.3760073811103,874.4277682143879,900.816010586268
0.0002768286504495,0.3971897751086368,0.2576884839818087,0.2884747660226363,0.5048050616180536,0.7204236492329332,1699.5828770816372,262.9135808274777,9.4447333326539e-07,900.8160088816818
2.472711878216167,0.6658244755820335,0.2888076403938204,0.0049025518575155,0.4914685075710107,0.6098475541808559,373.9484248850755,632.3760235558098,956.1720088528484,900.8160106064284
4.250001776788849,0.1704876872642169,0.4416355098228984,0.2041373161329393,0.7980678461720393,0.7466013859385936,308.28442027125647,698.0400271085784,956.172009410926,900.8160109735036
0.7367495532392052,0.0,1.0,0.0,0.8130560708979474,0.0,1333.4496336229456,238.3920314061061,390.65479360477497,900.8160091010096
1.1766691073726765,0.3446954921798037,0.4348776125956322,0.0,0.4841202954197824,0.0,767.9325384666197,238.3919117134965,956.1720084556924,900.8160091411816
4.923358936776258,0.2557062970604064,0.8753657592170326,0.2365853858032695,0.598431315179549,0.0489467214906929,308.28441984823587,698.0400274199246,956.1720094501292,900.816011043616
0.4116815464753017,0.398465500771642,0.0996485084003425,0.2167687134856285,0.1442685972769438,0.3952242546848317,308.28444086502105,698.0400086584569,956.1720086508968,900.8160096439784
1.1122679666411757,0.6544087700672468,0.1787126267279294,0.3079744447739735,0.8776119327819003,0.0954096203426387,308.2844283081889,698.0400200228481,956.1720092489928,900.8160101939234
1.38207536355269,1.0,0.0,0.5,0.1803804665143237,0.8868791575663163,308.2844242659335,698.0400239177128,956.1720091449636,900.8160104437386
0.1128207089176449,0.566777602668567,0.6636516341622107,0.0731260986237614,0.2094170535470864,0.3759289633892311,1699.5829150509253,262.9135440685538,6.863937926904504e-08,900.8160085475917
1.7746072243374322,0.6555242928805585,0.1359684567749426,0.4239251924268727,0.0461220722752907,0.705812842982312,308.2844230865021,698.0400248870795,956.1720092463272,900.8160105515036
4.780468727696227,0.1408614523356441,0.3965308031235216,0.2034419927629357,0.1240775542206675,0.4011484594160876,308.2844199111395,698.0400273774809,956.1720094466878,900.8160110272069
2.897075897291553,0.702871288054199,0.4649552368710179,0.2527582173358552,0.1601304738237287,0.6807036864759176,308.2844214558298,698.0400262024015,956.1720093277196,900.8160107825332
0.6150211674661891,0.7483993144398706,0.317915422909142,0.2987863956408418,0.6084548148637959,0.3104024365362194,308.28447557271926,698.0399729670698,956.1720090341854,900.8160103273996
3.2773486544092534,0.2101901369658741,0.9334438759678612,0.0910496580393634,0.7549999874911737,0.6169656432738914,308.2844213036716,698.0400263511924,956.172009296569,900.8160108164674
2.848326776374208,0.749002752068686,0.9930426825287384,0.0310243354251199,0.5218851064615615,0.1477039631334375,308.2844212487609,698.0400263771216,956.1720093546396,900.8160108742032
2.6678033703164674,0.5147745980682724,0.3694918449897067,0.3058829506174388,0.3971537913654823,0.1139241690081367,308.2844216239299,698.0400260091944,956.1720093867864,900.8160107491112
3.639230884669852,0.6297179451324258,0.3727461463863382,0.2231280161392738,0.6333056985357759,0.5830703557650311,308.2844207229775,698.0400267456649,956.1720093977732,900.816010899778
1.5861504714903771,0.2196323317986988,0.678909934051081,0.2394472493881935,0.7343209692589755,0.041377666648798,308.2844245955037,698.0400235548539,956.1720092283956,900.8160103939696
4.468984841245456,0.0904516142537937,0.7714149129510426,0.4196276762335625,0.3772223394776746,0.5193607240261884,308.2844199617718,698.040027350223,956.1720094277032,900.816011022962
0.4185224942440452,0.398465500771642,0.0861553246113691,0.2167687134856285,0.1346226445371067,0.6711603493129742,308.2844397587957,698.0400115676014,956.172006667232,900.8160098665436
0.3006303043339006,0.8957440161369145,0.9168128054395348,0.3811491640240766,0.902400474041328,0.3086317021652664,1699.582857825176,238.39201294773727,24.52158746387656,900.8160094972536
3.1061271465707727,0.9236433235212146,0.0,0.0,0.8160660199663444,0.0,373.9484287815656,632.3760193105817,956.1720093426152,900.816010423476
3.3524169897084164,0.3153737667750971,0.8360315742520689,0.3578795306053663,0.881416066754939,0.7025107454281558,308.284420884266,698.040026659319,956.1720093407804,900.8160108822208
0.8120210226187531,0.5826802650891897,0.6559353863485007,0.2171174159080529,0.59774429108895,0.2712226845955529,308.2844336711581,698.0400155492166,956.1720085395232,900.8160100573308
0.0,0.0,0.9201778759736734,0.0,1.0,0.0,1962.4964444648936,1.607849572452577e-05,-7.874813693550845e-07,900.816008064283
1.5390036328553696,0.7180033607217491,0.2648511767072722,0.4206576867542829,0.0460144667993333,0.3640433359807458,308.28442375473594,698.0400242869414,956.1720092642796,900.8160104662176
2.518676551412483,0.8997104847570208,0.0880290258415111,0.3374728672992142,0.9291390096603752,0.6754866749223989,308.2844220356416,698.0400256651275,956.172009343626,900.816010724972
2.759873903434189,0.3627279861067637,0.0798927083078377,0.0,0.8090380411141215,0.8136833041973325,455.69266819296894,632.3760218274823,874.4277674440236,900.81601043639
0.7367495532392052,0.0,1.0,0.0,1.0,0.0,1333.4496336312388,238.3920099506444,390.6548150519386,900.8160091010128
0.750874227553344,0.3935589719083064,0.5915005257333398,0.280333216716613,0.5173099282005127,0.6144881894845721,308.2844379792446,698.0400184088913,956.1720013573546,900.8160100716848
3.5516385183340504,0.8881938257924343,0.0,0.1024696922847801,0.3943490225758765,0.1569051621086284,308.2844208969518,698.040026574705,956.172009430599,900.8160108647068
0.0388565752745737,0.6822130330098357,0.8909647979054053,0.122348063421051,0.2746087972248459,0.7240929824123375,1699.58292674016,262.9135335854788,-1.1599380563644555e-06,900.8160085699336
0.0,0.0,0.880232754212535,0.0,1.0,0.0,1962.49644437981,1.607849578111968e-05,-7.023966325355005e-07,900.816008064283
3.1283187053783434,0.987070782029734,0.0,0.5,0.0,1.0,308.2844208537789,698.0400266600177,956.1720093781522,900.8160108747952
2.000518562737973,0.6924453458498337,0.2022498127078287,0.1914556895362808,0.2387214650490138,0.4358982149129496,308.28442327873864,698.0400246737943,956.1720092876184,900.8160105314544
1.1361509831939245,0.0809001776112476,0.7498080254881195,0.1130118753325687,0.7002004547277932,0.9798324173269404,1264.4564377931918,698.0400203485243,-4.376839506250705e-07,900.8160100704876
4.0234995747295645,0.0006251223878194,0.282332737645537,0.4188257206811576,0.4667091956769528,0.9954024904009434,308.2844202251539,698.0400271565527,956.1720094047854,900.8160109776496
0.627041333501004,0.5918410908411819,0.8114955194321217,0.2766295674435398,0.7503368062317224,0.3009054561380542,396.339167128913,609.9852837680191,956.1720066818116,900.8160103226496
3.796897284639277,0.9983282699245792,1.0,0.370271927181229,0.3725844380381946,0.4714843308253876,308.2844204785744,698.0400269563817,956.172009385758,900.8160109443686
3.137766771981904,0.5768001984285192,0.7298652019188425,0.3158215846204715,0.2977040829830114,0.334704319558736,308.28442106316,698.04002649284,956.172009371303,900.8160108401512
3.3193726743321585,0.4460319598425402,0.2970121486767631,0.2007823465972308,0.7608392333039976,0.5222239780769905,308.28442105047566,698.0400264818082,956.1720093882165,900.8160108468256
1.0055806886759633,0.8181961818027488,0.7092999889780713,0.0752334281634984,0.1476309378730176,0.4947099726340444,308.2844343380545,698.040018578341,956.1720048298652,900.8160100709218
0.4322028161101515,0.8467188607544449,0.4374053928622523,0.3414766472628053,0.8402021822613204,0.6511055472425896,1543.02276302028,238.3920157412164,181.08167943170545,900.8160095406396
3.236828605928601,0.9739226211642368,0.0,0.0,0.5208958881253939,0.0,373.9484245610945,632.3760231544244,956.1720094231076,900.8160108458408
3.3977826145472427,0.082544124471616,0.3624056422529755,0.2679611825775265,0.5334021555104763,0.3420076529360394,308.2844208209728,698.04002666743,956.1720094060246,900.8160108723832
4.497543587217444,1.0,0.0,0.0,0.6015405132918922,0.0,373.9484225795223,632.3760249676222,956.172009452702,900.8160109837148
1.9891215120564345,0.6078012354146006,0.1407918119559244,0.0,0.0178680812390788,0.4339686312035822,373.9484317921758,632.3760171501011,956.1720086926932,900.816010266518
3.622409928036483,0.2261653899276083,0.5748214762599257,0.0522440963080721,0.4468325012006872,0.7201317762304404,308.2844199900066,698.0400274113881,956.1720094175636,900.816011076361
2.0333613909946777,0.7718484592092802,0.8464990986619375,0.28341418722328,0.4012675425217638,0.1902778520489973,308.28442303292314,698.0400249109676,956.172009248277,900.8160105789703
1.941243753987654,0.5502551574144176,0.0799142185319015,0.068311978962345,0.1882294475073529,0.156933675556661,308.2844237942944,698.0400241961173,956.1720093277164,900.8160104541472
2.7057104319580154,0.6077794687840574,0.716639697020091,0.3138140006488687,0.2237643627970862,0.594483160319385,308.28442163581644,698.0400260799614,956.172009293958,900.8160107591189
2.8590128772190364,1.0,0.6247912225313446,0.0,0.0,0.999064788378782,1254.622073128633,684.5688345187726,23.3055500176652,900.8160101091572
0.8725363425613698,0.8539457865650639,0.7649512919050062,0.0568114319017183,0.1296273195486579,0.5365844547135253,1264.4564413516132,698.04001451769,2.1185732684245604e-06,900.8160097876864
3.410153809715724,0.4364727678759343,0.4811179905851304,0.0,0.0,1.0,448.8722154142578,698.0400212050095,815.584220817496,900.8160104213538
4.163070331365585,0.956022103772504,0.3092562775847633,0.284280387750892,0.6134930065864448,0.5016539079373827,308.2844202776297,698.040027081432,956.172009430369,900.8160109747912
1.3478113049213136,0.0,0.9184475365861544,0.4575800309298744,0.1630456393152329,1.0,1146.2756517481168,698.0400241420349,118.18078146295136,900.81601041946
0.2112951723885012,0.6658623164207353,0.0808158577607981,0.1821844808715825,0.8301821413520216,0.1875405258470076,767.9324570249712,238.39199329358115,956.1720086181608,900.8160087987122
4.37959163551675,0.4838826982125221,0.556275088388328,0.2136834621767822,0.5549437529942162,0.0708110861047667,308.2844201543639,698.0400271765137,956.1720094440713,900.8160109888586
2.527386545643115,0.7491835868666559,1.0,0.5,1.0,0.1512646049204868,308.2844217024213,698.0400259611451,956.1720093356512,900.8160107694724
2.890258341303621,0.8146253996097076,0.665546431593957,0.0003668939462785,0.2654033390026081,0.0032543139539785,373.9484267064428,632.3760215025534,956.172009164226,900.8160105272837
0.6149278644396601,0.5502551574144176,0.2926376158044479,0.0669804770680184,0.1882294475073529,0.0613144695517848,308.284436700403,698.0400117751306,956.1720091658362,900.8160103024657
3.488947511298803,0.9632665794257228,0.8911454227965198,0.3774951015081012,0.4058365988093048,0.3782942102705813,308.28442070903384,698.0400267685508,956.1720093831736,900.816010905308
1.2231357584761309,0.4701654732856353,0.6535078577356198,0.3109474089720629,0.7815761893944759,0.536398790668789,308.28442693311433,698.0400218718318,956.1720087091616,900.8160102594844
3.8681550530875466,0.7950752318825283,0.7448421278374368,0.2166524186536326,0.5164110026127684,0.8885569944718287,308.284420591243,698.0400268880619,956.172009356597,900.8160109295744
1.9413376306400991,0.7545068407790985,0.0737424726054133,0.2944593932726795,0.6083643195704473,0.1599855730820443,308.28442321991963,698.0400246435221,956.1720093539722,900.8160105539826
3.4419137445376053,0.5525831185636537,0.3207655968891376,0.4063843945987486,0.309932440358664,0.2344812318297292,308.284420637274,698.0400268019073,956.1720094232168,900.8160109037046
2.0391419651077927,0.9260200464460114,0.8910708152435419,0.3571344525220651,0.1422317498694713,0.9614192051723178,308.2844233031069,698.0400251528698,956.1720087068164,900.8160106080396
1.547524469566421,0.99121572146919,0.6407473298350227,0.2709281270557381,0.300910589355256,0.0902625068766676,308.2844247588652,698.0400233971084,956.1720092227492,900.8160103940056
0.0388565752745737,0.0348984084431458,0.1085866068286507,0.122348063421051,0.2754466450482434,0.7759195503348231,1699.582912813263,262.91354686046657,-3.0724133909724545e-07,900.8160083694949
1.5406264531287892,0.8643221265786146,0.9246788462448584,0.4655385846191874,0.3075123679143172,0.0998199163237167,308.2844238305266,698.0400242557439,956.1720091980144,900.816010487707
4.250001776788849,0.1704876872642169,0.4416355098228984,0.1373477140761324,0.5008804515239038,0.7497488743974242,308.2844203062261,698.0400270870705,956.1720094070416,900.8160109641968
3.410153809715724,0.4364727678759343,0.4770440596925457,0.0,0.0,1.0,448.8722153716192,698.0400212036275,815.5842208616534,900.8160104212172
0.9523097509407228,0.4129875873711396,0.9951602106436994,0.0388084738605675,0.390998026679968,0.1639740963382586,308.2844305581226,698.0400199523745,956.1720070491122,900.816010341718
1.3813138083228944,0.4599729009093883,0.6344704896346821,0.1396444235004997,0.5904326049051095,0.6467966191779736,308.284424478017,698.0400240912957,956.1720086996328,900.8160106311676
4.026009263243994,0.2342639088710453,0.8998201244743123,0.4745433075527063,0.6261544773881683,0.956122664258844,308.28442023755497,698.0400271692313,956.1720093717736,900.8160109853573
3.790896223809313,0.2550568259915003,0.5812112122264717,0.465707716058406,0.9558393028461932,0.7255175324914785,308.2844203887689,698.0400270199049,956.1720093983008,900.8160109577484
1.1515261642987666,0.3209861545639546,0.5424894770939112,0.3101407935167991,0.1879829469108914,0.7729947952956415,308.284425336387,698.0400237430481,956.1720082916232,900.816010486986
3.192143055685745,0.8228449672869176,0.0804043538282712,0.1022909008998796,0.4075019843066051,0.2167223767970765,308.2844212932995,698.0400262612609,956.1720094100943,900.8160108034756
2.3788054972307897,0.8702561961723515,0.1829214674422554,0.0315169840475022,0.942300784501424,0.7335393392994981,308.28442215682907,698.0400255976032,956.1720093143851,900.8160107869684
3.4359548993958056,0.5343594650119449,0.6661647666865412,0.3095004485942191,0.8018421283461717,0.82875388717017,308.28442087043135,698.0400266660172,956.1720093442837,900.81601088578
2.433537284944564,0.4009242405651426,0.0035124674913269,0.1129157229123906,0.8446720260765106,0.3858130416799832,308.2844225458569,698.0400252335892,956.1720093562668,900.8160106348184
4.85112697464673,0.2140462550367336,0.5388384371853523,0.0901584605663452,0.0228320646618567,0.8797352690900991,308.2844199712895,698.0400273529809,956.17200941766,900.8160110208064
5.0,0.2140462550367336,0.4320414054004515,0.0763932144363791,0.0228320646618567,0.8797352690900991,308.28441968398835,698.0400275922444,956.1720094410946,900.8160110881676
0.7478968481377638,0.2253015554655743,0.6231283304801044,0.3596746533549564,0.13751943342513,0.4900343284220514,308.2844262576206,698.0400228586049,956.1720083227704,900.8160104619072
0.2983004390956602,0.547441443788689,0.0740689507392395,0.4484472620413748,0.7745323450710933,0.9797291944221894,1699.5827557547618,261.5638381935132,1.3498642340803997,900.8160095514592
2.869376970022895,0.6108168465182631,0.9739451621286864,0.0,0.3025177387968137,1.0,1254.6220802602606,684.5688358650682,23.305541394357107,900.816010296308
3.907634766650922,0.0,0.9889623477144068,0.0,1.0,0.0356351446160536,455.69250770081175,632.3760246689005,874.4279247951229,900.8160108195632
1.3350578924489809,0.2848875588469411,0.6125800028938287,0.0443940783255719,0.3643117263830061,0.1940204657600309,308.28442730632946,698.0400213366543,956.1720090010812,900.8160101302096
4.845842369796206,0.4347087800117928,0.4470001404283102,0.1242923315438191,0.2132578627702915,0.9021531245443396,308.2844199662132,698.040027350268,956.1720094218954,900.8160110242488
3.236828605928601,0.9739226211642368,0.0,0.0,0.5208958881253939,0.0,373.9484245610945,632.3760231544244,956.1720094231076,900.8160108458408
2.648539227118841,0.4902705840045285,1.1796597394113568e-05,0.0979969324772239,0.2730052669702575,0.0196042286743419,308.2844219983218,698.0400256835762,956.1720094018297,900.8160106861744
1.818419926848351,0.1583524902290118,0.9210419202836148,0.209387789663082,0.4678566156270072,0.0543970491693909,308.2844237402622,698.0400243522159,956.1720092058752,900.8160104737584
4.860238952064011,0.6594829297763023,0.045788368453688,0.011305532537239,0.235049111124838,0.7826552758418618,308.2844195478561,698.0400277914553,956.1720094613476,900.8160112239178
2.0937232654759947,0.427341252664882,0.2553683128802497,0.2160274170376424,0.2870283106544586,0.1925132470653656,308.2844228624149,698.0400250006339,956.172009336228,900.8160105719356
3.414372496403375,0.4723033279814532,0.1706300347975059,0.4558268006555332,0.852420743287639,0.2021860087295496,308.2844206481432,698.0400267776777,956.1720094318636,900.8160109083112
0.7420098212878243,0.9913469539003787,0.4876091944723411,0.1455719146517971,0.5978315620678085,0.8836045025111187,1699.5828337905791,262.9136240498368,2.525790039304445e-07,900.816009640563
2.808910597624218,1.0,0.0,0.0,0.9342011483251303,0.1920620904250247,373.9484308011153,632.3760170252322,956.1720093763014,900.816010782124
3.529478816438811,0.8778571546724665,0.8441316247554802,0.057536833932981,0.1494606652179408,0.1247956161677827,308.28442034932243,698.0400270847359,956.1720094222484,900.8160109964168
4.852028468123644,0.2166992987544972,0.6636219282317026,0.4262793395729454,0.0350238196633345,0.555471319601748,308.28441976125083,698.040027500871,956.1720094419796,900.8160110572696
3.446275036187441,0.1266705089077983,0.2054431792826958,0.2869542154453122,0.3961550971484173,0.328898028081492,308.2844207375686,698.040026728152,956.1720094176344,900.8160108832108
3.885533306488193,0.9901688448130548,0.6820287452270344,0.1678678380949115,0.1230024101964669,0.0999711442505873,308.2844205378787,698.0400268830867,956.172009420604,900.8160109240398
2.12404005521677,0.0,0.8561255233926166,0.0,1.0,0.0,455.69265897624166,632.3760165141874,874.427782055883,900.8160103971712
1.0975996745046228,0.2583306623292925,0.2862774425387097,0.3381731011527993,0.1639194437684303,0.0093178066912381,308.2844259692641,698.0400223441719,956.1720092531552,900.8160102072952
2.897075897291553,0.0517796634351321,0.4649552368710179,0.2527582173358552,0.1609683216458578,0.6807036864759176,308.2844213881472,698.0400262700844,956.1720093277196,900.8160107825332
4.17035141358393,0.2507165675635255,0.2698576916637499,0.4072752478316601,0.4808467972280567,0.5587344059158895,308.2844201317484,698.0400272057702,956.1720094343028,900.8160109918864
0.6131412951771965,0.3324185303255027,0.3571898910117312,0.266148038968944,0.9087922479744982,0.5173677013994585,369.552680555184,636.7717692692155,956.1720080551044,900.8160099380916
1.0987459882392423,0.217336072171418,0.9390404927402364,0.1650835792918418,0.4789856303201489,0.1101847358770167,308.2844273828844,698.0400214455622,956.1720087645364,900.8160102235918
0.0417239455712501,0.0,0.8561255233926166,0.0,1.0,0.0,1962.496435798651,2.4135151029940143e-05,-6.680594597088551e-07,900.8160085959828
4.560031990883879,0.3017582614677395,0.6625346228625939,0.0437739705768818,0.3941386263803901,0.2440949772121605,308.28441972665104,698.0400275690646,956.1720094569772,900.8160110974976
1.2158963552713151,0.2188193100082733,0.8092785083710399,0.0880930392509543,0.4866600338105717,0.2965576945097553,308.2844284739358,698.040020709382,956.1720085053852,900.8160100857824
2.17550086971685,0.778885237444419,0.3890535961415059,0.1758975570474938,0.8622119482339416,0.4639915009728244,308.28442374046443,698.0400242599432,956.1720092440972,900.8160104842212
0.2573055102186977,0.0345650418151062,0.6654393728389486,0.2404980629312776,0.4054432876663739,1.0,1264.4564610768105,698.0399986146784,-1.1959965838709371e-06,900.8160092813
3.421731133344986,0.2191819742366629,0.3330974051107414,0.0901691401587261,0.4812918509080288,0.593751202708518,308.2844207265852,698.0400267754668,956.1720093955844,900.8160109125646
0.6526578095712358,0.3263414521530134,0.5664832170826882,0.4427811677900099,0.1355723247713345,0.7714332312271929,1034.7114915226766,698.0400221392448,229.74494386821348,900.8160103286684
3.998836036538434,0.19542364943666,0.3016485987002143,0.1288291416430913,0.7052638648788594,0.0026414236059974,308.28442046448333,698.0400269270373,956.17200944139,900.8160109324862
2.048197131848009,0.1455064490776291,0.4506389553310906,0.0094432848294832,0.6355559631799245,0.1793361620929409,308.2844227065816,698.0400251100801,956.1720093310996,900.816010794234
3.5759631901923483,0.1769488465918574,0.6403077141475649,0.0548906945751259,0.8316176121196751,0.2304604629125586,308.28442032167334,698.0400271011031,956.17200942788,900.8160110019544
1.6336926814768002,0.3978385944912175,0.0861553246113691,0.2167687134856285,0.1346226445371067,0.0160016414266112,308.28442350413206,698.040024434003,956.172009357514,900.8160105192384
4.37959163551675,0.4777751722088491,0.5877260881447527,0.2193444909572937,0.5550342482875646,0.3168420289449491,308.2844201610536,698.0400271800746,956.1720094330508,900.816010989593
1.9675744853372623,0.0315520924123823,0.4126334896806239,0.1798605350032124,0.3605409591366865,0.8627918129467387,308.28442350426167,698.0400247088426,956.172009043564,900.8160105150872
1.0335270911533216,0.1339946338287542,0.5935676278531477,0.2945619549822439,0.7966329517766444,0.781132117095667,308.28443026708374,698.0400216865656,956.1720055822864,900.8160102803784
3.3781534406305647,0.3820845518219481,0.9932096530667528,0.3860329397455866,0.6588967481299529,0.3718926115827385,308.28442078461336,698.0400267212208,956.1720093694868,900.816010891082
4.524461255530935,0.61088124350898,0.7981314504980416,0.3331576559769822,0.953698295157798,0.8447424945991352,308.2844200642186,698.0400272746045,956.1720094058608,900.8160110181584
0.8112170246038767,0.8769882517305996,0.0,0.5,0.3101632275582783,0.0,308.28442752260105,698.04002080462,956.1720092932384,900.816010153712
0.0388565752745737,0.0348984084431458,0.8909647979054053,0.122348063421051,0.2754466450482434,0.7240929824123375,1699.5829133524053,262.91354723275765,-1.2186751392689158e-06,900.816008369495
2.1208259410040515,0.4580020770565611,0.2717303969598679,0.498152158455493,0.4435562222366119,0.0968061960527687,308.28442211680624,698.0400256000979,956.17200937584,900.8160106772629
3.357364400653108,0.4570400037721183,0.7744396753011978,0.0746273968161679,0.2111107416321003,0.7291314326734102,308.28442085837673,698.0400267199906,956.1720093323344,900.8160108997432
0.5233438151244408,0.8933420181026082,0.0276731187542139,0.239493454862268,0.4900166719430165,0.334845483613863,767.9324243480064,238.39202505503388,956.1720088807848,900.8160094503062
0.6672650751814397,0.9983282699245792,0.3580256023812167,0.370271927181229,0.3725844380381946,0.1404719462479632,308.2844351809084,698.0400136095702,956.1720090549752,900.81600992967
2.5864295319217763,1.0,0.6207172916387593,0.0,0.0,0.6370405462659312,462.34340260720336,684.5688339557638,815.5842210196269,900.8160102763416
1.3911437083480749,0.1841428834442381,0.3124243499041592,0.1840030126469216,0.9417797210490748,0.0592768099297016,308.2844261747209,698.0400220791347,956.1720092537493,900.8160102659624
3.3136343279258016,0.6559423419311509,0.4795257294270037,0.1203074857186949,0.2556380179169333,0.1849968536256339,308.2844211060629,698.0400264350558,956.1720093973734,900.816010829171
0.4185224942440452,0.398465500771642,0.0861553246113691,0.2167687134856285,0.1346226445371067,0.7757484115630534,553.8284351475451,698.0400080179528,710.6280151479541,900.8160094629768
2.5864295319217763,1.0,0.6247912225313446,0.0,0.0,0.6370405462659312,462.3434026832993,684.5688339624443,815.5842209366577,900.8160102765336
4.22088557254078,0.3912102695068368,0.4091597358717489,0.4053069993167433,0.9252147471823764,0.5147380080341217,308.2844201411169,698.0400271927541,956.1720094327898,900.8160109968806
4.451695580373447,0.0086228067541082,0.5672354829887011,0.4524298928334447,0.264761528760372,0.8241068443339566,308.2844199489191,698.0400273673024,956.1720094212678,900.8160110251116
2.3181644754508937,0.0,0.0,0.0,0.977466584892682,0.378091287361864,373.94843587722494,632.3760130240796,956.172008982575,900.8160099335464
4.563336860054018,0.9911998675649986,0.1740729767303152,0.4161111017260959,0.4941933631184961,0.3115463995634453,308.28441993259344,698.0400273419456,956.1720094565704,900.8160110312604
2.013380050662295,0.386302891277313,0.3709293700221296,0.0834925138818781,0.3457446860488841,0.3691933763607389,308.2844235977304,698.0400244332014,956.1720092522093,900.816010488844
4.48439648595741,0.2733207352630143,0.4604437887809341,0.043642269806853,0.0669774694989848,0.4948334697389122,308.28441974908515,698.040027558572,956.1720094514862,900.8160110912412
0.4185224942440452,0.398465500771642,0.0861553246113691,0.2167687134856285,0.3265984098726394,0.7890279160906124,878.3875723104592,698.0400001002034,386.0688858893048,900.8160094764582
4.552806739125589,0.7291678645948805,0.6576390910562219,0.3070012657686605,0.9297395092271592,0.2549101308116014,308.28442003506973,698.0400272683303,956.1720094416517,900.8160110177964
2.4112588848013567,0.6001133743208166,0.274458244506842,0.4649740768282148,0.9993103465529416,0.95965843949459,308.2844219716495,698.0400257860022,956.1720092756138,900.8160107359444
0.5331937027008258,0.6498321042512153,0.7436623237430263,0.0112625064820196,0.3845119290949106,0.2847172306582139,1699.5828644597846,252.15325855679416,10.76033554734355,900.816009170846
0.988552405263426,0.115693108205612,0.7931791063847903,0.0883559328709626,0.5026775450684776,0.1793406180058002,308.2844297739226,698.0400194484737,956.172008522884,900.8160100718956
3.815009031863079,0.5379824023886721,0.3872179592959868,0.3152791902101586,0.3191160123313407,0.2383882289087688,308.28442043521113,698.0400269622631,956.172009429552,900.816010938227
0.4206821882214123,0.940252016750223,0.221660737698353,0.1715437081110532,0.6272141431987318,0.4719016625247667,767.9324451519499,238.39200625471727,956.1720071516252,900.8160091764598
3.0302950013499466,0.71901046664431,0.4615703973596847,0.4018534848936492,0.9487273127186874,0.2481861925330446,308.28442114680206,698.040026383775,956.1720093970304,900.816010839866
1.618872821940778,0.3038228858038371,0.4787564246167327,0.0704183653160972,0.4885664972217209,0.7337955543151581,308.2844257454947,698.0400229819504,956.1720087340152,900.8160103118188
4.206450603484747,0.0360927830999933,0.8324548154679254,0.4019453780264466,0.3537037219744417,0.3188629716911499,308.2844201077739,698.0400272355861,956.1720094252858,900.8160109949624
1.1566776784967343,0.1239209235934356,0.8507473128500271,0.2991528051903361,0.1929400256352825,0.7026364495285405,308.2844318825487,698.0400231350118,956.172002449931,900.8160103484768
4.738033205442604,0.5389802699300881,0.1866150098355987,0.3757607105364466,0.8492433591394786,0.7693865964583556,308.28441988525736,698.0400273906301,956.172009443682,900.8160110423804
3.372951863187587,0.6913552998312179,0.2418259210516293,0.0865330234138604,0.7767339134069006,0.1752544811869167,308.2844208266593,698.0400266527461,956.1720094265088,900.816010904444
1.3766013409741742,0.0134286693490876,0.8921537834445334,0.49823977747399,0.1578508017717307,1.0,308.2844307053046,698.0400247686118,956.172001788914,900.8160105518144
2.4415555834866955,0.5943315293626701,0.4454881513577975,0.1003416239051943,0.0092697491204979,0.5583281720891428,308.2844224569838,698.0400254119949,956.1720092688148,900.8160106327564
0.7415048151140812,0.855636058341627,0.937929271007406,0.1367152486081969,0.8225730049476431,0.4729017076252265,1699.5828529784353,262.9136036586248,1.43781615637553e-06,900.8160096586416
3.4745626660237465,0.0475943710300127,0.5118068762849567,0.2667768768190352,0.4470501547788852,0.105613584887612,308.28442073464583,698.0400267316754,956.172009416517,900.8160108837262
0.4909849552183842,0.0472842911368432,0.7910517844816325,0.1015398225517803,0.4228786997084689,0.3195935434940256,1264.4564527339355,698.0400045421352,1.1186622340809507e-06,900.8160093818487
0.0388565752745737,0.0348984084431458,0.8909647979054053,0.122348063421051,0.2754466450482434,0.7240929824123375,1699.5829133524053,262.91354723275765,-1.2186751392689158e-06,900.816008369495
3.513858002129472,0.518444133124503,1.0,0.0433235154438053,0.1165747795142664,1.0,308.28442015666604,698.0400273535143,956.1720093224222,900.816011062986
1.3751750628871784,0.4883306625970477,0.9937143074333934,0.3714192664184186,0.7386433865732148,0.8897087820548818,1187.7444853857696,698.040023301859,76.7119486988629,900.8160103863012
0.8442555893781258,0.2484523775634478,0.6231283304801044,0.3596746533549564,0.1348870946408452,0.7896311326859592,1045.589073096091,698.0400211319818,218.8673634661583,900.8160100802564
4.116374821477248,0.2246311419766017,0.395748816512185,0.0178762412009658,0.610880652760811,0.6376047579297527,308.28441972117315,698.0400276470942,956.172009444448,900.8160111689194
0.1465869974686268,0.9849957427906328,0.595774181558698,0.4517963261929797,0.298553527868016,0.0925551201432373,767.9324336887819,238.39201655224997,956.172008205438,900.8160092880372
0.0,0.5502551574144176,0.0799142185319015,0.068311978962345,0.1882294475073529,0.156933675556661,1006.3243255793716,0.0001266803322945,956.1720077206512,900.8160077562344
2.931460597750561,0.3342908559510018,0.0081332306801338,0.0,0.8511065058839308,0.8277326143277081,455.6926646635271,632.376021457509,874.4277713278336,900.816010451882
1.8358869977900156,0.0,0.0,0.1659179340600002,1.0,0.5557523693329787,308.28442462037594,698.0400235227628,956.172009236952,900.816010349857
4.127090166818139,0.3448809653857911,0.9586159076910968,0.0004684121814715,0.0824440135812489,0.8708797925782575,448.8722114914459,698.0400245139151,815.5842211510923,900.8160107853296
4.927141229837933,0.7886529177866534,0.8156409372611998,0.3336412042457706,0.9825831584126185,0.6595601066154335,308.28441985317187,698.0400274230857,956.1720094311644,900.816011054064
2.3582837187255774,0.7089327306986893,0.2263794313711997,0.0,0.0,0.1539139405296516,373.9484286274719,632.3760196824611,956.1720092106616,900.8160103805131
0.6321756624691598,0.4026063786359984,0.9879778053117864,0.1676823886036133,0.1960589532265577,0.3268768611193813,1264.456442790731,698.0400143576486,9.516996247327808e-07,900.8160096758183
2.3582837187255774,0.7089327306986893,0.0,0.0,0.0,0.1539139405296516,373.9484251131272,632.3760226582369,956.1720093945696,900.8160108611554
2.6651422772612845,0.5118046253678612,0.8015302390960405,0.0,0.5095297696235952,0.0,373.9484275094063,632.376021189663,956.1720086344214,900.8160106093472
3.543637591307898,0.825054055737577,0.7351641409879467,0.2763324833419948,0.4266027799869428,0.1442952086553665,308.2844207342205,698.0400267299548,956.1720094066284,900.8160108954888
1.2162669181406278,0.7897371771502144,0.0684740966729926,0.3072278629810334,0.7338682155732337,0.0,308.28442606275735,698.0400220392996,956.172009330588,900.8160103831318
2.8259198585015644,1.0,0.9730985310515824,0.1807089849745545,0.3466742790515489,0.0708482774623396,308.28442172887435,698.040025949574,956.1720093405464,900.8160107500104
3.583140456297131,0.6022546956219976,0.3688566449686725,0.2637217257809063,0.6187048516933498,0.513807696257235,308.28442071945733,698.0400267452274,956.172009402624,900.8160108989026
2.964972939334105,0.1175178746035131,0.3412477970481232,0.1805646513077813,0.8830013237732709,0.8519076502509031,308.2844215355107,698.0400261406484,956.1720093139548,900.8160107784364
4.431984082197767,0.0988964466608354,0.7285048853905184,0.0324913216830443,0.1771891941728976,0.3824307756457549,308.2844197650985,698.0400275743525,956.1720094450744,900.8160111097887
4.738813814413458,0.1489668940540791,0.4148537661914839,0.2223032640112338,0.1075434719928408,0.3996418929657996,308.28441992045634,698.0400273708922,956.1720094457344,900.8160110255004
4.770684230553611,0.8467807385248087,0.9171241407555352,0.4610819143618182,0.6495111667666378,0.4155111919193321,308.2844198305916,698.0400274384898,956.1720094383398,900.8160110540828
1.0638379610757898,0.0104207680584911,0.0791328025700368,0.173986236139663,0.3585412065402002,0.5645100121769379,308.2844279476083,698.0400207931148,956.1720089813768,900.8160100525308
2.596793624725635,0.6108168465182631,1.0,0.0,0.0,0.6149120922972098,1254.622068693403,684.5688395135451,23.30554956384452,900.816010003846
4.124961612639831,0.6601873806208864,0.8618140663949104,0.2189773600237586,0.3662713877347312,0.911807519697622,308.28442038281963,698.0400270565603,956.1720093638952,900.8160109613414
4.561736142393606,0.0151631007937628,0.4923358788928799,0.4314249887669983,0.1989614652001675,0.8998490674188009,308.2844199042838,698.0400274016345,956.172009423574,900.8160110328208
4.6241614407916,0.8897060469933101,0.7129917551560774,0.3636687441877249,0.5264204639304477,0.6325265871436629,308.2844199607145,698.0400273433056,956.1720094274274,900.8160110309302
0.2173012332565387,0.8330668792671214,0.4250096079020317,0.496305046136562,0.1338131316317741,0.4853771437158289,308.2844457847792,698.0400059843665,956.1720063746548,900.8160096322276
0.4185224942440452,0.398465500771642,0.8688148947478189,0.2167687134856285,0.1346226445371067,0.7239218436405679,1264.4564499748694,698.0400093330665,-1.0142071039564345e-06,900.8160094826136
3.4271796602819067,0.6869661043600566,0.0350227835669701,0.1978091490915532,0.4532499705565278,0.2585128867669294,308.28442089818293,698.0400265812877,956.172009423944,900.8160108635705
2.1797527160100194,0.5943071162580175,0.5052441952499014,0.2310862433038528,0.6777111271913363,0.2302255296133979,308.2844228276348,698.0400250285875,956.1720093108332,900.8160106038212
4.009754591158068,0.2963292538878343,0.083421900887839,0.2832890927752687,0.3641974125905422,0.1304733685987241,308.28442030122375,698.0400270579959,956.1720094484032,900.8160109571124
2.0822761084610306,0.5024819736141902,0.2832219589695385,0.497289871214258,0.3610368870108008,0.2278223161650407,308.2844221930963,698.0400255513842,956.1720093584806,900.8160106671772
1.3478113049213136,0.0,0.9184475365861544,0.2477750980173645,0.1630456393152329,1.0,1264.4564339018625,698.0400232610476,3.1154093984262e-07,900.8160102988918
0.1067381492133108,0.8204018005217429,0.1511006993593417,0.1017733108256415,0.2275863194902395,0.8299605364049693,1699.5829031108733,262.913555238086,7.086238129979284e-07,900.8160086779044
0.4263587716096916,0.8942173795993946,0.4691151258230943,0.111865184645137,0.3259544282513564,0.1396995345455826,767.9324446675797,238.3920060334754,956.1720079754926,900.816009058438
0.3586658801321559,0.3770113534706205,0.6588999341844813,0.1687889553533841,0.5405664312514864,0.3418482477641311,1699.582843093984,259.2481541202366,3.665461342747435,900.8160091777712
0.2046077955908447,0.0071681345275931,0.6530306167357938,0.1867129067009084,0.397875834425802,1.0,1274.9773242192755,687.5191352153591,-1.3724630911220122e-06,900.8160098402988
0.8480594807748809,0.2415117192651668,1.0,0.0,0.5720437189120038,0.0,1333.4495963168388,238.39209570397492,390.65476661912027,900.8160090934556
0.7266175667118788,0.5582397451061383,0.1098372608213306,0.2858382911155555,0.964793824815376,0.3755684798526504,427.72684448937054,578.5976043899785,956.1720090040404,900.8160098918596
4.284669716777628,0.633720428457819,1.0,0.184219841339091,0.2190362927652738,0.240861779731391,308.28442024722165,698.040027127465,956.1720094149132,900.8160109746352
3.086576634048493,0.2199327618296588,0.4091945439937734,0.1237013543983057,0.3900015607893259,0.3967929836808905,308.2844213539569,698.040026255359,956.17200937055,900.816010788518
2.734370171729096,0.6799334354122746,0.830720411115548,0.2284894997087515,0.2746087972248459,0.7240929824123375,308.2844218257616,698.0400259737492,956.1720092265998,900.8160107429904
2.127684622309729,0.3971897751086368,0.2576884839818087,0.2884747660226363,0.5048050616180536,0.7204236492329332,308.2844227303884,698.0400251797151,956.1720092514628,900.8160106092486
0.9474576429807248,0.6639625052139075,0.2724625436292175,0.4462237335849143,0.3130576452969242,0.3157756289736776,308.2844267355943,698.0400216962903,956.1720091450454,900.8160101970168
2.511095511212853,0.0,1.0,0.5,0.1587783509452157,1.0,308.28442173057334,698.0400261929713,956.172009079032,900.8160107661648
4.006155592856499,0.6969503149615951,0.3841050556823855,0.4589822782340884,0.4795082382577257,0.7873676835529897,308.28442023286925,698.040027135796,956.1720094142196,900.81601098115
1.6327163825353417,0.8658716322076208,0.8617729982039363,0.0902430418856076,0.1101919636386893,0.7741181991934121,308.284425814796,698.0400243277438,956.1720071357375,900.8160105792222
1.4539205472576249,0.5666853479497799,0.971751024474332,0.3008886950092597,0.4584844385875585,0.660658106361669,308.28442460218594,698.0400245276219,956.1720081172774,900.8160106102056
3.262629657579267,0.9699829707317946,0.4910053041509831,0.1578967690369805,0.9147149179863544,0.922708702954163,308.2844213366787,698.0400262888569,956.172009313808,900.8160108283416
3.3892102803544164,0.4880346819963387,0.9762985110227712,0.3183408976342391,0.8990871801271771,0.3736883069792968,308.2844208887996,698.0400266319076,956.1720093654612,900.8160108804595
1.1219953922838894,0.2706249689847754,0.2963868319747007,0.4918671053582493,0.0657121676638983,0.2874293819273424,308.2844248636842,698.0400233740008,956.1720092131352,900.8160103224018
0.9929163127655434,0.1310290384877075,0.0497126551460737,0.2232111892018493,0.8510403614144401,0.351895989000773,308.28442923892004,698.0400193489563,956.172009137143,900.8160100496242
3.4105566361477964,0.6559423419311509,0.4795257294270037,0.1510087941193508,0.4774273139139235,0.1849968536256339,308.2844209896962,698.0400265217212,956.1720094040838,900.81601085173
0.2147897841890347,0.6446371430705494,0.4649742494053648,0.2923124218236257,0.0281667287596009,0.6746073640920767,1264.456467953334,698.0399907515302,-2.440728697305688e-07,900.8160093159412
1.763392799647197,0.2368109083653132,0.0350381679078188,0.0903318789437618,0.4539382938654344,0.0,308.2844243289801,698.040023712446,956.1720093400226,900.8160103912992
2.4415555834866955,0.5943315293626701,0.0,0.1003416239051943,0.3054364806286609,0.5792323123312566,308.2844220152842,698.0400257192698,956.1720093537016,900.8160107247464
3.622409928036483,0.7432864546483059,0.997079615106791,0.0219690564787102,0.2726540758210826,0.7201317762304404,308.2844197147892,698.0400277083681,956.1720093787025,900.8160111796292
1.949826399085537,0.0346627507905156,0.609381751997718,0.4131364681322911,0.9319375150212872,0.3254611257755805,308.2844228055661,698.0400250884766,956.1720092748452,900.8160106020124
2.964972939334105,0.1175178746035131,0.3313704874206731,0.1805646513077813,0.8734430449254446,0.858219583718623,308.2844215336354,698.0400261422564,956.1720093142228,900.8160107784364
4.8476830892841525,0.6693180533287391,0.500270868302386,0.1368387173015714,0.0039948557978483,0.3751928318234144,308.2844199345029,698.0400273580099,956.1720094441964,900.816011025852
0.4909849552183842,0.818960087492111,0.7910517844816325,0.1015398225517803,0.0778508628899815,0.0,737.7726599387886,268.55179104784423,956.1720074231232,900.8160093668884
2.845434572447997,0.424836426396218,0.9127214529670008,0.0262749611488191,0.1346226445371067,0.7691272976015524,308.2844208576394,698.0400268237643,956.1720092553544,900.816010960481
1.6695957355363285,0.4321275231037585,0.4055156946195093,0.0399833473004362,0.5097482885489586,0.0179606156931167,308.2844244851295,698.0400235891859,956.172009294118,900.8160104469512
2.435678578316159,0.498251529293659,0.8260612359331132,0.2415896425353339,0.0515786530570077,0.957409121551879,308.2844224082427,698.0400256745991,956.1720090100558,900.816010677119
2.048197131848009,0.7866739129616586,0.4506389553310906,0.4488960110929086,0.6355559631799245,0.1793361620929409,308.2844225396858,698.0400252485308,956.1720093398178,900.8160106424148
4.397769374632689,0.6300123270205251,0.0286513916283499,0.2314173838196828,0.0480527612492565,0.2270974577933311,308.2844200981732,698.0400272181965,956.172009454242,900.816010993057
0.6458168618022038,0.3263414521530134,0.5700692631234576,0.4427811677900099,0.1355723247713345,0.3972210279659417,308.28442932987656,698.0400199646381,956.1720084947772,900.816009985612
3.9501796974684527,0.2594657440808289,0.4564527965747874,0.0290095972663279,0.4950591054500683,0.4171145750249537,308.28441987587235,698.0400274770045,956.172009449001,900.816011092981
4.83074688465119,0.6653680649272558,0.9114086401908212,0.205019045901722,0.4359684322113097,0.8804964495078885,308.28441996344264,698.0400273625175,956.1720094044013,900.8160110319768
4.986371266419621,0.9067778107493132,0.791629757683638,0.1544763301858856,0.3137542645711811,0.8156762956212452,308.2844199089786,698.040027394377,956.1720094183638,900.8160110403078
0.7705775929546398,0.1755100789422891,0.6531456081786067,0.3817103436174128,0.365481807004074,0.9097533179236932,1264.4564367425965,698.0400205326778,4.544455747654989e-07,900.8160100448836
2.550113377522238,0.184855986196747,0.140191293819852,0.4374909750040366,0.6466774925698241,0.0894626504949905,308.28442154346175,698.0400260622939,956.1720094047336,900.8160107583808
0.704648239934968,0.2186318925159592,0.2779120552069303,0.284763227283201,0.101119680353701,0.9529018762877448,1264.4564313925637,698.040019059762,7.428316253917817e-06,900.816009894554
3.325500092079281,0.6188659627500144,0.6299107008683287,0.4367508961439018,0.9853716131731336,0.3682123716846603,308.28442080870343,698.0400266694039,956.1720093957676,900.816010892484
1.4746651929977037,0.3011291141857228,0.2327747031191305,0.1719607495870349,0.2073020458238437,0.7352843537775996,308.2844246266384,698.0400237259007,956.172009034148,900.8160104288108
0.9584052177605508,0.3617081055105006,0.5359293025812736,0.3646297504855371,0.1583873677598113,0.4450109499326732,308.2844272055753,698.0400216360284,956.1720087912712,900.8160101413496
4.0736726531915375,0.5951447785615398,1.0,0.1354420173104863,0.2385428909597201,0.3125403001767574,308.2844204384356,698.0400269861511,956.1720093976396,900.8160109428984
3.388000038309954,0.8068177315422375,0.451935253211282,0.3070360351835927,0.9012987192024706,0.5552383443702101,308.2844209153907,698.0400265862696,956.1720093868196,900.816010878191
4.436586629070966,0.1456230753503776,0.442661250603232,0.0024954813263954,0.6402324880957642,0.6788636323392373,448.8721939691088,698.0400245653202,815.5842385752019,900.8160108317708
3.813388473078001,0.2125007380294848,0.1732593658783611,0.2486982575498284,0.8124066525633462,0.8323043633327597,308.2844205422152,698.0400268939883,956.1720094017264,900.8160109275896
1.285669339421594,0.2378717875661961,0.2364280694714812,0.2632307272318822,0.7180423405296268,0.4908730875446631,308.28442609516605,698.0400223059805,956.1720091108488,900.8160102615898
0.6701499795704497,0.6667096928383014,0.882757597109945,0.4827355005505344,0.8619261951795607,0.3002271583071507,308.2844332739052,698.0400161512338,956.1720081995168,900.8160101920556
0.7295745275285036,0.0365072935904626,0.1256957832085191,0.2012172217250841,0.0347914067178013,0.3669227364861692,308.2844309984246,698.0400180523433,956.172008929938,900.8160097948676
0.401806191169146,0.006916374435396,0.2708146931302768,0.0590698575971345,0.5244072267144004,0.0016562107488643,767.9323459725414,238.39210386771836,956.1720088116124,900.8160091252054
3.82069461654885,0.2687801225492923,0.6532366363819502,0.09987367260609,1.0,0.782281958723405,308.28442074240274,698.0400267580491,956.172009361668,900.8160109039763
3.234413693715385,0.965963356114452,0.0,0.0,0.0228841572973172,0.1539139405296516,373.9484238268036,632.3760239096333,956.1720094025204,900.8160108455124
2.7892801858925447,0.7280658706389521,0.6879041208158956,0.0732414882102146,0.2009011705408108,0.777632369608067,308.2844216203744,698.0400261450006,956.1720092499332,900.816010796788
0.0096580877435309,0.6822130330098357,0.8833045770925829,0.039306116621174,0.2746087972248459,0.0307192385241575,1788.0482951933989,149.92658508624604,24.521577375860076,900.8160103725306
2.832936192358131,0.0365028416357242,0.4406760652644271,0.2852073490585217,0.8093733526322463,0.058848453699343,308.2844214366814,698.0400261596221,956.1720093944936,900.8160107777668
4.825798601337196,0.3580780574954296,0.8653719280532961,0.1283993411642497,0.0073474396502942,0.2658929196805444,308.28441994701706,698.0400273569304,956.1720094358805,900.8160110228448
4.143784709541077,0.6090732635019983,0.9541693068934068,0.1836232727355378,0.2498685555183022,0.2782994702640687,308.2844203427373,698.0400270547507,956.1720094087508,900.8160109584628
0.9080293904775822,0.3369530959373696,0.0488887897340787,0.2242998217056272,0.0666488411525843,0.227641466592355,308.28442969488526,698.0400190885458,956.1720091269534,900.8160098225436
1.8312308219799844,0.6989729005608178,0.995862060691198,0.0334784308293551,0.2992850554406841,0.7262504738118152,308.2844266448296,698.0400235950906,956.1720071382326,900.8160103945772
0.0849205441970658,0.7063601831221861,0.8903880847828435,0.3166571992488246,0.034083855579161,0.8083769946378602,1699.582767442493,262.9136924739116,-1.1642483592741623e-06,900.81600898298
2.277465808041045,0.2450603643495563,0.096884612650067,0.3539332256957989,1.0,0.4103536889096956,308.2844222763221,698.0400254655275,956.1720093561948,900.8160106720288
0.2414824301939183,0.9945760930410064,0.5783010126506679,0.4797551534091483,0.9450447056314546,0.8199061019858127,1699.5828640613377,262.91359108203574,2.9537215585457804e-06,900.8160096364228
3.611438769989516,0.376169709809164,0.6618293995647294,0.0695395514065259,0.9404663429456918,0.6309719969590595,308.28442066257645,698.0400268321913,956.1720093785392,900.8160109364136
3.189820642486682,0.3701851948115341,1.0,0.0094049963392118,0.0,0.1307764740888877,308.284420837253,698.0400267932453,956.1720093277902,900.8160110250744
3.279233201937571,0.6788870798607559,0.3192278876246949,0.1235225345295673,0.3291814914739647,0.6137824020380579,308.2844208521792,698.0400266728365,956.1720093885776,900.816010896908
2.2510826802465798,0.5577414719289499,0.4832861340798638,0.353219747858406,0.7795661391642797,0.5952655008517358,308.2844224210808,698.0400254111918,956.1720092728688,900.8160106650312
3.005780749489968,0.989234618374434,0.4064530246906106,0.3873386413062314,0.7993590218944845,0.7600965811312423,308.2844212531948,698.040026332237,956.1720093494868,900.8160108326854
0.4217476042318369,0.7226318233654907,0.1554497306791092,0.221623916887717,0.5218851064615615,0.1543434842764208,767.9324345659517,238.3920150218441,956.1720088705736,900.8160092761706
2.360698630938709,0.7166690066087552,0.0,0.0,0.5085295778019696,0.0,373.94842925346927,632.3760187889953,956.1720093593364,900.8160105412989
0.6450760121562229,0.578304415237695,0.076908061997245,0.4969044538440426,0.5563752338188642,0.8777189720137322,308.28443055687256,698.040018825264,956.1720083561272,900.816010036436
2.077625414141832,0.4886396554039418,0.1314438386194975,0.0995713575043648,0.4882331496310031,0.4966060436555664,308.28442286120844,698.040025019102,956.1720093096452,900.816010624077
2.816141941076178,0.0802906411886891,0.685718276697611,0.0786626555674389,0.8632023797517648,0.6075142621080192,308.28442155235325,698.040026157538,956.1720092985248,900.8160108035862
0.8583417391213082,0.0522900401255489,0.983292691921065,0.0023122446497095,0.5858449479193284,0.0093161157602391,1214.4815076571654,657.9017393381192,90.11321126664136,900.8160095566058
0.4544306287595319,0.4327544293841832,0.4055156946195093,0.0399833473004362,0.5097482885489586,0.7887201942763757,1699.5828626421835,262.9135963887319,-4.020738616341065e-07,900.8160091060386
0.0,0.5502551574144176,0.2926376158044479,0.0669804770680184,0.1882294475073529,0.0613144695517848,1006.3243312142646,0.0001220356204013,956.172006737404,900.8160077493004
2.4415555834866955,0.5943315293626701,0.4308783480503779,0.1003416239051943,0.3054364806286609,0.5583281720891428,308.2844225273978,698.0400253388634,956.172009271533,900.8160106327564
2.3585435544044118,0.9185252100970888,0.2675095457275187,0.3569192379612753,0.0488926239891193,0.5045144321640288,308.2844220439251,698.0400256984387,956.1720093343322,900.816010693107
2.3575483279669536,0.8775839975284375,0.2279587840260842,0.0436061065512723,0.9522288367040987,0.7658257423354838,308.2844216597736,698.0400260255359,956.172009330878,900.8160108820094
3.874629094236211,0.6441205138443319,0.334227920122032,0.2476121135399705,0.6372346362651407,0.5803464654787319,308.284420502482,698.0400269150784,956.17200941251,900.8160109352594
2.110027343720064,0.5749704456966876,0.2605779963223824,0.5,0.0,1.0,308.28442221442765,698.0400256613988,956.1720092191044,900.81601067511
1.4180328404224984,0.3756527541901091,0.4644019705261617,0.1080764731428176,0.5211507759360333,0.0757927527694624,308.28442372952753,698.0400242326608,956.1720093068212,900.8160106311002
3.086507734397079,0.7885422366178926,0.3636616096747251,0.0654063107365291,0.3710308187573754,0.0418027993388946,308.2844211246347,698.0400264187538,956.172009415483,900.8160108523936
2.2024993033431755,0.4533873219785855,1.0,0.4005877623174931,0.6509356219817203,1.0,308.28442235298496,698.0400258644107,956.1720088375968,900.8160107576236
4.406812060486248,0.7464639103846773,0.2213698130150721,0.2373436698078512,0.8599562300043079,0.1638328496282531,308.28442014961604,698.0400271675718,956.17200945167,900.8160109947554
2.4854552705039863,0.560087886070853,0.6091148456579807,0.3156716321398671,0.6077259656991172,0.1951619000628502,308.28442196855906,698.0400257434738,956.1720093463136,900.8160107112246
0.4909849552183842,0.8601666185679302,0.7910517844816325,0.1015398225517803,0.0778508628899815,0.9989237294064192,1498.203855575957,464.2926038738923,-1.268476826251568e-06,900.816009636996
2.313088486509651,0.9970448820379202,0.5521360869873632,0.1267104331931822,0.2736722832251508,0.3377764926612788,308.28442281178553,698.0400250699206,956.1720092838548,900.8160106052982
3.431161471742941,0.5635028331455548,0.821461258181711,0.4450365006795703,0.5590577555259358,0.9567990121331064,308.28442073021887,698.0400268022007,956.1720093247758,900.8160109087958
2.2977009234711763,0.0584041008396083,0.2761740643242779,0.1201352015184553,0.965660823501102,0.5979477473529865,308.2844228557093,698.0400250453167,956.172009271566,900.816010598343
0.4909849552183842,0.0472842911368432,0.9619375986424128,0.1015398225517803,0.4228786997084689,0.3195935434940256,1264.4564541704508,698.0400045400286,-3.1571217854602706e-07,900.8160093818112
4.261643373002681,0.1191226379291905,0.4198762703267569,0.4047048827411385,0.9140501392339472,0.2917819682722403,308.28442009372367,698.0400272257749,956.1720094429428,900.8160110009676
1.95455290771894,0.0342611579769899,0.627146523359033,0.4313802128730761,0.9474435797770144,0.6287088004473385,308.2844228378433,698.0400251357663,956.1720091872104,900.816010609992
4.5670681938168585,0.4914473465410662,0.6149685184460602,0.2254600094527663,0.5248322761613006,0.2988681400263331,308.28442004651066,698.0400272683415,956.1720094388158,900.8160110094648
1.7831196265256597,0.4321275231037585,0.4131564977191323,0.1230253343914981,0.5097482885489586,0.7168270775703214,308.2844238778767,698.0400243321693,956.1720090723956,900.8160105323544
0.8372949427907508,1.0,0.3892321757341896,0.3746159846658226,0.4021243337286873,0.2154603997301175,308.284430300537,698.04001833602,956.1720090708964,900.8160100671072
0.5743974541719997,0.6164344687984405,0.6052608929121077,0.2079252971354698,0.993278477805033,0.2949302695446951,767.9324375285476,238.39201345805495,956.1720072813436,900.8160094661262
4.440198483513714,0.0428709746438243,0.869949162907421,0.1264907361768397,0.8058561968630776,0.2978613191046429,308.2844201980621,698.0400271610724,956.172009420936,900.816010983886
4.391218137319949,0.6232312446514218,0.9861527983998304,0.3264804277165049,0.1215059017114122,0.5165315881642819,308.2844200852395,698.0400272628491,956.1720094108838,900.8160110043356
3.3500455991248708,0.9526616011170348,0.3134420521821459,0.4151824397070292,0.3934842735513775,0.4440510748988136,308.28442075981945,698.0400267063098,956.1720094080464,900.8160108921994
1.5099324452481075,0.1286916362886996,0.473864087479623,0.1599905459815614,0.3238143048537463,0.2483939140216433,308.28442579833506,698.0400226149843,956.1720091301512,900.8160101876424
1.3508138238337857,0.7635473461736803,0.9434445395468372,0.1848437537403879,0.7156864515775084,0.9194058663955438,1264.4564355698328,698.04002153864,4.055067446413471e-07,900.8160102595696
3.379679165470449,0.9323187404458834,0.6289985622816716,0.5,0.0,0.772926289013667,308.28442064978947,698.0400268366416,956.1720093684916,900.8160109109988
0.4909849552183842,0.818960087492111,0.7910517844816325,0.1015398225517803,0.4200146501930464,0.0,767.9324421522534,238.3920092110037,956.172007221569,900.8160091499848
0.5416365842199038,0.9949722096777922,0.1274557253642603,0.1309872521392505,0.2024999633902916,0.5382060244535576,767.932425484685,238.39202517749567,956.1720077833368,900.8160092890016
4.529318902531946,0.4129139530502525,0.7797714196564097,0.3684708812200629,0.8777028070478008,0.0530620231416686,308.284419983737,698.0400273092588,956.1720094469518,900.8160110227224
1.4140372633501042,0.8201214316813558,0.7675042014493384,0.3082177192690358,0.34801578390133,0.1004295740510406,308.28442514564983,698.0400231151964,956.172009157892,900.8160103542768
1.9395441463869536,0.2239107916670361,0.6181816821382177,0.4278456128023059,0.918105612727218,0.3229372478686678,308.28442283754504,698.0400250539369,956.1720092750631,900.8160106043196
4.432085670864229,0.7718484592092802,0.8464990986619375,0.2818088684654349,0.40293389335343,0.7001762761967667,308.2844201211569,698.0400272336475,956.1720094056236,900.8160110029236
2.0276700895679696,0.6047384444964178,0.3661677783216279,0.1368556920557096,0.0625002004327042,0.5547436063630654,308.2844233664806,698.0400246721971,956.1720092154284,900.8160105176252
1.7139554076739754,0.3316884535388834,0.460395117679737,0.1022457286273668,0.4710385203440549,0.6754268031079482,308.28442490737024,698.0400235281636,956.1720089615588,900.8160103757748
3.416820336928782,0.1687948848513874,0.9839516263417788,0.2198509701341043,0.6138906603711403,0.0588131202521764,308.28442089013583,698.0400266225066,956.1720093880951,900.8160108661892
2.283632670828056,0.0427529369580449,0.6188890411562493,0.2938345341928849,0.3329077245045704,0.5401794378506437,308.28442230060585,698.0400255623647,956.1720092528852,900.8160106544398
4.4468151799179845,0.1455064490776291,0.4506389553310906,0.0096962442122451,0.637222314011047,0.6892363328476252,308.2844198324857,698.0400275965468,956.172009401472,900.8160111944652
1.9884656847980355,0.0,0.0,0.5,0.4557154898485547,0.6731438386825128,308.28442232649587,698.0400254799922,956.1720093206844,900.8160106432562
0.872234730962145,1.0,0.0,0.5,0.8204037619010185,1.0,308.2844307047872,698.0400182184995,956.1720086591348,900.8160101915424
2.869376970022895,0.6108168465182631,1.0,0.0,0.0,1.0,1254.622068383281,684.5688480593101,23.305541106627903,900.8160102667972
0.6150211674661891,0.7545068407790985,0.2864644230079056,0.2931253668603313,0.6083643195704473,0.0643663609084594,312.75733498820426,693.5671131886699,956.1720092688888,900.8160104975613
2.048197131848009,0.1455064490776291,0.4506389553310906,0.0094432848294832,0.6355559631799245,0.1793361620929409,308.2844227065816,698.0400251100801,956.1720093310996,900.816010794234
1.255302917550801,0.240953436685851,0.4979293893963868,0.2901048911264413,0.3921881441616545,0.6582996390568203,308.284426117657,698.0400226695336,956.1720087233468,900.816010263042
0.4185224942440452,0.398465500771642,0.0960308518484306,0.2167687134856285,0.1442685972769438,0.7694364780954636,591.5366754851916,698.0400122054434,672.9197702831314,900.8160098863832
2.124840010601992,0.8349418721067701,0.0,0.0,0.7910756457827429,1.0,849.6766474642234,238.39204950123863,874.427760977305,900.816009832675
3.7278549463320183,0.7121668545790405,0.4027200679766759,0.1101633596956178,0.8374009327584414,0.7566376879710326,308.28442081593965,698.0400266791489,956.1720093786648,900.8160108926056
2.796089138788192,0.3107862734028106,0.9552273622144076,0.3163495295020634,0.170595708575704,0.585576565374056,308.28442150058083,698.0400262208888,956.172009269037,900.8160107780508
2.4066773400191863,0.1974987949238854,0.8748130984312885,0.1874686154042064,0.6813651152610232,0.4684018875631508,308.2844224621841,698.0400254437743,956.1720092119742,900.8160106523892
4.331320404198083,0.4770769858448634,0.586561834490978,0.2183367706258614,0.5507765451787792,0.3176617036567001,308.28442019116784,698.0400271570011,956.17200943146,900.8160109843182
1.7069675754073466,0.3215712379481577,0.4296502814231557,0.3583819215089041,0.653099247872154,0.4954252137093398,308.2844236653772,698.0400243992707,956.1720092068527,900.8160105003922
